Data_vygruzki,kadastr,object_type,build_year,name,wall_material,Etazh_raspolozheniya__dlya_pomescheniya__MM_,God_vvoda,Kod_podgruppy__iz_perechnya_,KN_roditelskogo_obyekta__dlya_pomescheniy_,Etazhnost__dlya_zdaniya__roditelya_,Naznachenie,Kod_NP__iz_perechnya_,Kod_rascheta_vida_ispolzovaniya__iz_perechnya_,address,permitted_use,Kategoriya,Vid_kharakteristiki,deal_type,KN_ZU__v_granitsakh_kotorogo_raspolozhen_OKS,Nalichie_OKS_v_granitsakh_ZU,Data_vydachi__dokumenta_osnovaniya,Data_registratsii_prava,price_per_sqm,Vid_zaregistrirovannogo_prava__Kod_,Kolichestvo_obyektov_nedvizhimosti,KS_s_perechnya,Dolya_CHislitel,Dolya_Znamenatel,sravnenie,Razmer_priobretaemoy_doli_ili_razmery_priobretaemykh_doley,ploshad_zu_v_sostave,area,price_total,Маркер_Выброса,object_type_code,wall_material_code
2025-04-01,89:11:040101:4132,Земельный участок,2015.0,,,,,,,,,11:0,13:021,"Ямало-Ненецкий автономный округ, городской округ город Новый Уренгой, город Новый Уренгой, садовое товарищество ДНТ Титан, улица Лучистая, земельный участок 21",Ведение дачного хозяйства,Земли населенных пунктов,площадь,Купля-продажа,,0,2024-12-25,2025-02-11,3583.3333333333335,001001000000,1,738318.0,,,нет,,,600.0,2150000.0,,1.0,0.0
2025-04-01,89:08:070101:1029,Земельный участок,2015.0,,,,,,,,,8:2,13:021,"Ямало-Ненецкий автономный округ, Городской округ город Салехард, ДНТ ""Север"", ул Нагорная, участок № 26",ведение садоводства (13.2),Земли сельскохозяйственного назначения,площадь,Купля-продажа,,0,2025-02-21,2025-02-24,2145.922746781116,001001000000,1,626870.19,,,нет,,,699.0,1500000.0,,1.0,0.0
2025-04-01,89:12:110807:22,Земельный участок,2015.0,,,,,,,,,12:0,02:071,"Ямало-Ненецкий автономный округ, г Ноябрьск, ГК Ханто-1, ряд 5, гараж №47",для размещения гаражей и автостоянок,Земли населенных пунктов,площадь,Купля-продажа,,0,2025-03-27,2025-03-31,9090.90909090909,001001000000,1,60045.84,,,нет,,,22.0,200000.0,,1.0,0.0
2025-08-01,89:05:030301:3840,Земельный участок,2015.0,,,,,,,,,,02:071,"Ямало-Ненецкий автономный округ, г Губкинский, ул Лермонтова, коллективные гаражи, ряд №3, участок №1",хранение автотранспорта (код 2.7.1),Земли населенных пунктов,площадь,Купля-продажа,,89:05:030301:4164,2025-03-24,2025-04-23,1390.49,001001000000,1,,,,,,,64.0,88991.36,,1.0,0.0
2025-11-01,89:03:040101:70,Земельный участок,2015.0,,,,,,,,,,02:071,"Ямало-Ненецкий автономный округ, р-н Ямальский, с Яр-Сале, ул Советская, 58/1",объекты гаражного назначения,Земли населенных пунктов,площадь,Купля-продажа,,89:03:040101:726,2025-09-24,2025-09-25,8333.333333333334,001001000000,1,,,,,,,120.0,1000000.0,,1.0,0.0
2026-01-04,89:14:020102:105,Земельный участок,2015.0,,,,,,,,,,,"Ямало-Ненецкий автономный округ, г Губкинский, объект 0008,, панель II, дом 3",Ремонт автомобилей (4.9.1.4),003002000000,Площадь,Купля-продажа,,,2019-03-04,2026-03-05,634.6153846153846,001002000000,1,,,,,,,1040.0,660000.0,,1.0,0.0
2025-04-01,89:11:040201:210,Земельный участок,2015.0,,,,,,,,,11:0,02:011,"Ямало-Ненецкий автономный округ, г Новый Уренгой, восточнее мкр. Восточный",Для индивидуального жилищного строительства,Земли населенных пунктов,площадь,Купля-продажа,,0,2024-12-28,2025-01-10,8333.333333333334,001001000000,1,2489430.0,,,нет,,,600.0,5000000.0,,1.0,0.0
2025-04-01,89:08:010102:12,Земельный участок,2015.0,,,,,,,,,8:0,02:011,"Ямало-Ненецкий автономный округ, городской округ город Салехард, город Салехард, улица Н.Сандалова, земельный участок 7",Для индивидуального жилищного строительства,Земли населенных пунктов,площадь,Купля-продажа,,89:08:010102:314;89:08:000000:2685;89:08:000000:2686,2024-12-27,2025-01-10,5489.260143198091,001001000000,1,2851554.78,,,нет,,,838.0,4600000.0,,1.0,0.0
2025-04-01,89:12:110805:2,Земельный участок,2015.0,,,,,,,,,12:0,02:071,"Ямало-Ненецкий автономный округ, г Ноябрьск, ГК Ханто-1, блок 34, гараж 20",для размещения гаражей и автостоянок,Земли населенных пунктов,площадь,Купля-продажа,,0,2024-12-28,2025-01-10,25000.0,001001000000,1,60045.84,,,нет,,,24.0,600000.0,,1.0,0.0
2025-04-01,89:12:110616:6734,Земельный участок,2015.0,,,,,,,,,12:0,02:071,"Ямало-Ненецкий автономный округ, городской округ город Ноябрьск, город Ноябрьск, улица Холмогорская, земельный участок 31а/35",Размещение гаражей для собственных нужд,Земли населенных пунктов,площадь,Купля-продажа,,0,2024-12-30,2025-01-10,34672.65567314792,001001000000,1,0.0,,,нет,,,42.0,1668000.0,Выброс,1.0,0.0
2025-04-01,89:05:030605:5154,Земельный участок,2015.0,,,,,,,,,5:2,06:090,"Ямало-Ненецкий автономный округ, Пуровский район, сельское поселение поселок Пурпе, поселок Пурпе-1, микрорайон Промышленный, участок № 17",склады (код 6.9),"Земли промышленности, энергетики, транспорта, связи, радиовещания, телевидения, информатики, земли для обеспечения космической деятельности, земли обороны, безопасности и земли иного специального назначения",площадь,Купля-продажа,,89:05:030301:2042;89:05:030301:4526,2024-12-12,2025-01-10,412.9955947136564,001001000000,1,126248.32,,,нет,,,7264.0,3000000.0,,1.0,0.0
2025-04-01,89:12:120102:137,Земельный участок,2015.0,,,,,,,,,12:1,13:021,"Ямало-Ненецкий автономный округ, г Ноябрьск, 29-й км окружной автомобильной дороги Подъезд к г Ноябрьску, проезд 12, участок 32","земельные участки, находящиеся в составе дачных, садоводческих и огороднических объединений",Земли сельскохозяйственного назначения,площадь,Купля-продажа,,89:12:120102:159,2025-01-09,2025-01-13,3211.517165005537,001001000000,1,428383.2,,,нет,,,903.0,2900000.0,,1.0,0.0
2025-04-01,89:04:020106:219,Земельный участок,2015.0,,,,,,,,,4:0,02:011,"Ямало-Ненецкий автономный округ, Надымский муниципальный район, Городское поселение поселок Пангоды, пгт Пангоды, мкр 10, участок № 61а","Земельные участки, предназначенные для размещения домов малоэтажной жилой застройки, в том числе индивидуальной жилой застройки",Земли населенных пунктов,площадь,Купля-продажа,,89:04:020106:927,2024-12-03,2025-01-13,694.6800000000001,001001000000,1,486276.0,,,нет,,,699.0,485581.32,,1.0,0.0
2025-04-01,89:12:110804:34,Земельный участок,2015.0,,,,,,,,,12:0,02:071,"Ямало-Ненецкий автономный округ, г Ноябрьск, ГК Ханто-1, ряд 1, гараж №85",для размещения гаражей и автостоянок,Земли населенных пунктов,площадь,Купля-продажа,,0,2024-12-29,2025-01-13,21428.571428571428,001001000000,1,70053.48,,,нет,,,28.0,600000.0,,1.0,0.0
2025-04-01,89:11:040101:7979,Земельный участок,2015.0,,,,,,,,,11:0,13:021,"Ямало-Ненецкий автономный округ, городской округ город Новый Уренгой, город Новый Уренгой, район Северный",Ведение садоводства (код 13.2),Земли населенных пунктов,площадь,Купля-продажа,,0,2024-12-04,2025-01-13,246.106,001001000000,1,756775.9499999998,,,нет,,,615.0,151355.19,,1.0,0.0
2025-04-01,89:05:020113:279,Земельный участок,2015.0,,,,,,,,,5:0,02:071,"Ямало-Ненецкий автономный округ, р-н Пуровский, г Тарко-Сале, район промбазы НГРЭИС, ряд 10, участок №16",хранение автотранспорта(2.7.1),Земли населенных пунктов,площадь,Купля-продажа,,89:05:020113:641,2024-12-26,2025-01-14,3174.39,001001000000,1,136498.77,,,да,,,43.0,136498.77,,1.0,0.0
2025-04-01,89:05:020113:164,Земельный участок,2015.0,,,,,,,,,5:0,02:071,"Ямало-Ненецкий автономный округ, р-н Пуровский, г Тарко-Сале, район промбазы НГРЭИС, ряд №3, участок №20",Хранение автотранспорта (код 2.7.1),Земли населенных пунктов,площадь,Купля-продажа,,0,2024-12-30,2025-01-14,24242.424242424244,001001000000,1,104754.87,,,нет,,,33.0,800000.0,,1.0,0.0
2025-04-01,89:05:020113:277,Земельный участок,2015.0,,,,,,,,,5:0,02:071,"Ямало-Ненецкий автономный округ, р-н Пуровский, г Тарко-Сале, район промбазы НГРЭИС, ряд 10, участок №14",хранение автотранспорта(2.7.1),Земли населенных пунктов,площадь,Купля-продажа,,89:05:020113:649,2024-12-26,2025-01-14,3174.39,001001000000,1,136498.77,,,да,,,43.0,136498.77,,1.0,0.0
2025-04-01,89:05:020120:128,Земельный участок,2015.0,,,,,,,,,5:0,02:071,"Ямало-Ненецкий автономный округ, р-н Пуровский, г Тарко-Сале, р-н котельной №4, участок №13",хранение автотранспорта (код 2.7.1),Земли населенных пунктов,площадь,Купля-продажа,,0,2024-12-26,2025-01-14,3399.77,001001000000,1,101993.1,,,да,,,30.0,101993.1,,1.0,0.0
2025-04-01,89:10:010307:1637,Земельный участок,2015.0,,,,,,,,,10:0,02:071,"Ямало-Ненецкий автономный округ, муниципальный округ Надымский район, город Надым, проезд 7-й, земельный участок 7/6/61",хранение автотранспорта (код 2.7.1),Земли населенных пунктов,площадь,Купля-продажа,,0,2024-12-06,2025-01-14,27027.027027027027,001001000000,1,72617.67999999998,,,нет,,,37.0,1000000.0,,1.0,0.0
2025-04-01,89:13:010110:40,Земельный участок,2015.0,,,,,,,,,13:0,02:071,"Ямало-Ненецкий автономный округ, г Муравленко, ул Дружбы Народов, гаражный комплекс 2, секция 1, бокс 6",объекты гаражного назначения,Земли населенных пунктов,площадь,Купля-продажа,,89:13:010101:163,2024-12-25,2025-01-14,7821.360000000001,001001000000,1,84703.05,,,нет,,,45.0,351961.2,,1.0,0.0
2025-04-01,89:08:040201:1491,Земельный участок,2015.0,,,,,,,,,8:0,02:011,"Ямало-Ненецкий автономный округ, городской округ город Салехард, город Салехард, улица Ангальский Мыс","Для индивидуального жилищного строительства, код 2.1.",Земли населенных пунктов,площадь,Купля-продажа,,89:08:040201:599,2024-12-16,2025-01-16,227.61797244094487,001001000000,1,1450370.48,,,нет,,,508.0,115629.93,,1.0,0.0
2025-04-01,89:12:110808:160,Земельный участок,2015.0,,,,,,,,,12:0,02:071,"Ямало-Ненецкий автономный округ, г Ноябрьск, ГК ""Ханто-1"", ряд 42, гараж 62","земельные участки, предназначенные для размещения гаражей и автостоянок",Земли населенных пунктов,площадь,Купля-продажа,,0,2025-01-18,2025-01-22,32500.0,001001000000,1,60045.84,,,нет,,,24.0,780000.0,,1.0,0.0
2025-04-01,89:08:010108:69,Земельный участок,2015.0,,,,,,,,,8:0,02:071,"Ямало-Ненецкий автономный округ, г Салехард, ул Кирпичная, дом 21",Объекты гаражного назначения,Земли населенных пунктов,площадь,Купля-продажа,,0,2025-01-20,2025-01-22,34672.65567314792,001001000000,1,127399.04,,,нет,,,32.0,2250000.0,Выброс,1.0,0.0
2025-04-01,89:12:000000:6558,Земельный участок,2015.0,,,,,,,,,12:0,02:071,"Ямало-Ненецкий автономный округ, г Ноябрьск, ГК ""Пелей-3"", ряд 7, гараж 41",Размещение гаражей для собственных нужд,Земли населенных пунктов,площадь,Купля-продажа,,89:12:000000:7025,2025-01-20,2025-01-22,2501.9100000000003,001001000000,1,65049.66,,,да,,,26.0,65049.66,,1.0,0.0
2025-04-01,89:14:020102:1502,Земельный участок,2015.0,,,,,,,,,14:0,02:071,"Ямало-Ненецкий автономный округ, городской округ город Губкинский, город Губкинский, территория Панель 2",Размещение гаражей для собственных нужд (2.7.2),Земли населенных пунктов,площадь,Купля-продажа,,0,2025-01-20,2025-01-23,1540.5405405405406,001001000000,1,80501.64,,,нет,,,37.0,57000.0,,1.0,0.0
2025-04-01,89:12:110907:62,Земельный участок,2015.0,,,,,,,,,12:0,02:071,"Ямало-Ненецкий автономный округ, г Ноябрьск, ГК Пелей-5, ряд 60А, гараж № 7","земельные участки, предназначенные для разработки полезных ископаемых, размещения ж/д путей, автомобильных дорог, искусственно созданных внутренних водных путей, причалов, пристаней, полос отвода железных и автомобильных дорог, водных путей, трубопроводов, кабельных, радиорелейных и воздушных линий связи и линий радиофикации, воздушных линий электропередачи конструктивных элементов и сооружений, объектов, необходимых для эксплуатации, содержания, содержания, строительства, реконструкции, ремонта, развития наземных и подземных зданий, строений, сооружений, устройств транспорта, энергетики и связи; размещения наземных сооружений и инфраструктуры спутниковой связи, объектов космической деятельности, военных объектов",Земли населенных пунктов,площадь,Купля-продажа,,0,2025-01-24,2025-01-27,31250.0,001001000000,1,60045.84,,,нет,,,24.0,750000.0,,1.0,0.0
2025-04-01,89:05:020112:268,Земельный участок,2015.0,,,,,,,,,5:0,02:011,"Ямало-Ненецкий автономный округ, р-н Пуровский, г Тарко-Сале, мкр Окуневый, участок № 72.",Для индивидуального жилищного строительства,Земли населенных пунктов,площадь,Купля-продажа,,0,2025-01-21,2025-01-27,1079.734219269103,001001000000,1,1627537.1,,,нет,,,602.0,650000.0,,1.0,0.0
2025-04-01,89:08:070101:2633,Земельный участок,2015.0,,,,,,,,,8:2,01:000,"Ямало-Ненецкий автономный округ, Городской округ город Салехард, Фермерское хозяйство-1, Участок № 31","сельскохозяйственное использование, код 1.0",Земли сельскохозяйственного назначения,площадь,Купля-продажа,,0,2025-01-25,2025-01-28,759.0132827324478,001001000000,1,700.91,,,нет,,,527.0,400000.0,,1.0,0.0
2025-04-01,89:04:020106:2289,Земельный участок,2015.0,,,,,,,,,4:0,02:071,"Ямало-Ненецкий автономный округ, муниципальный округ Надымский район, поселок городского типа Пангоды, территория КСЭГ Таежный-2001, земельный участок 5/21",Хранение автотранспорта (код 2.7.1),Земли населенных пунктов,площадь,Купля-продажа,,0,2025-01-24,2025-01-28,8620.689655172413,001001000000,1,41850.48,,,нет,,,29.0,250000.0,,1.0,0.0
2025-04-01,89:14:010125:423,Земельный участок,2015.0,,,,,,,,,14:0,02:071,"Ямало-Ненецкий автономный округ, г Губкинский, гаражный массив 11, блок 6/Д, гараж 8",хранение автотранспорта(2.7.1),Земли населенных пунктов,площадь,Купля-продажа,,0,2025-01-28,2025-01-29,15918.367346938776,001001000000,1,133596.54,,,нет,,,49.0,780000.0,,1.0,0.0
2025-04-01,89:12:160107:4,Земельный участок,2015.0,,,,,,,,,12:0:2,02:011,"Ямало-Ненецкий автономный округ, Городской округ город Ноябрьск, г Ноябрьск, мкр Вынгапуровский, ул Ленина, участок № 11",Земли населенных пунктов,Земли населенных пунктов,площадь,Купля-продажа,,89:12:000000:10175; 89:12:000000:10176; 89:12:000000:10177; 89:12:160107:63,2025-01-29,2025-01-31,13343.799058084773,001001000000,1,552909.63,,,нет,,,637.0,8500000.0,,1.0,0.0
2025-04-01,89:08:010108:876,Земельный участок,2015.0,,,,,,,,,8:0,02:011,"Ямало-Ненецкий автономный округ, г Салехард, ул Набережная, земельный участок 49а","для индивидуального жилищного строительства, код 2.1",Земли населенных пунктов,площадь,Купля-продажа,,89:08:010108:1060;89:08:010108:161,2025-01-30,2025-02-03,11135.8574610245,001001000000,1,3055723.38,,,нет,,,898.0,10000000.0,,1.0,0.0
2025-04-01,89:08:010301:12,Земельный участок,2015.0,,,,,,,,,8:0,06:000,"Ямало-Ненецкий автономный округ, городской округ город Салехард, город Салехард, улица Броднева, земельный участок 40в","производственная деятельность, код 6.0.",Земли населенных пунктов,площадь,Купля-продажа,,89:08:000000:1282;89:08:010305:476;89:08:010305:477;89:08:010305:478;89:08:010305:479;89:08:010305:480;89:08:010305:481;89:08:010305:482;89:08:010305:483;89:08:010305:484;89:08:010305:485,2025-02-03,2025-02-03,13664.596273291925,001001000000,1,455605.85,,,нет,,,805.0,11000000.0,,1.0,0.0
2025-04-01,89:14:030103:2633,Земельный участок,2015.0,,,,,,,,,14:1,13:011,"Ямало-Ненецкий автономный округ, городской округ город Губкинский, город Губкинский, зона (массив) Садово-огороднический, линия 6, земельный участок 332",ведение огородничества (13.1),Земли сельскохозяйственного назначения,площадь,Купля-продажа,,0,2024-12-26,2025-02-03,469.97999999999996,001001000000,1,266478.66,,,да,,,567.0,266478.66,,1.0,0.0
2025-04-01,89:08:070101:2273,Земельный участок,2015.0,,,,,,,,,8:2,13:021,"Ямало-Ненецкий автономный округ, городской округ город Салехард, территория дачного некоммерческого товарищества «Север», улица Грибная, земельный участок 75в","ведение садоводства, код 13.2.",Земли сельскохозяйственного назначения,площадь,Купля-продажа,,0,2025-02-01,2025-02-04,2098.7394957983192,001001000000,1,426881.56,,,нет,,,476.0,999000.0,,1.0,0.0
2025-04-01,89:11:040101:7582,Земельный участок,2015.0,,,,,,,,,11:0,13:021,"Ямало-Ненецкий автономный округ, г Новый Уренгой, район Северный",Ведение садоводства,Земли населенных пунктов,площадь,Купля-продажа,,0,2025-01-20,2025-02-06,246.1044776119403,001001000000,1,742009.5899999999,,,нет,,,603.0,148401.0,,1.0,0.0
2025-04-01,89:08:010305:1968,Земельный участок,2015.0,,,,,,,,,8:0,02:011,"Ямало-Ненецкий автономный округ, городской округ город Салехард, город Салехард, улица Набережная, земельный участок 78а","для индивидуального жилищного строительства, код 2.1.",Земли населенных пунктов,площадь,Купля-продажа,,89:08:010305:2035;89:08:010305:3433,2025-02-08,2025-02-10,31565.217391304348,001003000000,1,2054446.25,,,нет,,,575.0,18150000.0,,1.0,0.0
2025-04-01,89:03:020502:234,Земельный участок,2015.0,,,,,,,,,3:1,02:011,"Ямало-Ненецкий автономный округ, муниципальный округ Ямальский район, село Новый Порт, улица Вануйто Папули, земельный участок 15",для индивидуального жилищного строительства (2.1),Земли населенных пунктов,площадь,Купля-продажа,,89:03:020501:492;89:03:020502:1110,2025-01-31,2025-02-11,11144.130757800891,001001000000,1,310609.69,,,нет,,,673.0,7500000.0,,1.0,0.0
2025-04-01,89:08:070101:6673,Земельный участок,2015.0,,,,,,,,,8:2,01:050,"Ямало-Ненецкий автономный округ, г Салехард, тер Фермерское хозяйство-2",Садоводство (1.5),Земли сельскохозяйственного назначения,площадь,Купля-продажа,,0,2025-02-10,2025-02-12,100.20040080160321,001001000000,1,99151.3,,,нет,,,998.0,100000.0,,1.0,0.0
2025-04-01,89:08:010304:481,Земельный участок,2015.0,,,,,,,,,8:0,02:011,"Ямало-Ненецкий автономный округ, городской округ город Салехард, город Салехард, улица 3-я Береговая, земельный участок 5","для индивидуального жилищного строительства, код 2.1.",Земли населенных пунктов,площадь,Купля-продажа,,89:08:010304:2652;89:08:010304:3344,2025-02-07,2025-02-12,9771.98697068404,001001000000,1,1486113.32,,,нет,,,614.0,6000000.0,,1.0,0.0
2025-04-01,89:12:110817:93,Земельный участок,2015.0,,,,,,,,,12:0,02:071,"Ямало-Ненецкий автономный округ, г Ноябрьск, ГК Ханто-2, ряд 14, гараж №24",для размещения гаражей и автостоянок,Земли населенных пунктов,площадь,Купля-продажа,,0,2025-02-11,2025-02-13,28000.0,001001000000,1,60045.84,,,нет,,,25.0,700000.0,,1.0,0.0
2025-04-01,89:11:040101:3591,Земельный участок,2015.0,,,,,,,,,11:0,13:021,"Ямало-Ненецкий автономный округ, г Новый Уренгой, район Северный, на территории дачного некоммерческого товарищества «Лира»",ведение дачного хозяйства,Земли населенных пунктов,площадь,Купля-продажа,,89:11:040101:5201,2025-02-10,2025-02-13,7666.666666666667,001001000000,1,738318.0,,,нет,,,600.0,4600000.0,,1.0,0.0
2025-04-01,89:14:030103:2630,Земельный участок,2015.0,,,,,,,,,14:1,13:021,"Ямало-Ненецкий автономный округ, городской округ город Губкинский, город Губкинский, зона (массив) Садово-огороднический, линия 8, земельный участок 721",Ведение садоводства,Земли сельскохозяйственного назначения,площадь,Купля-продажа,,0,2025-02-10,2025-02-14,1846.3073852295408,001001000000,1,235459.98,,,нет,,,501.0,925000.0,,1.0,0.0
2025-04-01,89:11:030301:3243,Земельный участок,2015.0,,,,,,,,,11:0,13:021,"Ямало-Ненецкий автономный округ, г Новый Уренгой, в районе Южный, на территории потребительского кооператива ""Дачный кооператив ""Простоквашино""",малоэтажная жилая застройка (индивидуальное жилищное строительство; размещение дачных домов и садовых домов),Земли населенных пунктов,площадь,Купля-продажа,,89:11:030301:3989,2025-02-11,2025-02-14,1709.4017094017095,001001000000,1,604679.4,,,нет,,,585.0,1000000.0,,1.0,0.0
2025-04-01,89:08:070101:6855,Земельный участок,2015.0,,,,,,,,,8:2,13:021,"Ямало-Ненецкий автономный округ, г Салехард, ДНТ Север,улица Таёжная","ведение садоводства, код 13.2",Земли сельскохозяйственного назначения,площадь,Купля-продажа,,0,2025-02-13,2025-02-17,17293.233082706767,001001000000,1,596378.65,,,нет,,,665.0,11500000.0,,1.0,0.0
2025-04-01,89:11:040101:7994,Земельный участок,2015.0,,,,,,,,,11:0,13:021,"Ямало-Ненецкий автономный округ, городской округ город Новый Уренгой, город Новый Уренгой, район Северный",Ведение садоводства (код 13.2),Земли населенных пунктов,площадь,Купля-продажа,,0,2024-12-25,2025-02-17,246.105993485342,001001000000,1,755545.42,,,нет,,,614.0,151109.08,,1.0,0.0
2025-04-01,89:05:020113:262,Земельный участок,2015.0,,,,,,,,,5:0,04:010,"Ямало-Ненецкий автономный округ, р-н Пуровский, г Тарко-Сале, г Тарко-Сале, промзона",деловое управление,Земли населенных пунктов,площадь,Купля-продажа,,89:05:020113:378,2025-01-29,2025-02-17,2038.3199632352942,001001000000,1,745464.9599999998,,,нет,,,544.0,1108846.06,,1.0,0.0
2025-04-01,89:11:040101:7897,Земельный участок,2015.0,,,,,,,,,11:0,13:021,"Ямало-Ненецкий автономный округ, г Новый Уренгой, район Северный",Ведение садоводства (код 13.2),Земли населенных пунктов,площадь,Купля-продажа,,0,2025-01-29,2025-02-17,246.10600000000002,001001000000,1,1476636.0,,,нет,,,1200.0,295327.2,,1.0,0.0
2025-04-01,89:09:110402:33,Земельный участок,2015.0,,,,,,,,,9:2,02:071,"Ямало-Ненецкий автономный округ, р-н Приуральский, п Харп, кв-л Северный, дом 3",хранение автотранспорта (код 2.7.1),Земли населенных пунктов,площадь,Купля-продажа,,0,2025-02-14,2025-02-18,25666.666666666668,001001000000,1,107709.0,,,нет,,,60.0,1540000.0,,1.0,0.0
2025-04-01,89:12:110815:23,Земельный участок,2015.0,,,,,,,,,12:0,02:071,"Ямало-Ненецкий автономный округ, г Ноябрьск, ГК Ханто-2, ряд 47, гараж 58",для размещения гаражей и автостоянок,Земли населенных пунктов,площадь,Купля-продажа,,0,2025-02-14,2025-02-18,18260.869565217392,001001000000,1,60045.84,,,нет,,,23.0,420000.0,,1.0,0.0
2025-04-01,89:12:110403:1654,Земельный участок,2015.0,,,,,,,,,12:0,02:071,"Ямало-Ненецкий автономный округ, город  Ноябрьск, ул. Строителей, земельный участок 4/42",размещение гаражей для собственных нужд,Земли населенных пунктов,площадь,Купля-продажа,,89:12:110403:699,2025-02-13,2025-02-19,2551.9500000000003,001001000000,1,0.0,,,нет,,,24.0,61246.8,,1.0,0.0
2025-04-01,89:12:110403:1655,Земельный участок,2015.0,,,,,,,,,12:0,02:071,"Ямало-Ненецкий автономный округ, город  Ноябрьск, ул. Строителей, земельный участок 4/43",размещение гаражей для собственных нужд,Земли населенных пунктов,площадь,Купля-продажа,,89:12:110403:695,2025-02-13,2025-02-19,2551.9500000000003,001001000000,1,0.0,,,нет,,,24.0,61246.8,,1.0,0.0
2025-04-01,89:12:110814:470,Земельный участок,2015.0,,,,,,,,,12:0,02:071,"Ямало-Ненецкий автономный округ, г Ноябрьск, Гаражный комплекс Ханто-2, ряд 11, гараж 46","земельные участки, предназначенные для размещения гаражей и автостоянок",Земли населенных пунктов,площадь,Купля-продажа,,0,2025-02-15,2025-02-19,28000.0,001001000000,1,60045.84,,,нет,,,25.0,700000.0,,1.0,0.0
2025-04-01,89:12:110603:2923,Земельный участок,2015.0,,,,,,,,,12:0,02:071,"Ямало-Ненецкий автономный округ, городской округ город Ноябрьск, город Ноябрьск, улица Советская, земельный участок 24г/2",размещение гаражей для собственных нужд (код 2.7.2),Земли населенных пунктов,площадь,Купля-продажа,,0,2025-02-15,2025-02-19,25000.0,001001000000,1,0.0,,,нет,,,26.0,650000.0,,1.0,0.0
2025-04-01,89:10:010306:4239,Земельный участок,2015.0,,,,,,,,,10:0,02:071,"Ямало-Ненецкий автономный округ, г Надым, проезд 15, земельный участок 8/1/2",хранение автотранспорта (код 2.7.1),Земли населенных пунктов,площадь,Купля-продажа,,0,2024-11-21,2025-02-19,11875.0,001001000000,1,47103.36,,,нет,,,24.0,285000.0,,1.0,0.0
2025-04-01,89:12:110903:83,Земельный участок,2015.0,,,,,,,,,12:0,02:071,"Ямало-Ненецкий автономный округ, г Ноябрьск, ул Магистральная, ГПК ""Магистраль"", ряд 4, гараж 4","земельные участки, предназначенные для размещения гаражей и автостоянок",Земли населенных пунктов,площадь,Купля-продажа,,0,2025-02-15,2025-02-19,9677.41935483871,001001000000,1,77559.21,,,нет,,,31.0,300000.0,,1.0,0.0
2025-04-01,89:11:040101:8101,Земельный участок,2015.0,,,,,,,,,11:0,13:021,"Ямало-Ненецкий автономный округ, городской округ город Новый Уренгой, город Новый Уренгой, район Северный",Ведение садоводства (код 13.2),Земли населенных пунктов,площадь,Купля-продажа,,0,2025-02-18,2025-02-20,1666.6666666666667,001001000000,1,0.0,,,нет,,,600.0,1000000.0,,1.0,0.0
2025-04-01,89:07:010101:6389,Земельный участок,2015.0,,,,,,,,,7:0,02:031,"Ямало-Ненецкий автономный округ, р-н Красноселькупский, с Красноселькуп, ул Восточная, д 14",блокированная жилая застройка,Земли населенных пунктов,площадь,Купля-продажа,,89:07:010101:6372,2024-12-31,2025-02-20,5384.615384615385,001001000000,1,454278.5,,,нет,,,650.0,3500000.0,,1.0,0.0
2025-04-01,89:11:030301:1445,Земельный участок,2015.0,,,,,,,,,11:0,13:021,"Ямало-Ненецкий автономный округ, г Новый Уренгой, Восточная промзона, ДПК Дунай",малоэтажная жилая застройка (индивидуальное жилищное строительство; размещение дачных домов и садовых домов),Земли населенных пунктов,площадь,Купля-продажа,,89:11:030301:4484,2025-02-20,2025-02-21,10975.609756097561,001001000000,1,466171.64,,,нет,,,451.0,4950000.0,,1.0,0.0
2025-04-01,89:10:020101:802,Земельный участок,2015.0,,,,,,,,,10:0:2,13:021,"Ямало-Ненецкий автономный округ, г Надым, вдоль автодороги на 107 км, ДОК ""Сады Ямала"", участок №68",Ведение садоводства (13.2),Земли населенных пунктов,площадь,Купля-продажа,,0,2025-02-20,2025-02-21,218.75,001001000000,1,223242.24,,,нет,,,1024.0,224000.0,,1.0,0.0
2025-04-01,89:11:040101:2287,Земельный участок,2015.0,,,,,,,,,11:0,13:021,"Ямало-Ненецкий автономный округ, г Новый Уренгой, западнее Северной коммунальной зоны на территории дачного потребительского кооператива У-ДАЧА, участок №55",Ведение дачного хозяйства,Земли населенных пунктов,площадь,Купля-продажа,,0,2025-02-10,2025-02-21,246.10600000000002,001001000000,1,738318.0,,,нет,,,600.0,147663.6,,1.0,0.0
2025-04-01,89:11:030206:2,Земельный участок,2015.0,,,,,,,,,11:0,04:040,"Ямало-Ненецкий автономный округ, г Новый Уренгой, Южная коммунальная зона",магазины (4.4),Земли населенных пунктов,площадь,Купля-продажа,,89:11:000000:1427;89:11:000000:904,2024-10-15,2025-02-21,2928.07,001001000000,1,3054122.35,,,нет,,,947.0,2772882.29,,1.0,0.0
2025-04-01,89:11:040101:7993,Земельный участок,2015.0,,,,,,,,,11:0,13:021,"Ямало-Ненецкий автономный округ, городской округ город Новый Уренгой, город Новый Уренгой, район Северный",Ведение садоводства (код 13.2),Земли населенных пунктов,площадь,Купля-продажа,,0,2024-12-19,2025-02-21,246.105993485342,001001000000,1,755545.42,,,нет,,,614.0,151109.08,,1.0,0.0
2025-04-01,89:11:040101:7775,Земельный участок,2015.0,,,,,,,,,11:0,13:011,"Ямало-Ненецкий автономный округ, г Новый Уренгой, ул Северная, район Северный",ведение огородничества (код 13.1),Земли населенных пунктов,площадь,Купля-продажа,,0,2024-11-25,2025-02-21,1206.4,001001000000,1,723840.0,,,да,,,600.0,723840.0,,1.0,0.0
2025-04-01,89:11:040101:8010,Земельный участок,2015.0,,,,,,,,,11:0,13:011,"Ямало-Ненецкий автономный округ, городской округ город Новый Уренгой, город Новый Уренгой, район Северный",ведение огородничества (код 13.1),Земли населенных пунктов,площадь,Купля-продажа,,0,2024-11-25,2025-02-21,1230.53,001001000000,1,738318.0,,,да,,,600.0,738318.0,,1.0,0.0
2025-04-01,89:12:110904:10,Земельный участок,2015.0,,,,,,,,,12:0,02:071,"Ямало-Ненецкий автономный округ, г Ноябрьск, ГК ""Пелей-5"",ряд 23",для размещения гаражей и автостоянок,Земли населенных пунктов,площадь,Купля-продажа,,0,2025-02-14,2025-02-24,3103.448275862069,001001000000,1,72555.39,,,нет,,,29.0,90000.0,,1.0,0.0
2025-04-01,89:01:010805:948,Земельный участок,2015.0,,,,,,,,,1:0,02:011,"Ямало-Ненецкий автономный округ, м.р-н Шурышкарский , с.п. Мужевское, с Мужи, ул Истомина, з/у 25б","Земельные участки предназначенные для индивидуального жилищного строительства. Код ""2.1""",Земли населенных пунктов,площадь,Купля-продажа,,0,2025-02-22,2025-02-25,2943.8822447102116,001001000000,1,815282.61,,,нет,,,1087.0,3200000.0,,1.0,0.0
2025-04-01,89:12:110201:398,Земельный участок,2015.0,,,,,,,,,12:1,13:021,"Ямало-Ненецкий автономный округ, г Ноябрьск, 16 км. автодороги г.Ноябрьск - Холмогорское месторождение, участок 40",Ведение дачного хозяйства (13.3),Земли сельскохозяйственного назначения,площадь,Купля-продажа,,0,2025-02-25,2025-02-26,507.98258345428155,001001000000,1,93607.54,,,нет,,,689.0,350000.0,,1.0,0.0
2025-04-01,89:13:010210:444,Земельный участок,2015.0,,,,,,,,,13:0,02:071,"Ямало-Ненецкий автономный округ, городской округ город Муравленко, город Муравленко, улица Энтузиастов, земельный участок 39/15/452",Размещение гаражей для собственных нужд (2.7.2),Земли населенных пунктов,площадь,Купля-продажа,,0,2025-02-25,2025-02-27,14500.0,001001000000,1,0.0,,,нет,,,30.0,435000.0,,1.0,0.0
2025-04-01,89:11:030301:7682,Земельный участок,2015.0,,,,,,,,,11:0,13:021,"Ямало-Ненецкий автономный округ, городской округ город Новый Уренгой, город Новый Уренгой, Восточная промзона",Ведение садоводства (код 13.2),Земли населенных пунктов,площадь,Купля-продажа,,0,2024-12-28,2025-03-04,217.066,001001000000,1,526385.05,,,нет,,,485.0,105277.01,,1.0,0.0
2025-04-01,89:08:070101:1912,Земельный участок,2015.0,,,,,,,,,8:2,13:021,"Ямало-Ненецкий автономный округ, г Салехард, территория дачного некоммерческого товарищества ""Надежда"", 15-ый Лесной проезд, 8","ведение дачного хозяйства, код 13.3",Земли сельскохозяйственного назначения,площадь,Купля-продажа,,0,2025-03-06,2025-03-07,3285.714285714286,001001000000,1,627767.0,,,нет,,,700.0,2300000.0,,1.0,0.0
2025-04-01,89:05:020112:260,Земельный участок,2015.0,,,,,,,,,5:0,02:011,"Ямало-Ненецкий автономный округ, р-н Пуровский, г Тарко-Сале, мкр Окуневый, участок № 86.",Для индивидуального жилищного строительства,Земли населенных пунктов,площадь,Купля-продажа,,0,2025-02-28,2025-03-07,3395.585738539898,001003000000,1,1592390.95,,,нет,,,589.0,2000000.0,,1.0,0.0
2025-04-01,89:08:020201:608,Земельный участок,2015.0,,,,,,,,,8:0,02:011,"Ямало-Ненецкий автономный округ, городской округ город Салехард, город Салехард, ул Б.Кнунянца, земельный участок 12",для индивидуального жилищного строительства,Земли населенных пунктов,площадь,Купля-продажа,,89:08:020201:151;89:08:020201:406,2025-03-10,2025-03-11,11557.177615571776,001001000000,1,2797109.82,,,нет,,,822.0,9500000.0,,1.0,0.0
2025-04-01,89:12:110616:6759,Земельный участок,2015.0,,,,,,,,,12:0,02:071,"Ямало-Ненецкий автономный округ, городской округ город Ноябрьск, город Ноябрьск, улица Холмогорская, земельный участок 15а/17",Размещение гаражей для собственных нужд (2.7.2),Земли населенных пунктов,площадь,Купля-продажа,,0,2025-03-11,2025-03-12,2602.98,001001000000,1,0.0,,,нет,,,31.0,80692.38,,1.0,0.0
2025-04-01,89:08:070101:1623,Земельный участок,2015.0,,,,,,,,,8:2,13:021,"Ямало-Ненецкий автономный округ, Городской округ город Салехард, ДНТ ""Надежда"", Лесной 7-й проезд, участок № 3","земельные участки, находящиеся в составе дачных, садоводческих и огороднических объединений",Земли сельскохозяйственного назначения,площадь,Купля-продажа,,0,2025-03-10,2025-03-12,2857.1428571428573,001001000000,1,627767.0,,,нет,,,700.0,2000000.0,,1.0,0.0
2025-04-01,89:12:110103:2613,Земельный участок,2015.0,,,,,,,,,12:0:1,02:071,"Ямало-Ненецкий автономный округ, город Ноябрьск, ул. Привокзальная, земельный участок 4/223",Размещение гаражей для собственных нужд,Земли населенных пунктов,площадь,Купля-продажа,,0,2025-03-10,2025-03-13,1751.33,001001000000,1,0.0,,,нет,,,42.0,73555.86,,1.0,0.0
2025-04-01,89:08:070101:6100,Земельный участок,2015.0,,,,,,,,,8:2,13:021,"Ямало-Ненецкий автономный округ, г Салехард, в 10 км юго-восточнее города Салехард","ведение садоводства, код 13.2",Земли сельскохозяйственного назначения,площадь,Купля-продажа,,0,2025-03-03,2025-03-13,331.81898066783833,001001000000,1,188805.58,,,нет,,,569.0,188805.0,,1.0,0.0
2025-04-01,89:11:040101:7691,Земельный участок,2015.0,,,,,,,,,11:0,13:021,"Ямало-Ненецкий автономный округ, городской округ город Новый Уренгой, город Новый Уренгой, район Северный",Ведение садоводства (13.2),Земли населенных пунктов,площадь,Купля-продажа,,0,2025-03-11,2025-03-13,3759.3984962406016,001001000000,1,859213.25,,,нет,,,665.0,2500000.0,,1.0,0.0
2025-04-01,89:06:010101:63,Земельный участок,2015.0,,,,,,,,,6:0,04:040,"Ямало-Ненецкий автономный округ, р-н Тазовский, пгт. Тазовский, ул Заводская, дом №2 а",магазины (код 4.4),Земли населенных пунктов,площадь,Купля-продажа,,89:06:010109:466,2025-03-12,2025-03-13,4015.0752688172042,001001000000,1,2455717.1,,,нет,,,837.0,3360618.0,,1.0,0.0
2025-04-01,89:06:010102:1140,Земельный участок,2015.0,,,,,,,,,6:0,02:011,"Ямало-Ненецкий автономный округ, р-н Тазовский, п Тазовский, мкр Школьный",Для индивидуального жилищного строительства,Земли населенных пунктов,площадь,Купля-продажа,,0,2025-03-12,2025-03-13,2866.779089376054,001001000000,1,1622009.18,,,нет,,,593.0,1700000.0,,1.0,0.0
2025-04-01,89:12:110906:111,Земельный участок,2015.0,,,,,,,,,12:0,02:071,"Ямало-Ненецкий автономный округ, г Ноябрьск, ГК Пелей-5, ряд 44, гараж №12","земельные участки, предназначенные для разработки полезных ископаемых, размещения железнодорожных путей, автомобильных дорог, искусственно созданных внутренних водных путей, причалов, пристаней, полос отвода железных и автомобильных дорог, водных путей, трубопроводов, кабельных, радиорелейных и воздушных линий связи и линий радиофикации, воздушных линий электропередачи конструктивных элементов и сооружений, объектов, необходимых для эксплуатации, содержания, строительства, реконструкции, ремонта, развития наземных и подземных зданий, строений, сооружений, устройств транспорта, энергетики и связи; размещения наземных сооружений и инфраструктуры спутниковой связи, объектов космической деятельности, военных объектов",Земли населенных пунктов,площадь,Купля-продажа,,0,2025-03-12,2025-03-14,34615.38461538462,001001000000,1,60045.84,,,нет,,,26.0,900000.0,,1.0,0.0
2025-04-01,89:12:110812:462,Земельный участок,2015.0,,,,,,,,,12:0,02:071,"Ямало-Ненецкий автономный округ, городской округ город Ноябрьск, город Ноябрьск, территория ГК Ханто-2, ряд(ы) 10-й, земельный участок 44",Размещение гаражей для собственных нужд (2.7.2),Земли населенных пунктов,площадь,Купля-продажа,,0,2025-03-13,2025-03-17,16000.0,001001000000,1,0.0,,,нет,,,25.0,400000.0,,1.0,0.0
2025-04-01,89:05:020301:1401,Земельный участок,2015.0,,,,,,,,,5:1,02:071,"Ямало-Ненецкий автономный округ, р-н Пуровский, п Уренгой, шестой (проектный) микрорайон, бокс 24",хранение автотранспорта (код 2.7.1),Земли населенных пунктов,площадь,Купля-продажа,,0,2025-03-14,2025-03-18,11290.322580645161,001001000000,1,112182.8,,,нет,,,62.0,700000.0,,1.0,0.0
2025-04-01,89:12:110906:130,Земельный участок,2015.0,,,,,,,,,12:0,02:071,"Ямало-Ненецкий автономный округ, г Ноябрьск, гаражный комплекс Пелей-5, ряд №51-52, гараж№6","Земельные участки, предназначенные для разработки полезных ископаемых, размещения железнодорожных путей, автомобильных дорог, искусственно созданных внутренних водных путей, причалов, пристаней, полос отвода железных и автомобильных дорог, водных путей, трубопроводов, кабельных, радиорелейных и воздушных линий связи и линий радиофикации, воздушных линий электропередачи конструктивных элементов и сооружений, объектов, необходимых для эксплуатации, содержания, строительства, реконструкции, ремонта, развития наземных и подземных зданий, строений, сооружений, устройств транспорта, энергетики и связи, размещения наземных сооружений и инфраструктуры спутниковой связи, объектов космической деятельности, военных объектов",Земли населенных пунктов,площадь,Купля-продажа,,0,2025-03-18,2025-03-19,16666.666666666668,001001000000,1,60045.84,,,нет,,,24.0,400000.0,,1.0,0.0
2025-04-01,89:12:110611:2310,Земельный участок,2015.0,,,,,,,,,12:0,02:071,"Ямало-Ненецкий автономный округ, городской округ город Ноябрьск, город Ноябрьск, территория ГПК Тепловик, земельный участок 7/330",Размещение гаражей для собственных нужд (код 2.7.2),Земли населенных пунктов,площадь,Купля-продажа,,0,2025-03-15,2025-03-19,17857.14285714286,001001000000,1,0.0,,,нет,,,28.0,500000.0,,1.0,0.0
2025-04-01,89:03:040401:331,Земельный участок,2015.0,,,,,,,,,3:1,04:040,"Ямало-Ненецкий автономный округ, р-н Ямальский, с Панаевск, ул Обская, 2",объекты торговли,Земли населенных пунктов,площадь,Купля-продажа,,89:03:040401:187; 89:03:040401:188; 89:03:040401:343; 89:03:040401:352; 89:03:040401:1034; 89:03:040401:1039,2017-03-31,2025-03-20,259.94100294985253,001001000000,1,685566.48,,,нет,,,678.0,176240.0,,1.0,0.0
2025-04-01,89:12:110818:21,Земельный участок,2015.0,,,,,,,,,12:0,02:071,"Ямало-Ненецкий автономный округ, г Ноябрьск, ГК Ханто-2, ряд 7, гараж 25",для размещения гаражей и автостоянок,Земли населенных пунктов,площадь,Купля-продажа,,0,2025-03-18,2025-03-20,20833.333333333332,001001000000,1,60045.84,,,нет,,,24.0,500000.0,,1.0,0.0
2025-04-01,89:06:040101:912,Земельный участок,2015.0,,,,,,,,,6:1,02:011,"Ямало-Ненецкий автономный округ, р-н Тазовский, с Антипаюта, на 28 метров южнее жилого дома №5 микрорайон Буровиков","Земельные участки, предназначенные для размещения домов малоэтажной жилой застройки, в том числе индивидуальной жилой застройки",Земли населенных пунктов,площадь,Купля-продажа,,89:06:040101:2410,2025-02-10,2025-03-24,1484.86,001001000000,1,890916.0,,,да,,,600.0,890916.0,,1.0,0.0
2025-04-01,89:11:030301:7680,Земельный участок,2015.0,,,,,,,,,11:0,13:021,"Ямало-Ненецкий автономный округ, городской округ город Новый Уренгой, город Новый Уренгой, Восточная промзона",Ведение садоводства (код 13.2),Земли населенных пунктов,площадь,Купля-продажа,,0,2025-02-25,2025-03-24,217.0659911894273,001001000000,1,739109.73,,,нет,,,681.0,147821.94,,1.0,0.0
2025-04-01,89:12:110808:223,Земельный участок,2015.0,,,,,,,,,12:0,02:071,"Ямало-Ненецкий автономный округ, г Ноябрьск, ГК Ханто-1, ряд 42, гараж 60","земельные участки, предназначенные для размещения гаражей и автостоянок",Земли населенных пунктов,площадь,Купля-продажа,,0,2025-03-19,2025-03-24,27777.777777777777,001001000000,1,60045.84,,,нет,,,27.0,750000.0,,1.0,0.0
2025-04-01,89:05:030301:12428,Земельный участок,2015.0,,,,,,,,,14:0,02:011,"Ямало-Ненецкий автономный округ, городской округ город Губкинский, город Губкинский, микрорайон Строитель, переулок Южный, земельный участок 5",Для индивидуального жилищного строительства,Земли населенных пунктов,площадь,Купля-продажа,,89:05:030301:6108;89:05:030301:7091,2025-03-21,2025-03-25,2333.3333333333335,001001000000,1,885876.0,,,нет,,,600.0,1400000.0,,1.0,0.0
2025-04-01,89:12:110908:471,Земельный участок,2015.0,,,,,,,,,12:0,02:071,"Ямало-Ненецкий автономный округ, городской округ город Ноябрьск, город Ноябрьск, территория ГК Пелей-8, ряд(ы) 63-й, земельный участок 6",Размещение гаражей для собственных нужд (2.7.2),Земли населенных пунктов,площадь,Купля-продажа,,89:12:110908:469,2025-03-24,2025-03-27,1751.33,001001000000,1,0.0,,,нет,,,25.0,43783.25,,1.0,0.0
2025-04-01,89:09:030101:596,Земельный участок,2015.0,,,,,,,,,9:0,02:011,"Ямало-Ненецкий автономный округ, городской округ город Лабытнанги, г Лабытнанги, ул Береговая, д 22",для индивидуального жилищного строительства (2.1),Земли населенных пунктов,площадь,Купля-продажа,,89:09:000000:1016;89:09:020204:368;89:09:030101:599;89:09:030101:597;89:09:030101:598;89:09:030101:600;89:09:030101:601,2024-04-04,2025-03-28,3323.170731707317,001001000000,1,1196967.12,,,нет,,,984.0,3270000.0,,1.0,0.0
2025-04-01,89:12:110819:126,Земельный участок,2015.0,,,,,,,,,12:0,02:071,"Ямало-Ненецкий автономный округ, г Ноябрьск, ГК Ханто-2, ряд 36, гараж №47","земельные участки, предназначенные для размещения гаражей и автостоянок",Земли населенных пунктов,площадь,Купля-продажа,,0,2025-03-26,2025-03-28,34672.65567314792,001001000000,1,60045.84,,,нет,,,24.0,900000.0,Выброс,1.0,0.0
2025-08-01,89:12:110402:5,Земельный участок,2015.0,,,,,,,,,,03:030,"Ямало-Ненецкий автономный округ, г Ноябрьск, мкр П-13","земельные участки, предназначенные для размещения административных и офисных зданий, объектов образования, науки, здравоохранения и социального обеспечения, физической культуры и спорта, культуры, искусства, религии, условно разрешенный вид разрешенного использования - бытовое обслуживание",Земли населенных пунктов,площадь,Купля-продажа,,89:12:110402:1322; 89:12:110402:1342,2025-03-25,2025-04-01,1394.700139470014,001001000000,1,,,,,,,1434.0,2000000.0,,1.0,0.0
2025-08-01,89:07:010101:7097,Земельный участок,2015.0,,,,,,,,,,06:090,"Ямало-Ненецкий автономный округ, р-н Красноселькупский, с Красноселькуп, промышленная зона КРСУ, стр. 1",земельные участки складов (код 6.9),Земли населенных пунктов,площадь,Купля-продажа,,89:07:010101:1910,2025-03-21,2025-04-04,821.3598074608905,001001000000,1,,,,,,,1662.0,1365100.0,,1.0,0.0
2025-08-01,89:09:110302:55,Земельный участок,2015.0,,,,,,,,,,02:071,"Ямало-Ненецкий автономный округ, р-н Приуральский, п Харп, кв-л Молодежный, гаражная площадка № 9, бокс № 18",хранение автотранспорта (код 2.7.1),Земли населенных пунктов,площадь,Купля-продажа,,,2025-03-24,2025-04-10,1831.05,001001000000,1,,,,,,,56.0,102538.8,,1.0,0.0
2025-08-01,89:11:040101:7515,Земельный участок,2015.0,,,,,,,,,,13:021,"Ямало-Ненецкий автономный округ, г Новый Уренгой, район Северный",Ведение садоводства,Земли населенных пунктов,площадь,Купля-продажа,,,2025-04-01,2025-04-14,258.41,001001000000,1,,,,,,,600.0,155046.0,,1.0,0.0
2025-08-01,89:08:070101:7152,Земельный участок,2015.0,,,,,,,,,,13:021,"Ямало-Ненецкий автономный округ, г Салехард, в 10 км юго-восточнее города Салехарда",Ведение садоводства (13.2),Земли сельскохозяйственного назначения,площадь,Купля-продажа,,,2025-04-08,2025-04-14,325.32,001001000000,1,,,,,,,568.0,184781.76,,1.0,0.0
2025-08-01,89:14:040101:457,Земельный участок,2015.0,,,,,,,,,,02:031,"Ямало-Ненецкий автономный округ, г Губкинский",Блокированная жилая застройка,Земли населенных пунктов,площадь,Купля-продажа,,89:14:040101:531,2024-12-25,2025-04-15,2564.102564102564,001001000000,1,,,,,,,390.0,1000000.0,,1.0,0.0
2025-08-01,89:12:110822:415,Земельный участок,2015.0,,,,,,,,,,02:071,"Ямало-Ненецкий автономный округ, г Ноябрьск, ГК Ханто-2, 43-й ряд, земельный участок 19",Размещение гаражей для собственных нужд,Земли населенных пунктов,площадь,Купля-продажа,,89:12:110822:417,2025-04-07,2025-04-15,27586.206896551725,001001000000,1,,,,,,,29.0,800000.0,,1.0,0.0
2025-08-01,89:14:030102:32,Земельный участок,2015.0,,,,,,,,,,13:021,"Ямало-Ненецкий автономный округ, г Губкинский, район водозабора, водоочистные сооружения",ведение садоводства (13.2),Земли сельскохозяйственного назначения,площадь,Купля-продажа,,,2025-04-12,2025-04-16,4331.450094161959,001001000000,1,,,,,,,531.0,2300000.0,,1.0,0.0
2025-08-01,89:12:110808:48,Земельный участок,2015.0,,,,,,,,,,02:071,"Ямало-Ненецкий автономный округ, г Ноябрьск, ГК Ханто-1, ряд 41, гараж №64",для размещения гаражей и автостоянок,Земли населенных пунктов,площадь,Купля-продажа,,,2025-04-13,2025-04-16,24000.0,001001000000,1,,,,,,,25.0,600000.0,,1.0,0.0
2025-08-01,89:11:030301:7679,Земельный участок,2015.0,,,,,,,,,,13:021,"Ямало-Ненецкий автономный округ, городской округ город Новый Уренгой, город Новый Уренгой, Восточная промзона",Ведение садоводства (код 13.2),Земли населенных пунктов,площадь,Купля-продажа,,,2024-12-25,2025-04-17,217.066,001001000000,1,,,,,,,670.0,145434.22,,1.0,0.0
2025-08-01,89:12:110818:223,Земельный участок,2015.0,,,,,,,,,,02:071,"Ямало-Ненецкий автономный округ, г Ноябрьск, ГК ""Ханто-2"", ряд 8, гараж 54","земельные участки, предназначенные для размещения гаражей и автостоянок",Земли населенных пунктов,площадь,Купля-продажа,,,2025-04-15,2025-04-18,6000.0,001001000000,1,,,,,,,25.0,150000.0,,1.0,0.0
2025-08-01,89:05:020301:4879,Земельный участок,2015.0,,,,,,,,,,02:011,"Ямало-Ненецкий автономный округ, р-н Пуровский, пгт Уренгой, мкр 6-й, уч 43",Для индивидуального жилищного строительства 2.1,Земли населенных пунктов,площадь,Купля-продажа,,,2025-04-18,2025-04-21,3742.5149700598804,001001000000,1,,,,,,,668.0,2500000.0,,1.0,0.0
2025-08-01,89:09:030201:595,Земельный участок,2015.0,,,,,,,,,,06:090,"Ямало-Ненецкий автономный округ, г Лабытнанги, ул Сибирская",склады,Земли населенных пунктов,площадь,Купля-продажа,,89:09:030201:106,2025-02-06,2025-04-22,5811.62351503006,001001000000,1,,,,,,,2495.0,14500000.67,,1.0,0.0
2025-08-01,89:08:070101:1465,Земельный участок,2015.0,,,,,,,,,,13:021,"Ямало-Ненецкий автономный округ, городской округ город Салехард, территория дачного некоммерческого товарищества ""Север"", улица Ягельная, земельный участок 76",Ведение дачного хозяйства,Земли сельскохозяйственного назначения,площадь,Купля-продажа,,,2025-04-18,2025-04-22,3576.53791130186,001001000000,1,,,,,,,699.0,2500000.0,,1.0,0.0
2025-08-01,89:12:120102:477,Земельный участок,2015.0,,,,,,,,,,13:021,"Ямало-Ненецкий автономный округ, г Ноябрьск, 29-й км. окружной автомобильной дороги ""Подъезд к г. Ноябрьску"" проезд 27 участок 48",для ведения дачного хозяйства (13.3),Земли сельскохозяйственного назначения,площадь,Купля-продажа,,,2025-04-18,2025-04-22,306.7484662576687,001001000000,1,,,,,,,815.0,250000.0,,1.0,0.0
2025-08-01,89:12:120102:479,Земельный участок,2015.0,,,,,,,,,,13:021,"Ямало-Ненецкий автономный округ, г Ноябрьск, 29-й км. окружной автомобильной дороги ""Подъезд к г. Ноябрьску"" проезд 27 участок 46",для ведения дачного хозяйства (13.3),Земли сельскохозяйственного назначения,площадь,Купля-продажа,,,2025-04-18,2025-04-22,307.12530712530713,001001000000,1,,,,,,,814.0,250000.0,,1.0,0.0
2025-08-01,89:13:010216:191,Земельный участок,2015.0,,,,,,,,,,02:011,"Ямало-Ненецкий автономный округ, г Муравленко, мкр №3 Б",Для индивидуального жилищного строительства,Земли населенных пунктов,площадь,Купля-продажа,,,2025-04-19,2025-04-22,833.3333333333334,001001000000,1,,,,,,,600.0,500000.0,,1.0,0.0
2025-08-01,89:11:040101:8084,Земельный участок,2015.0,,,,,,,,,,13:021,"Ямало-Ненецкий автономный округ, городской округ город Новый Уренгой, город Новый Уренгой, территория СНТ Фемида, улица 1-я Центральная, земельный участок 4",Ведение садоводства (код 13.2),Земли населенных пунктов,площадь,Купля-продажа,,,2025-04-22,2025-04-23,9884.678747940692,001001000000,1,,,,,,,607.0,6000000.0,,1.0,0.0
2025-08-01,89:11:040101:902,Земельный участок,2015.0,,,,,,,,,,13:021,"Ямало-Ненецкий автономный округ, г Новый Уренгой, в районе Северный на территории дачного некоммерческого товарищества Фемида","земельные участки, находящиеся в составе дачных, садоводческих и огороднических объединений",Земли населенных пунктов,площадь,Купля-продажа,,89:11:040101:5007,2025-04-22,2025-04-23,9819.967266775777,001001000000,1,,,,,,,611.0,6000000.0,,1.0,0.0
2025-08-01,89:12:110815:76,Земельный участок,2015.0,,,,,,,,,,02:071,"Ямало-Ненецкий автономный округ, г Ноябрьск, ГК Ханто-2, ряд 47, гараж №20",для размещения гаражей и автостоянок,Земли населенных пунктов,площадь,Купля-продажа,,,2025-04-22,2025-04-24,20454.545454545456,001001000000,1,,,,,,,22.0,450000.0,,1.0,0.0
2025-08-01,89:08:070101:2237,Земельный участок,2015.0,,,,,,,,,,02:011,"Ямало-Ненецкий автономный округ, городской округ город Салехард, г  Салехард, мкр Радужный, участок № 56","для индивидуального жилищного строительства, код. 2.1.",Земли населенных пунктов,площадь,Купля-продажа,,,2025-04-22,2025-04-24,7364.9754500818335,001001000000,1,,,,,,,611.0,4500000.0,,1.0,0.0
2025-08-01,89:12:110813:70,Земельный участок,2015.0,,,,,,,,,,02:071,"Ямало-Ненецкий автономный округ, г Ноябрьск, ГК Ханто-2, ряд 3, гараж № 72",для размещения гаражей и автостоянок,Земли населенных пунктов,площадь,Купля-продажа,,,2025-04-22,2025-04-24,19230.76923076923,001001000000,1,,,,,,,26.0,500000.0,,1.0,0.0
2025-08-01,89:12:110817:75,Земельный участок,2015.0,,,,,,,,,,02:071,"Ямало-Ненецкий автономный округ, г Ноябрьск, ГК Ханто-2, ряд 16, гараж №6",для размещения гаражей и автостоянок,Земли населенных пунктов,площадь,Купля-продажа,,,2025-04-22,2025-04-24,15200.0,001001000000,1,,,,,,,25.0,380000.0,,1.0,0.0
2025-08-01,89:12:110614:40,Земельный участок,2015.0,,,,,,,,,,02:061,"Ямало-Ненецкий автономный округ, г Ноябрьск, мкр Л, д 15",под домами многоэтажной жилой застройки,Земли населенных пунктов,площадь,Купля-продажа,,89:12:110614:167; 89:12:110614:1876,2004-12-29,2025-04-25,3051.470588235294,001002000000,1,,,,,доля в праве общей долевой собственности пропорциональна размеру общей площади помещения с кадастровым номером 89:12:110614:677,,1360.0,4150000.0,,1.0,0.0
2025-08-01,89:12:110807:144,Земельный участок,2015.0,,,,,,,,,,02:071,"Ямало-Ненецкий автономный округ, г Ноябрьск, ГК Ханто-1, ряд 6, гараж №14","земельные участки, предназначенные для размещения гаражей и автостоянок",Земли населенных пунктов,площадь,Купля-продажа,,,2025-04-23,2025-04-28,20454.545454545456,001001000000,1,,,,,,,22.0,450000.0,,1.0,0.0
2025-08-01,89:12:110905:64,Земельный участок,2015.0,,,,,,,,,,02:071,"Ямало-Ненецкий автономный округ, г Ноябрьск, ГК Пелей-5, ряд 36, гараж №20","земельные участки, предназначенные для разработки полезных ископаемых, размещения железнодорожных путей, автомобильных дорог, искусственно созданных внутренних водных путей, причалов, пристаней, полос отвода железных и автомобильных дорог, водных путей, трубопроводов, кабельных, радиорелейных и воздушных линий связи и линий радиофикации, воздушных линий электропередачи конструктивных элементов и сооружений, объектов, необходимых для эксплуатации, содержания, строительства, реконструкции, ремонта, развития наземных и подземных зданий, строений, сооружений, устройств транспорта, энергетики и связи",Земли населенных пунктов,площадь,Купля-продажа,,,2025-04-24,2025-04-28,6250.0,001001000000,1,,,,,,,24.0,150000.0,,1.0,0.0
2025-08-01,89:12:160107:302,Земельный участок,2015.0,,,,,,,,,,02:011,"Ямало-Ненецкий автономный округ, город Ноябрьск, мкр. Вынгапуровский, ул. Хвойная, д 3","земельные участки, предназначенные для размещения домов индивидуальной жилой застройки",Земли населенных пунктов,площадь,Купля-продажа,,89:12:110607:105;89:12:160107:93;89:12:160107:62,2025-04-25,2025-04-29,9554.140127388535,001003000000,1,,,,,,,785.0,7500000.0,,1.0,0.0
2025-08-01,89:12:110803:30,Земельный участок,2015.0,,,,,,,,,,02:071,"Ямало-Ненецкий автономный округ, г Ноябрьск, ГК Ханто-1, ряд 12, гараж №27Б",для размещения гаражей и автостоянок,Земли населенных пунктов,площадь,Купля-продажа,,,2025-04-27,2025-04-29,19230.76923076923,001001000000,1,,,,,,,26.0,500000.0,,1.0,0.0
2025-08-01,89:12:110818:541,Земельный участок,2015.0,,,,,,,,,,02:071,"Ямало-Ненецкий автономный округ, городской округ город Ноябрьск, город Ноябрьск, территория ГК Ханто-2, ряд(ы) 8-й, земельный участок 55",Размещение гаражей для собственных нужд (2.7.2),Земли населенных пунктов,площадь,Купля-продажа,,,2025-05-03,2025-05-06,17800.0,001001000000,1,,,,,,,25.0,445000.0,,1.0,0.0
2025-08-01,89:13:010302:17,Земельный участок,2015.0,,,,,,,,,,04:060,"Ямало-Ненецкий автономный округ, г Муравленко, ул Энтузиастов, д 4",общественное питание (4.6),Земли населенных пунктов,площадь,Купля-продажа,,89:13:010114:113;89:13:010114:115;89:13:010114:116;89:13:010114:96;89:13:010114:114,2021-01-28,2025-05-06,1174.7430249632894,001001000000,1,,,,,,,3405.0,4000000.0,,1.0,0.0
2025-08-01,89:12:110802:1466,Земельный участок,2015.0,,,,,,,,,,02:071,"Ямало-Ненецкий автономный округ, городской округ город Ноябрьск, город Ноябрьск, территория ГК Ханто-1, ряд(ы) 9-й, земельный участок 34а",Размещение гаражей для собственных нужд,Земли населенных пунктов,площадь,Купля-продажа,,,2025-04-30,2025-05-06,11428.57142857143,001001000000,1,,,,,,,21.0,240000.0,,1.0,0.0
2025-08-01,89:10:020101:577,Земельный участок,2015.0,,,,,,,,,,13:021,"Ямало-Ненецкий автономный округ, г Надым, вдоль автодороги на 107 км, ДНТ ""Березка"", участок №50",ведение садоводства (13.2),Земли населенных пунктов,площадь,Купля-продажа,,89:10:020101:1359,2025-05-02,2025-05-06,4844.961240310077,001001000000,1,,,,,,,1032.0,5000000.0,,1.0,0.0
2025-08-01,89:08:070101:1066,Земельный участок,2015.0,,,,,,,,,,13:021,"Ямало-Ненецкий автономный округ, городской округ город Салехард, территория дачного некоммерческого товарищества «Север», улица Ягельная, земельный участок 31","ведение садоводства, код 13.2.",Земли сельскохозяйственного назначения,площадь,Купля-продажа,,89:08:070101:5811,2025-04-30,2025-05-06,12857.142857142857,001001000000,1,,,,,,,700.0,9000000.0,,1.0,0.0
2025-08-01,89:09:010206:66,Земельный участок,2015.0,,,,,,,,,,02:071,"Ямало-Ненецкий автономный округ, г Лабытнанги, мкр. №2, гаражная площадка №17, дом Блок М",хранение автотранспорта(2.7.1),Земли населенных пунктов,площадь,Купля-продажа,,89:09:010206:467,2025-05-05,2025-05-07,20634.920634920636,001001000000,1,,,,,,,63.0,1300000.0,,1.0,0.0
2025-08-01,89:12:110811:578,Земельный участок,2015.0,,,,,,,,,,02:071,"Ямало-Ненецкий автономный округ, городской округ город Ноябрьск, город Ноябрьск, территория ГК Ханто-1, ряд(ы) 30-й, земельный участок 21","Размещение гаражей для собственных нужд, код 2.7.2",Земли населенных пунктов,площадь,Купля-продажа,,,2025-05-14,2025-05-15,15600.0,001001000000,1,,,,,,,25.0,390000.0,,1.0,0.0
2025-08-01,89:08:010302:552,Земельный участок,2015.0,,,,,,,,,,02:071,"Ямало-Ненецкий автономный округ, г Салехард, ул Подшибякина, площадка №21, строение 4, бокс №8",Объекты гаражного назначения,Земли населенных пунктов,площадь,Купля-продажа,,89:08:010302:268,2025-05-13,2025-05-15,34672.65567314792,001001000000,1,,,,,,,60.0,2150000.0,Выброс,1.0,0.0
2025-08-01,89:12:110616:170,Земельный участок,2015.0,,,,,,,,,,02:071,"Ямало-Ненецкий автономный округ, г Ноябрьск, ГК ""Холмогор"", гараж 8","земельные участки, предназначенные для размещения гаражей и автостоянок",Земли населенных пунктов,площадь,Купля-продажа,,,2025-05-13,2025-05-15,34672.65567314792,001001000000,1,,,,,,,25.0,1280000.0,Выброс,1.0,0.0
2025-08-01,89:14:020103:459,Земельный участок,2015.0,,,,,,,,,,02:071,"Ямало-Ненецкий автономный округ, г Губкинский, промышленная зона, панель 5, ГСК Сфера, блок 21, гараж 453-454",хранение автотранспорта 2.7.1,Земли населенных пунктов,площадь,Купля-продажа,,,2025-05-15,2025-05-16,19767.441860465115,001001000000,1,,,,,,,86.0,1700000.0,,1.0,0.0
2025-08-01,89:12:120102:207,Земельный участок,2015.0,,,,,,,,,,13:021,"Ямало-Ненецкий автономный округ, городской округ город Ноябрьск, город Ноябрьск, территория потребительского садоводческого общества Мечта, проезд 15-й, земельный участок 12","земельные участки, находящиеся в составе дачных, садоводческих и огороднических объединений, для ведения дачного хозяйства",Земли сельскохозяйственного назначения,площадь,Купля-продажа,,89:12:120102:1594,2025-05-16,2025-05-20,3129.657228017884,001001000000,1,,,,,,,671.0,2100000.0,,1.0,0.0
2025-08-01,89:11:060201:178,Земельный участок,2015.0,,,,,,,,,,13:021,"Ямало-Ненецкий автономный округ, г Новый Уренгой, Северная промзона","для размещения ДНТ ""Северянин""",Земли населенных пунктов,площадь,Купля-продажа,,89:11:000000:1149,2025-05-20,2025-05-21,7283.142389525368,001001000000,1,,,,,,,611.0,4450000.0,,1.0,0.0
2025-08-01,89:08:070101:2335,Земельный участок,2015.0,,,,,,,,,,13:021,"Ямало-Ненецкий автономный округ, городской округ город Салехард, территория дачного некоммерческого товарищества «Север», улица Ягельная, земельный участок 83","ведение садоводства, код 13.2.",Земли сельскохозяйственного назначения,площадь,Купля-продажа,,,2025-05-21,2025-05-22,19289.34010152284,001003000000,1,,,,,,,591.0,11400000.0,,1.0,0.0
2025-08-01,89:12:110824:11,Земельный участок,2015.0,,,,,,,,,,02:071,"Ямало-Ненецкий автономный округ, г Ноябрьск, ГК Ханто-2, блок 61, гараж 22",для размещения гаражей и автостоянок,Земли населенных пунктов,площадь,Купля-продажа,,,2025-05-21,2025-05-26,20833.333333333332,001001000000,1,,,,,,,24.0,500000.0,,1.0,0.0
2025-08-01,89:05:030301:13062,Земельный участок,2015.0,,,,,,,,,,02:071,"Ямало-Ненецкий автономный округ, городской округ город Губкинский, город Губкинский, улица Векшина, земельный участок 1/4",Размещение гаражей для собственных нужд (2.7.2),Земли населенных пунктов,площадь,Купля-продажа,,89:05:030301:1594,2025-05-24,2025-05-26,14705.882352941177,001001000000,1,,,,,,,34.0,500000.0,,1.0,0.0
2025-08-01,89:11:010102:161,Земельный участок,2015.0,,,,,,,,,,02:051,"Ямало-Ненецкий автономный округ, городской округ город Новый Уренгой, город Новый Уренгой, улица Железнодорожная, земельный участок 156",занятый нежилыми помещениями,Земли населенных пунктов,площадь,Купля-продажа,,89:11:000000:717,2025-05-12,2025-05-27,6823.821339950372,001001000000,1,,,,,,,806.0,5500000.0,,1.0,0.0
2025-08-01,89:12:110817:125,Земельный участок,2015.0,,,,,,,,,,02:071,"Ямало-Ненецкий автономный округ, г Ноябрьск, ГК Ханто-2, ряд 15, гараж №35","земельные участки, предназначенные для размещения гаражей и автостоянок",Земли населенных пунктов,площадь,Купля-продажа,,,2025-05-23,2025-05-27,8333.333333333334,001001000000,1,,,,,,,24.0,200000.0,,1.0,0.0
2025-08-01,89:10:010109:1807,Земельный участок,2015.0,,,,,,,,,,02:071,"Ямало-Ненецкий автономный округ, муниципальный округ Надымский район, город Надым, улица Юбилейная, земельный участок 4/1/16",хранение автотранспорта (код 2.7.1),Земли населенных пунктов,площадь,Купля-продажа,,89:10:010109:1846,2025-05-31,2025-06-02,10625.0,001001000000,1,,,,,,,32.0,340000.0,,1.0,0.0
2025-08-01,89:04:020102:24,Земельный участок,2015.0,,,,,,,,,,03:030,"Ямало-Ненецкий автономный округ, р-н Надымский, п. Пангоды, ул Звездная",Бытовое обслуживание,Земли населенных пунктов,площадь,Купля-продажа,,89:04:020101:3315,2025-05-28,2025-06-04,1091.6745442268736,001001000000,1,,,,,,,1481.0,1616770.0,,1.0,0.0
2025-08-01,89:14:030103:302,Земельный участок,2015.0,,,,,,,,,,13:021,"Ямало-Ненецкий автономный округ, городской округ город Губкинский, город Губкинский, зона (массив) Садово-огороднический, линия 8, земельный участок 179","земельные участки, находящиеся в составе дачных, садоводческих и огороднических объединений",Земли сельскохозяйственного назначения,площадь,Купля-продажа,,89:14:030103:1193,2025-06-02,2025-06-04,4474.27293064877,001001000000,1,,,,,,,447.0,2000000.0,,1.0,0.0
2025-08-01,89:12:110806:87,Земельный участок,2015.0,,,,,,,,,,02:071,"Ямало-Ненецкий автономный округ, г Ноябрьск, Гаражный комплекс Ханто-1, ряд 13, гараж 10","земельные участки, предназначенные для размещения гаражей и автостоянок",Земли населенных пунктов,площадь,Купля-продажа,,,2025-06-01,2025-06-06,34672.65567314792,001001000000,1,,,,,,,26.0,1420000.0,Выброс,1.0,0.0
2025-08-01,89:13:010102:118,Земельный участок,2015.0,,,,,,,,,,04:040,"Ямало-Ненецкий автономный округ, г Муравленко, ул Губкина, д 17-А",Магазины,Земли населенных пунктов,площадь,Купля-продажа,,89:13:010103:244,2025-06-17,2025-06-18,34672.65567314792,001001000000,1,,,,,,,326.0,16000000.0,Выброс,1.0,0.0
2025-08-01,89:12:110611:991,Земельный участок,2015.0,,,,,,,,,,02:071,"Ямало-Ненецкий автономный округ, г Ноябрьск, ГПК Тепловик, гараж 221",хранение автотранспорта(2.7.1),Земли населенных пунктов,площадь,Купля-продажа,,,2025-06-17,2025-06-19,29600.0,001001000000,1,,,,,,,25.0,740000.0,,1.0,0.0
2025-08-01,89:05:020113:15,Земельный участок,2015.0,,,,,,,,,,02:071,"Ямало-Ненецкий автономный округ, р-н Пуровский, г Тарко-Сале, р-н промбазы НГРЭ, гараж №30",хранение автотранспорта(2.7.1),Земли населенных пунктов,площадь,Купля-продажа,,,2025-05-25,2025-06-19,29729.72972972973,001001000000,1,,,,,,,37.0,1100000.0,,1.0,0.0
2025-08-01,89:03:020502:434,Земельный участок,2015.0,,,,,,,,,,06:090,"Ямало-Ненецкий автономный округ, р-н Ямальский, с Новый Порт, ул Советская, 15А",Склады,Земли населенных пунктов,площадь,Купля-продажа,,89:03:020501:467;89:03:000000:3398;89:03:000000:3397,2025-05-07,2025-06-23,232.0185614849188,001001000000,1,,,,,,,862.0,200000.0,,1.0,0.0
2025-08-01,89:14:030103:225,Земельный участок,2015.0,,,,,,,,,,13:021,"Ямало-Ненецкий автономный округ, г Губкинский, район водозабора, водоочистные сооружения","земельные участки, находящиеся в составе дачных, садоводческих и огороднических объединений",Земли сельскохозяйственного назначения,площадь,Купля-продажа,,89:14:030103:795,2025-06-20,2025-06-23,5577.689243027889,001001000000,1,,,,,,,502.0,2800000.0,,1.0,0.0
2025-08-01,89:09:030105:108,Земельный участок,2015.0,,,,,,,,,,06:090,"Ямало-Ненецкий автономный округ, г Лабытнанги, ул Поисковая",Склады,Земли населенных пунктов,площадь,Купля-продажа,,89:09:030105:222,2025-06-19,2025-06-25,658.8579795021961,001001000000,1,,,,,,,683.0,450000.0,,1.0,0.0
2025-08-01,89:12:110612:838,Земельный участок,2015.0,,,,,,,,,,02:071,"Ямало-Ненецкий автономный округ, городской округ город Ноябрьск, город Ноябрьск, улица Ленина, земельный участок 7в/9",размещение гаражей для собственных нужд (2.7.2),Земли населенных пунктов,площадь,Купля-продажа,,,2025-06-25,2025-06-27,34672.65567314792,001001000000,1,,,,,,,28.0,2500000.0,Выброс,1.0,0.0
2025-11-01,89:12:110611:2142,Земельный участок,2015.0,,,,,,,,,,02:071,"Ямало-Ненецкий автономный округ, городской округ город Ноябрьск, город Ноябрьск, территория ГПК Тепловик, земельный участок 7/205",размещение гаражей для собственных нужд,Земли населенных пунктов,площадь,Купля-продажа,,,2025-07-02,2025-07-02,4000.0,001001000000,1,,,,,,,25.0,100000.0,,1.0,0.0
2025-11-01,89:01:010804:810,Земельный участок,2015.0,,,,,,,,,,02:021,"Ямало-Ненецкий автономный округ, Шурышкарский район, село Мужи, улица Уральская","Для ведения личного подсобного хозяйства (приусадебный земельный участок). Код ""2.2""",Земли населенных пунктов,площадь,Купля-продажа,,89:01:010804:709;89:01:000000:73,2022-06-18,2025-07-02,2108.5925144965736,001001000000,1,,,,,,,1897.0,4000000.0,,1.0,0.0
2025-11-01,89:09:110201:431,Земельный участок,2015.0,,,,,,,,,,12:001,"Ямало-Ненецкий автономный округ, р-н Приуральский, п Харп, гаражная площадка №13, блок ""Б""",Земельные участки (территории) общего пользования (12.0),Земли населенных пунктов,площадь,Купля-продажа,,89:09:110201:922,2025-06-10,2025-07-04,102.01005025125629,001001000000,1,,,,,,,199.0,20300.0,,1.0,0.0
2025-11-01,89:12:110821:437,Земельный участок,2015.0,,,,,,,,,,02:071,"Ямало-Ненецкий автономный округ, городской округ город Ноябрьск, город Ноябрьск, территория ГК Ханто-2, ряд(ы) 56-й, земельный участок 10",Размещение гаражей для собственных нужд,Земли населенных пунктов,площадь,Купля-продажа,,,2025-06-27,2025-07-07,16000.0,001001000000,1,,,,,,,25.0,400000.0,,1.0,0.0
2025-11-01,89:11:040101:7812,Земельный участок,2015.0,,,,,,,,,,13:021,"Ямало-Ненецкий автономный округ, городской округ город Новый Уренгой, город Новый Уренгой, район Северный, на территории дачного некоммерческого товарищества ""Фемида""",Ведение садоводства,Земли населенных пунктов,площадь,Купля-продажа,,,2024-01-09,2025-07-08,246.1059940652819,001001000000,1,,,,,,,674.0,165875.44,,1.0,0.0
2025-11-01,89:12:111116:184,Земельный участок,2015.0,,,,,,,,,,06:090,"Ямало-Ненецкий автономный округ, г Ноябрьск, промузел Пелей, панель XVI","для размещения производственных и административных зданий, строений, сооружений промышленности, коммунального хозяйства, материально-технического, производственного снабжения, сбыта и заготовок",Земли населенных пунктов,площадь,Купля-продажа,,89:12:111108:49,2025-07-01,2025-07-14,1549.0943755958056,001001000000,1,,,,,,,2098.0,3250000.0,,1.0,0.0
2025-11-01,89:12:110820:9,Земельный участок,2015.0,,,,,,,,,,02:071,"Ямало-Ненецкий автономный округ, г Ноябрьск, ГК Ханто-2, ряд 25, гараж 11","земельные участки, предназначенные для размещения гаражей и автостоянок",Земли населенных пунктов,площадь,Купля-продажа,,,2025-07-29,2025-07-31,20416.666666666668,001001000000,1,,,,,,,24.0,490000.0,,1.0,0.0
2025-11-01,89:11:020203:73,Земельный участок,2015.0,,,,,,,,,,04:040,"Ямало-Ненецкий автономный округ, г Новый Уренгой, ул Таежная, 56",магазины (4.4),Земли населенных пунктов,площадь,Купля-продажа,,89:11:020203:332;89:11:020203:333;89:11:000000:5179,2025-06-17,2025-08-04,34672.65567314792,001001000000,1,,,,,,,675.0,25000000.0,Выброс,1.0,0.0
2025-11-01,89:11:020203:2145,Земельный участок,2015.0,,,,,,,,,,04:040,"Ямало-Ненецкий автономный округ, г Новый Уренгой, ул Таежная",Магазины,Земли населенных пунктов,площадь,Купля-продажа,,89:11:020203:332;89:11:000000:5215;89:11:000000:5169;89:11:000000:5179,2025-06-17,2025-08-04,34672.65567314792,001001000000,1,,,,,,,270.0,25000000.0,Выброс,1.0,0.0
2025-11-01,89:05:020113:355,Земельный участок,2015.0,,,,,,,,,,02:071,"Ямало-Ненецкий автономный округ, р-н Пуровский, г Тарко-Сале, район промбазы НГРЭИС, ряд № 3, участок № 7",хранение автотранспорта(2.7.1),Земли населенных пунктов,площадь,Купля-продажа,,,2025-07-31,2025-08-04,14242.424242424242,001001000000,1,,,,,,,33.0,470000.0,,1.0,0.0
2025-11-01,89:11:040101:8227,Земельный участок,2015.0,,,,,,,,,,13:021,"Ямало-Ненецкий автономный округ, городской округ город Новый Уренгой, город Новый Уренгой, территория СНТ Заимка, улица Брусничная, земельный участок 50",Ведение садоводства (код 13.2),Земли населенных пунктов,площадь,Купля-продажа,,89:11:040101:7855,2021-12-02,2025-08-21,7500.0,001001000000,1,,,,,,,600.0,4500000.0,,1.0,0.0
2025-11-01,89:11:040101:8228,Земельный участок,2015.0,,,,,,,,,,13:021,"Ямало-Ненецкий автономный округ, городской округ город Новый Уренгой, город Новый Уренгой, территория СНТ Заимка, улица Брусничная",Ведение садоводства (код 13.2),Земли населенных пунктов,площадь,Купля-продажа,,,2021-12-02,2025-08-21,7525.083612040134,001001000000,1,,,,,,,598.0,4500000.0,,1.0,0.0
2025-11-01,89:12:110802:794,Земельный участок,2015.0,,,,,,,,,,02:071,"Ямало-Ненецкий автономный округ, г Ноябрьск, Гаражный комплекс Ханто-1, ряд 45, гараж 3.","земельные участки, предназначенные для размещения гаражей и автостоянок",Земли населенных пунктов,площадь,Купля-продажа,,,2025-08-29,2025-09-01,17358.346153846152,001001000000,1,,,,,,,26.0,451317.0,,1.0,0.0
2025-11-01,89:12:110904:38,Земельный участок,2015.0,,,,,,,,,,02:071,"Ямало-Ненецкий автономный округ, г Ноябрьск, ГК Пелей-5, ряд 30, гараж 1","для разработки полезных ископаемых, размещения ж/д путей, автомобильных дорог...",Земли населенных пунктов,площадь,Купля-продажа,,,2025-09-11,2025-09-15,20833.333333333332,001001000000,1,,,,,,,24.0,500000.0,,1.0,0.0
2025-11-01,89:11:040101:4021,Земельный участок,2015.0,,,,,,,,,,13:021,"Ямало-Ненецкий автономный округ, г Новый Уренгой, район Северный на территории ДНТ ""Титан"", земельный участок №129",ведение садоводства (13.2),Земли населенных пунктов,площадь,Купля-продажа,,89:11:040101:7819;89:11:040101:7830,2025-09-15,2025-09-15,16233.333333333334,001001000000,1,,,,,,,600.0,9740000.0,,1.0,0.0
2025-11-01,89:12:120102:847,Земельный участок,2015.0,,,,,,,,,,13:021,"Ямало-Ненецкий автономный округ, г Ноябрьск, 29-й км окружной автомобильной дороги ""Подъезд к г. Ноябрьску"", проезд 14 участок 5",ведение дачного хозяйства (13.3),Земли сельскохозяйственного назначения,площадь,Купля-продажа,,89:12:120102:869,2025-09-18,2025-09-19,6330.935251798561,001001000000,1,,,,,,,695.0,4400000.0,,1.0,0.0
2025-11-01,89:12:110810:401,Земельный участок,2015.0,,,,,,,,,,02:071,"Ямало-Ненецкий автономный округ, г Ноябрьск, ГК ""Ханто-1"", ряд 26, гараж 36","земельные участки, предназначенные для размещения гаражей и автостоянок",Земли населенных пунктов,площадь,Купля-продажа,,,2025-09-22,2025-09-23,4166.666666666667,001001000000,1,,,,,,,24.0,100000.0,,1.0,0.0
2025-11-01,89:14:030103:161,Земельный участок,2015.0,,,,,,,,,,13:021,"Ямало-Ненецкий автономный округ, г Губкинский, район водозабора, водоочистные сооружения","земельные участки, находящиеся в составе дачных, садоводческих и огороднических объединений",Земли сельскохозяйственного назначения,площадь,Купля-продажа,,,2025-09-25,2025-09-26,4801.324503311258,001001000000,1,,,,,,,604.0,2900000.0,,1.0,0.0
2025-11-01,89:13:010216:192,Земельный участок,2015.0,,,,,,,,,,02:011,"Ямало-Ненецкий автономный округ, г Муравленко, мкр №3 Б",Для индивидуального жилищного строительства,Земли населенных пунктов,площадь,Купля-продажа,,,2025-09-19,2025-09-26,833.3333333333334,001001000000,1,,,,,,,600.0,500000.0,,1.0,0.0
2025-11-01,89:12:110809:5,Земельный участок,2015.0,,,,,,,,,,02:071,"Ямало-Ненецкий автономный округ, г Ноябрьск, ГК Ханто-1, ряд 21, гараж 11",для размещения гаражей и автостоянок,Земли населенных пунктов,площадь,Купля-продажа,,,2025-09-19,2025-09-26,19600.0,001001000000,1,,,,,,,25.0,490000.0,,1.0,0.0
2025-11-01,89:11:040101:3958,Земельный участок,2015.0,,,,,,,,,,13:021,"Ямало-Ненецкий автономный округ, г Новый Уренгой, мкр Уралец, на территории дачного некоммерческого товарищества ""Виктория"".",ведение дачного хозяйства,Земли населенных пунктов,площадь,Купля-продажа,,,2025-09-25,2025-09-29,1337.7926421404682,001001000000,1,,,,,,,598.0,800000.0,,1.0,0.0
2025-11-01,89:12:110817:173,Земельный участок,2015.0,,,,,,,,,,02:071,"Ямало-Ненецкий автономный округ, г Ноябрьск, ГК Ханто-2, ряд 15, гараж №36","земельные участки, предназначенные для размещения гаражей и автостоянок",Земли населенных пунктов,площадь,Купля-продажа,,,2025-09-26,2025-09-29,34672.65567314792,001001000000,1,,,,,,,24.0,1000000.0,Выброс,1.0,0.0
2025-11-01,89:11:040101:2324,Земельный участок,2015.0,,,,,,,,,,13:021,"Ямало-Ненецкий автономный округ, г Новый Уренгой, западнее Северной коммунальной зоны, на территории дачного потребительского кооператива ""У-Дача""",малоэтажная жилая застройка (индивидуальное жилищное строительство; размещение дачных домов и садовых домов),Земли населенных пунктов,площадь,Купля-продажа,,89:11:040101:4309,2025-09-29,2025-09-30,10833.333333333334,001001000000,1,,,,,,,600.0,6500000.0,,1.0,0.0
2025-11-01,89:12:120102:908,Земельный участок,2015.0,,,,,,,,,,13:021,"Ямало-Ненецкий автономный округ, г Ноябрьск, тер потребительского садоводческого общества Мечта, проезд 7, район участка 12",ведение дачного хозяйства (13.3),Земли сельскохозяйственного назначения,площадь,Купля-продажа,,,2025-09-29,2025-09-30,6568.144499178982,001001000000,1,,,,,,,609.0,4000000.0,,1.0,0.0
2025-11-01,89:12:110904:52,Земельный участок,2015.0,,,,,,,,,,02:071,"Ямало-Ненецкий автономный округ, г Ноябрьск, ГК Пелей-5, ряд 24, гараж №8","для разработки полезных ископаемых, размещения железнодорожных путей, автомобильных дорог...",Земли населенных пунктов,площадь,Купля-продажа,,,2025-09-27,2025-09-30,9545.454545454546,001001000000,1,,,,,,,22.0,210000.0,,1.0,0.0
2026-01-01,89:12:120102:108,Земельный участок,2015.0,,,,,,,,,,,"Ямало-Ненецкий автономный округ, город Ноябрьск, территория потребительского садоводческого общества Мечта, проезд 25-й, земельный участок 9","Земельные участки, находящиеся в составе дачных, садоводческих и огороднических объединений, для ведения дачного хозяйства",Земли сельскохозяйственного назначения,площадь,Купля-продажа,,89:12:000000:9089;89:12:120102:123,2025-09-29,2025-10-02,4656.577415599534,Собственность,1,,,,,,,859.0,4000000.0,,1.0,0.0
2026-01-01,89:12:110807:40,Земельный участок,2015.0,,,,,,,,,,,"Ямало-Ненецкий автономный округ, г Ноябрьск, ГК Ханто-1, ряд 5, гараж №54",для размещения гаражей и автостоянок,Земли населенных пунктов,площадь,Купля-продажа,,,2025-10-01,2025-10-03,23913.043478260868,Собственность,1,,,,,,,23.0,550000.0,,1.0,0.0
2026-01-01,89:09:010101:46,Земельный участок,2015.0,,,,,,,,,,,"Ямало-Ненецкий автономный округ, г Лабытнанги, ул Геологов, гаражная площадка",хранение автотранспорта(2.7.1),Земли населенных пунктов,площадь,Купля-продажа,,89:09:010101:674,2025-09-30,2025-10-03,27692.30769230769,Собственность,1,,,,,,,65.0,1800000.0,,1.0,0.0
2026-01-01,89:08:070101:1488,Земельный участок,2015.0,,,,,,,,,,,"Ямало-Ненецкий автономный округ, городской округ город Салехард, территория дачного некоммерческого товарищества «Север», улица Полевая, земельный участок 63",ведение дачного хозяйства,Земли сельскохозяйственного назначения,площадь,Купля-продажа,,89:08:070101:6866,2025-09-26,2025-10-03,4285.714285714285,Собственность,1,,,,,,,700.0,3000000.0,,1.0,0.0
2026-01-01,89:08:030301:39,Земельный участок,2015.0,,,,,,,,,,,"Ямало-Ненецкий автономный округ, городской округ город Салехард, город Салехард, улица Уфан, земельный участок 51",для индивидуального жилищного строительства,Земли населенных пунктов,площадь,Купля-продажа,,89:08:030301:226,2025-10-02,2025-10-06,13793.103448275862,Собственность,1,,,,,,,580.0,8000000.0,,1.0,0.0
2026-01-01,89:12:110822:96,Земельный участок,2015.0,,,,,,,,,,,"Ямало-Ненецкий автономный округ, г Ноябрьск, Гаражный комплекс ""Ханто-2"", ряд 26, гараж 10","земельные участки, предназначенные для размещения гаражей и автостоянок",Земли населенных пунктов,площадь,Купля-продажа,,,2025-10-01,2025-10-08,7692.307692307692,Собственность,1,,,,,,,26.0,200000.0,,1.0,0.0
2026-01-01,89:05:030201:707,Земельный участок,2015.0,,,,,,,,,,,"Ямало-Ненецкий автономный округ, муниципальный округ Пуровский район, поселок Ханымей, улица Железнодорожная, земельный участок 3/3",хранение автотранспорта (код 2.7.1),Земли населенных пунктов,площадь,Купля-продажа,,89:05:030201:3046,2025-07-29,2025-10-08,6837.5675675675675,Собственность,1,,,,,,,37.0,252990.0,,1.0,0.0
2026-01-01,89:12:110805:427,Земельный участок,2015.0,,,,,,,,,,,"Ямало-Ненецкий автономный округ, городской округ город Ноябрьск, город Ноябрьск, территория ГК Ханто-1, ряд(ы) 34-й, земельный участок 97",размещение гаражей для собственных нужд,Земли населенных пунктов,площадь,Купля-продажа,,89:12:110805:430,2025-10-07,2025-10-09,15384.615384615385,Собственность,1,,,,,,,26.0,400000.0,,1.0,0.0
2026-01-01,89:08:030301:2057,Земельный участок,2015.0,,,,,,,,,,,"Ямало-Ненецкий автономный округ, городской округ город Салехард, город Салехард, улица Объездная","Предоставление коммунальных услуг, код 3.1.1",Земли населенных пунктов,площадь,Купля-продажа,,89:08:030301:2040,2025-09-29,2025-10-10,691.28,Собственность,1,,,,,,,28.0,19355.84,,1.0,0.0
2026-01-01,89:09:010206:173,Земельный участок,2015.0,,,,,,,,,,,"Ямало-Ненецкий автономный округ, г Лабытнанги, ул Школьная, гаражная площадка № 17, блок «Д»",хранение автотранспорта (код 2.7.1),Земли населенных пунктов,площадь,Купля-продажа,,,2025-10-10,2025-10-13,34672.65567314792,Собственность,1,,,,,,,47.0,1800000.0,Выброс,1.0,0.0
2026-01-01,89:11:040101:7499,Земельный участок,2015.0,,,,,,,,,,,"Ямало-Ненецкий автономный округ, г Новый Уренгой, район Северный",Ведение садоводства,Земли населенных пунктов,площадь,Купля-продажа,,,2025-07-17,2025-10-13,258.41,Общая долевая собственность,1,,,,,,,600.0,155046.0,,1.0,0.0
2026-01-01,89:01:010806:1560,Земельный участок,2015.0,,,,,,,,,,,"Ямало-Ненецкий автономный округ, муниципальный округ Шурышкарский район, село Мужи, улица Уральская, земельный участок 65в",Склады. Код 6.9,Земли населенных пунктов,площадь,Купля-продажа,,89:01:010806:1544,2025-09-25,2025-10-13,6250.0,Собственность,1,,,,,,,640.0,4000000.0,,1.0,0.0
2026-01-01,89:12:110805:29,Земельный участок,2015.0,,,,,,,,,,,"Ямало-Ненецкий автономный округ, г Ноябрьск, ГК Ханто-1, ряд 35, гараж №23",для размещения гаражей и автостоянок,Земли населенных пунктов,площадь,Купля-продажа,,,2025-10-09,2025-10-13,22580.645161290322,Собственность,1,,,,,,,31.0,700000.0,,1.0,0.0
2026-01-01,89:06:020101:1266,Земельный участок,2015.0,,,,,,,,,,,"Ямало-Ненецкий автономный округ, муниципальный округ Тазовский район, поселок Тазовский, микрорайон Газ-Сале, улица Ямбургская, земельный участок 6г",Склады (6.9),Земли населенных пунктов,площадь,Купля-продажа,,89:06:020101:4622,2025-07-23,2025-10-14,411.67999999999995,Собственность,1,,,,,,,2762.0,1137060.16,,1.0,0.0
2026-01-01,89:10:010305:1412,Земельный участок,2015.0,,,,,,,,,,,"Ямало-Ненецкий автономный округ, муниципальный округ Надымский район, город Надым, проезд 8-й, земельный участок 36/74",Хранение автотранспорта (Код 2.7.1),Земли населенных пунктов,площадь,Купля-продажа,,89:10:010305:1436,2025-10-13,2025-10-14,12125.0,Собственность,1,,,,,,,40.0,485000.0,,1.0,0.0
2026-01-01,89:10:010109:1788,Земельный участок,2015.0,,,,,,,,,,,"Ямало-Ненецкий автономный округ, муниципальный округ Надымский район, город Надым, улица Юбилейная, земельный участок 8/11",хранение автотранспорта (код 2.7.1),Земли населенных пунктов,площадь,Купля-продажа,,,2025-10-10,2025-10-14,14545.454545454546,Собственность,1,,,,,,,33.0,480000.0,,1.0,0.0
2026-01-01,89:05:020118:210,Земельный участок,2015.0,,,,,,,,,,,"Ямало-Ненецкий автономный округ, р-н Пуровский, г Тарко-Сале, район промбазы СУМВР, ряд 3, участок №20",Хранение автотранспорта (код 2.7.1),Земли населенных пунктов,площадь,Купля-продажа,,,2025-10-12,2025-10-15,10000.0,Собственность,1,,,,,,,35.0,350000.0,,1.0,0.0
2026-01-01,89:11:040101:3541,Земельный участок,2015.0,,,,,,,,,,,"Ямало-Ненецкий автономный округ, г.о. город Новый Уренгой, г Новый Уренгой, тер. днт ДНТ Лира, ул Степная, з/у 1",ведение дачного хозяйства,Земли населенных пунктов,площадь,Купля-продажа,,89:11:040101:4135,2025-10-10,2025-10-16,14198.473282442748,Собственность,1,,,,,,,655.0,9300000.0,,1.0,0.0
2026-01-01,89:12:110904:346,Земельный участок,2015.0,,,,,,,,,,,"Ямало-Ненецкий автономный округ, г Ноябрьск, ГК ""Пелей-5"", ряд 29, гараж 18","земельные участки, предназначенные для разработки полезных ископаемых, размещения железнодорожных путей, автомобильных дорог, искусственно созданных внутренних водных путей, причалов, пристаней, полос отвода железных и автомобильных дорог, водных путей, трубопроводов, кабельных, радиорелейных и воздушных линий связи и линий радиофикации, воздушных линий электропередачи конструктивных элементов и сооружений, объектов, необходимых для эксплуатации, содержания, строительства, реконструкции, ремонта, развития наземных и подземных зданий, строений, сооружений, устройств транспорта, энергетики и связи; размещения наземных сооружений и инфраструктуры спутниковой связи, объектов космической деятельности, военных объектов",Земли населенных пунктов,площадь,Купля-продажа,,,2025-10-16,2025-10-20,30769.23076923077,Собственность,1,,,,,,,26.0,800000.0,,1.0,0.0
2026-01-01,89:11:040101:4110,Земельный участок,2015.0,,,,,,,,,,,"Ямало-Ненецкий автономный округ, г Новый Уренгой, район Северный на территории ДНТ ""Титан"", земельный участок №54",Ведение садоводства (13.2),Земли населенных пунктов,площадь,Купля-продажа,,89:11:040101:7927,2025-10-16,2025-10-20,8833.333333333334,Собственность,1,,,,,,,600.0,5300000.0,,1.0,0.0
2026-01-01,89:12:110802:45,Земельный участок,2015.0,,,,,,,,,,,"Ямало-Ненецкий автономный округ, г Ноябрьск, ГК Ханто-1, ряд 9, гараж №8А",для размещения гаражей и автостоянок,Земли населенных пунктов,площадь,Купля-продажа,,,2025-10-17,2025-10-21,34672.65567314792,Собственность,1,,,,,,,20.0,5700000.0,Выброс,1.0,0.0
2026-01-01,89:12:111115:120,Земельный участок,2015.0,,,,,,,,,,,"Ямало-Ненецкий автономный округ, г Ноябрьск, Промузел Пелей, панель 15",Производственная деятельность,Земли населенных пунктов,площадь,Купля-продажа,,89:12:111101:638,2025-10-13,2025-10-22,523.9520958083832,Общая долевая собственность,1,,,,,,,1336.0,700000.0,,1.0,0.0
2026-01-01,89:12:110903:18,Земельный участок,2015.0,,,,,,,,,,,"Ямало-Ненецкий автономный округ, г Ноябрьск, ГПК Магистраль, блок 1, гараж 48","для разработки полезных ископаемых, размещения железнодорожных путей, автомобильных дорог, искусственно созданных внутренних водных путей, причалов ...",Земли населенных пунктов,площадь,Купля-продажа,,,2025-10-22,2025-10-24,34672.65567314792,Собственность,1,,,,,,,26.0,1000000.0,Выброс,1.0,0.0
2026-01-01,89:12:110805:62,Земельный участок,2015.0,,,,,,,,,,,"Ямало-Ненецкий автономный округ, г Ноябрьск, ГК Ханто-1, ряд 37, гараж 25","земельные участки, предназначенные для размещения гаражей и автостоянок",Земли населенных пунктов,площадь,Купля-продажа,,,2025-10-22,2025-10-24,19230.76923076923,Собственность,1,,,,,,,26.0,500000.0,,1.0,0.0
2026-01-01,89:12:110813:163,Земельный участок,2015.0,,,,,,,,,,,"Ямало-Ненецкий автономный округ, г Ноябрьск, ГК Ханто-2, ряд 3, гараж 27",Земли населенных пунктов,Земли населенных пунктов,площадь,Купля-продажа,,,2025-10-19,2025-10-29,11917.5,Собственность,1,,,,,,,24.0,286020.0,,1.0,0.0
2026-01-01,89:12:110611:2377,Земельный участок,2015.0,,,,,,,,,,,"Ямало-Ненецкий автономный округ, городской округ город Ноябрьск, город Ноябрьск, территория ГПК Тепловик, земельный участок 7/116",Размещение гаражей для собственных нужд (2.7.2),Земли населенных пунктов,площадь,Купля-продажа,,,2025-10-28,2025-10-29,30208.333333333332,Собственность,1,,,,,,,24.0,725000.0,,1.0,0.0
2026-01-01,89:12:120102:438,Земельный участок,2015.0,,,,,,,,,,,"Ямало-Ненецкий автономный округ, городской округ город Ноябрьск, город Ноябрьск, территория потребительского садоводческого общества Мечта, проезд 19-й, земельный участок 33",ведение дачного хозяйства (13.3),Земли сельскохозяйственного назначения,площадь,Купля-продажа,,89:12:120102:514,2025-10-31,2025-11-01,3970.7419017763846,Собственность,1,,,,,,,957.0,3800000.0,,1.0,0.0
2026-01-01,89:12:110818:537,Земельный участок,2015.0,,,,,,,,,,,"Ямало-Ненецкий автономный округ, городской округ город Ноябрьск, город Ноябрьск, территория ГК Ханто-2, ряд(ы) 7-й, земельный участок 26",размещение гаражей для собственных нужд (2.7.2),Земли населенных пунктов,площадь,Купля-продажа,,,2025-11-07,2025-11-11,10869.565217391304,Собственность,1,,,,,,,23.0,250000.0,,1.0,0.0
2026-01-01,89:11:040101:4019,Земельный участок,2015.0,,,,,,,,,,,"Ямало-Ненецкий автономный округ, г Новый Уренгой, район Северный на территории ДНТ ""Титан"", земельный участок №127",Ведение дачного хозяйства,Земли населенных пунктов,площадь,Купля-продажа,,,2025-11-09,2025-11-11,5166.666666666667,Собственность,1,,,,,,,600.0,3100000.0,,1.0,0.0
2026-01-01,89:02:020103:157,Земельный участок,2015.0,,,,,,,,,,,"Ямало-Ненецкий автономный округ, р-н Приуральский, с Аксарка, мкр Юбилейный, земельный участок 9",Для индивидуального жилищного строительства,Земли населенных пунктов,площадь,Купля-продажа,,89:02:020103:974;89:02:000000:328,2025-11-12,2025-11-12,20104.43864229765,Собственность,1,,,,,,,766.0,15400000.0,,1.0,0.0
2026-01-01,89:05:020119:54,Земельный участок,2015.0,,,,,,,,,,,"Ямало-Ненецкий автономный округ, р-н Пуровский, г Тарко-Сале, ул Победы, д 10 а",магазины (код 4.4),Земли населенных пунктов,площадь,Купля-продажа,,89:05:020119:99,2025-11-11,2025-11-12,14170.040485829959,Собственность,1,,,,,,,494.0,7000000.0,,1.0,0.0
2026-01-01,89:11:030301:7712,Земельный участок,2015.0,,,,,,,,,,,"Ямало-Ненецкий автономный округ, городской округ город Новый Уренгой, город Новый Уренгой, территория ТСН Дружба, проезд 6-й Дружный, земельный участок 19",Ведение садоводства (код 13.2),Земли населенных пунктов,площадь,Купля-продажа,,89:11:030301:7796,2025-11-11,2025-11-13,20000.0,Общая долевая собственность,1,,,,,,,600.0,12000000.0,,1.0,0.0
2026-01-01,89:12:110906:46,Земельный участок,2015.0,,,,,,,,,,,"Ямало-Ненецкий автономный округ, г Ноябрьск, ГК Пелей-5, ряд 44, гараж №21","для разработки полезных ископаемых, размещения железнодорожных путей, автомобильных дорог...",Земли населенных пунктов,площадь,Купля-продажа,,,2025-11-11,2025-11-13,27000.0,Собственность,1,,,,,,,25.0,675000.0,,1.0,0.0
2026-01-01,89:12:111111:49,Земельный участок,2015.0,,,,,,,,,,,"Ямало-Ненецкий автономный округ, г Ноябрьск, Промузел Пелей Панель 11","для содержания и эксплуатации сборных РММ, здания конторы, здания РММ, отапливаемого склада, ремонтно-механических мастерских",Земли населенных пунктов,площадь,Купля-продажа,,89:12:000000:9066; 89:12:111108:496; 89:12:111111:149; 89:12:111111:150; 89:12:111108:186; 89:12:111101:441,2025-11-14,2025-11-17,1918.9383070301292,Собственность,1,,,,,,,33456.0,64200000.0,,1.0,0.0
2026-01-01,89:12:110819:240,Земельный участок,2015.0,,,,,,,,,,,"Ямало-Ненецкий автономный округ, городской округ город Ноябрьск, город Ноябрьск, территория ГК Ханто-2, ряд 35-й, гараж 7","земельные участки, предназначенные для размещения гаражей и автостоянок",Земли населенных пунктов,площадь,Купля-продажа,,,2025-10-07,2025-11-25,22916.666666666668,Собственность,1,,,,,,,24.0,550000.0,,1.0,0.0
2026-01-01,89:12:110601:2,Земельный участок,2015.0,,,,,,,,,,,"Ямало-Ненецкий автономный округ, городской округ город Ноябрьск, город Ноябрьск, улица Энтузиастов, дом 12",Магазины (4.4),Земли населенных пунктов,площадь,Купля-продажа,,89:12:110601:516;89:12:000000:18003,2023-10-31,2025-11-28,5789.270551910459,Собственность,1,,,,,,,2591.0,15000000.0,,1.0,0.0
2026-01-01,89:12:120102:772,Земельный участок,2015.0,,,,,,,,,,,"Ямало-Ненецкий автономный округ, г Ноябрьск, потребительского садоводческого общества Мечта тер потребительского садоводческого общества Мечта проезд 14 участок 31",для ведения дачного хозяйства (13.3),Земли сельскохозяйственного назначения,площадь,Купля-продажа,,,2025-11-28,2025-12-03,1336.4779874213837,Собственность,1,,,,,,,636.0,850000.0,,1.0,0.0
2026-01-01,89:12:110903:292,Земельный участок,2015.0,,,,,,,,,,,"Ямало-Ненецкий автономный округ, г Ноябрьск, ГК Магистраль, ряд 2, гараж 2","Земельные участки, предназначенные для разработки полезных ископаемых, размещения железнодорожных путей, автомобильных дорог, искусственно созданных внутренних водных путей, причалов, пристаней, полос отвода железных и автомобильных дорог, водных путей, трубопроводов, кабельных, радиорелейных и воздушных линий и линий радиофикации, воздушных линий электропередачи конструктивных элементов и сооружений, объектов, необходимых для эксплуатации, содержания, строительства, реконструкции, ремонта, развития наземных и подземных зданий, строений, сооружений, устройств транспорта, энергетики и связи; размещения наземных сооружений и инфраструктуры спутниковой связи, объектов космической деятельности, военных объектов",Земли населенных пунктов,площадь,Купля-продажа,,,2025-12-02,2025-12-04,34672.65567314792,Собственность,1,,,,,,,28.0,2400000.0,Выброс,1.0,0.0
2026-01-01,89:11:030301:7737,Земельный участок,2015.0,,,,,,,,,,,"Ямало-Ненецкий автономный округ, городской округ город Новый Уренгой, город Новый Уренгой, Восточная промзона",Ведение садоводства (код 13.2),Земли населенных пунктов,площадь,Купля-продажа,,,2025-11-11,2025-12-04,217.06446540880503,Собственность,1,,,,,,,636.0,138053.0,,1.0,0.0
2026-01-01,89:12:110804:225,Земельный участок,2015.0,,,,,,,,,,,"Ямало-Ненецкий автономный округ, г Ноябрьск, Гаражный комплекс Ханто-1, ряд 1, гараж 22","земельные участки, предназначенные для размещения гаражей и автостоянок",Земли населенных пунктов,площадь,Купля-продажа,,,2025-12-03,2025-12-04,2857.1428571428573,Собственность,1,,,,,,,28.0,80000.0,,1.0,0.0
2026-01-01,89:12:110201:377,Земельный участок,2015.0,,,,,,,,,,,"Ямало-Ненецкий автономный округ, г Ноябрьск, 16 км. автодороги г.Ноябрьск - Холмогорское месторождение, участок 19",Ведение садоводства,Земли сельскохозяйственного назначения,площадь,Купля-продажа,,,2025-12-03,2025-12-04,475.5944931163955,Собственность,1,,,,,,,799.0,380000.0,,1.0,0.0
2026-01-01,89:05:030301:1015,Земельный участок,2015.0,,,,,,,,,,,"Ямало-Ненецкий автономный округ, городской округ город Губкинский, г Губкинский, ул Молодежная, з/у 20А",Для индивидуального жилищного строительства,Земли населенных пунктов,площадь,Купля-продажа,,89:05:030301:1646,2025-12-02,2025-12-04,11968.992248062015,Собственность,1,,,,,,,645.0,7720000.0,,1.0,0.0
2026-01-01,89:12:110807:71,Земельный участок,2015.0,,,,,,,,,,,"Ямало-Ненецкий автономный округ, г Ноябрьск, ГК Ханто-1, ряд 8, гараж 11",для размещения гаражей и автостоянок,Земли населенных пунктов,площадь,Купля-продажа,,,2025-11-23,2025-12-05,21153.846153846152,Собственность,1,,,,,,,26.0,550000.0,,1.0,0.0
2026-01-01,89:12:110807:24,Земельный участок,2015.0,,,,,,,,,,,"Ямало-Ненецкий автономный округ, г Ноябрьск, ГК Ханто-1, ряд 6, гараж №62",для размещения гаражей и автостоянок,Земли населенных пунктов,площадь,Купля-продажа,,,2025-04-30,2025-12-08,17142.85714285714,Собственность,1,,,,,,,28.0,480000.0,,1.0,0.0
2026-01-01,89:12:110611:2392,Земельный участок,2015.0,,,,,,,,,,,"Российская Федерация, Ямало-Ненецкий автономный округ, городской округ город Ноябрьск, город Ноябрьск, улица Муравленко, земельный участок 5/10","размещение гаражей для собственных нужд, (2.7.2)",Земли населенных пунктов,площадь,Купля-продажа,,89:12:000000:9545,2025-12-09,2025-12-10,34672.65567314792,Собственность,1,,,,,,,33.0,1500000.0,Выброс,1.0,0.0
2026-01-01,89:08:010107:836,Земельный участок,2015.0,,,,,,,,,,,"Ямало-Ненецкий автономный округ, г Салехард, ул Сенькина, земельный участок 59","для индивидуального жилищного строительства, код 2.1",Земли населенных пунктов,площадь,Купля-продажа,,89:08:010107:406,2025-12-09,2025-12-10,17924.528301886792,Собственность,1,,,,,,,530.0,9500000.0,,1.0,0.0
2026-01-01,89:14:030103:1280,Земельный участок,2015.0,,,,,,,,,,,"Ямало-Ненецкий автономный округ, г Губкинский, снт Садово-огороднический массив. Местоположение установлено относительно ориентира, расположенного за пределами участка. Ориентир Губкинский водозабор (водоочистные сооружения). Участок находится примерно в 635 метрах, по направлению на юго-запад от ориентира.","земельные участки, находящиеся в составе дачных, садоводческих и огороднических объединений",Земли сельскохозяйственного назначения,площадь,Купля-продажа,,,2025-12-11,2025-12-15,936.374549819928,Собственность,1,,,,,,,833.0,780000.0,,1.0,0.0
2026-01-01,89:05:020112:228,Земельный участок,2015.0,,,,,,,,,,,"Ямало-Ненецкий автономный округ, р-н Пуровский, г Тарко-Сале, мкр Окуневый, участок № 117.",Для индивидуального жилищного строительства,Земли населенных пунктов,площадь,Купля-продажа,,,2025-12-09,2025-12-15,8237.232289950576,Собственность,1,,,,,,,607.0,5000000.0,,1.0,0.0
2026-01-01,89:10:010305:1582,Земельный участок,2015.0,,,,,,,,,,,"Ямало-Ненецкий автономный округ, муниципальный округ Надымский район, город Надым, проезд 8-й, земельный участок 19/5/344",Хранение автотранспорта (2.7.1),Земли населенных пунктов,площадь,Купля-продажа,,89:10:000000:3877,2025-12-15,2025-12-17,8684.21052631579,Собственность,1,,,,,,,38.0,330000.0,,1.0,0.0
2026-01-01,89:11:040101:7498,Земельный участок,2015.0,,,,,,,,,,,"Ямало-Ненецкий автономный округ, г Новый Уренгой, район Северный",Ведение садоводства,Земли населенных пунктов,площадь,Купля-продажа,,,2024-10-03,2025-12-18,1315.7894736842106,Собственность,1,,,,,,,760.0,1000000.0,,1.0,0.0
2026-01-01,89:14:010125:585,Земельный участок,2015.0,,,,,,,,,,,"Ямало-Ненецкий автономный округ, г Губкинский, гаражный массив 11, блок Р1/1, гараж 45",хранение автотранспорта(2.7.1),Земли населенных пунктов,площадь,Купля-продажа,,,2025-05-30,2025-12-22,11250.0,Собственность,1,,,,,,,60.0,675000.0,,1.0,0.0
2026-01-01,89:14:040101:553,Земельный участок,2015.0,,,,,,,,,,,"Ямало-Ненецкий автономный округ, городской округ город Губкинский, город Губкинский, микрорайон № 18, земельный участок 14А",Блокированная жилая застройка,Земли населенных пунктов,площадь,Купля-продажа,,,2025-12-18,2025-12-22,34672.65567314792,Общая совместная собственность,1,,,,,,,331.0,14600000.0,Выброс,1.0,0.0
2026-01-01,89:08:070101:1186,Земельный участок,2015.0,,,,,,,,,,,"Ямало-Ненецкий автономный округ, Городской округ город Салехард, ДНТ ""Север"", ул Лесная, участок № 29",ведение садоводства (13.2),Земли сельскохозяйственного назначения,площадь,Купля-продажа,,,2025-12-22,2025-12-23,13898.895714285714,Собственность,1,,,,,,,700.0,9729227.0,,1.0,0.0
2026-01-01,89:12:110818:535,Земельный участок,2015.0,,,,,,,,,,,"Ямало-Ненецкий автономный округ, город  Ноябрьск, территория ГК Ханто-2, ряд 9-й, земельный участок 2",размещение гаражей для собственных нужд,Земли населенных пунктов,площадь,Купля-продажа,,89:12:110818:529,2025-12-24,2025-12-26,6756.756756756757,Собственность,1,,,,,,,74.0,500000.0,,1.0,0.0
2026-01-01,89:13:010216:1160,Земельный участок,2015.0,,,,,,,,,,,"Российская Федерация, Ямало-Ненецкий автономный округ, городской округ город Муравленко, город Муравленко, улица Губкина, земельный участок 55/8/194а",размещение гаражей для собственных нужд (2.7.2),Земли населенных пунктов,площадь,Купля-продажа,,,2025-12-21,2025-12-29,5263.1578947368425,Собственность,1,,,,,,,38.0,200000.0,,1.0,0.0
2026-01-01,89:04:020108:1626,Земельный участок,2015.0,,,,,,,,,,,"Ямало-Ненецкий автономный округ, муниципальный округ Надымский район, поселок городского типа Пангоды, территория КСЭИГ Автомобилист-93, земельный участок 157",Хранение автотранспорта (код 2.7.1),Земли населенных пунктов,площадь,Купля-продажа,,,2025-12-29,2025-12-30,5230.7692307692305,Собственность,1,,,,,,,65.0,340000.0,,1.0,0.0
2026-01-04,89:14:020102:384,Земельный участок,2015.0,,,,,,,,,,,"Ямало-Ненецкий автономный округ, г Губкинский, промышленная зона, панель 3, ГСК Автомобилист, гараж 3",хранение автотранспорта(2.7.1),003002000000,Площадь,Купля-продажа,,,2025-12-28,2026-01-12,23437.5,001001000000,1,,,,,,,32.0,750000.0,,1.0,0.0
2026-01-04,89:12:110815:36,Земельный участок,2015.0,,,,,,,,,,,"Ямало-Ненецкий автономный округ, г Ноябрьск, ГК Ханто-2, ряд 46, гараж 3",для размещения гаражей и автостоянок,003002000000,Площадь,Купля-продажа,,,2026-01-06,2026-01-13,20000.0,001001000000,1,,,,,,,25.0,500000.0,,1.0,0.0
2026-01-04,89:11:030301:3555,Земельный участок,2015.0,,,,,,,,,,,"Ямало-Ненецкий автономный округ, городской округ город Новый Уренгой, город Новый Уренгой, снт ДНТ Северное сияние, ул Владимирская, з/у 21","Земельные участки, предназначенные для дачного строительства, садоводства и огородничества",003002000000,Площадь,Купля-продажа,,,2026-01-14,2026-01-14,9166.666666666666,001001000000,1,,,,,,,600.0,5500000.0,,1.0,0.0
2026-01-04,89:08:070101:2464,Земельный участок,2015.0,,,,,,,,,,,"Ямало-Ненецкий автономный округ, городской округ город Салехард, г Салехард, мкр Радужный, ул Паши Кривощёкова, земельный участок 22","для индивидуального жилищного строительства, код. 2.1",003002000000,Площадь,Купля-продажа,,,2026-01-15,2026-01-16,16103.05958132045,001001000000,1,,,,,,,621.0,10000000.0,,1.0,0.0
2026-01-04,89:12:110824:58,Земельный участок,2015.0,,,,,,,,,,,"Ямало-Ненецкий автономный округ, г Ноябрьск, Гаражный комплекс Ханто-2, ряд 62, гараж 19.","земельные участки, предназначенные для размещения гаражей и автостоянок",003002000000,Площадь,Купля-продажа,,,2026-01-15,2026-01-19,22000.0,001001000000,1,,,,,,,25.0,550000.0,,1.0,0.0
2026-01-04,89:12:120102:922,Земельный участок,2015.0,,,,,,,,,,,"Ямало-Ненецкий автономный округ, г Ноябрьск, территория потребительского садоводческого общества ""Мечта"", 28-й проезд, участок 30","земельные участки, находящиеся в составе дачных, садоводческих и огороднических объединений",003001000000,Площадь,Купля-продажа,,,2025-12-29,2026-01-19,2591.792656587473,001002000000,1,,,,,,,926.0,2400000.0,,1.0,0.0
2026-01-04,89:11:040101:1515,Земельный участок,2015.0,,,,,,,,,,,"Ямало-Ненецкий автономный округ, г Новый Уренгой, северо-западнее Северной коммунальной зоны, ДНТ ""Заимка""","для размещения ДНТ ""Заимка""",003002000000,Площадь,Купля-продажа,,,2026-01-15,2026-01-19,5093.378607809847,001002000000,1,,,,,,,589.0,3000000.0,,1.0,0.0
2026-01-04,89:08:070101:7180,Земельный участок,2015.0,,,,,,,,,,,"Ямало-Ненецкий автономный округ, город Салехард, проезд Лесной 7-й, земельный участок 12, ДНТ Надежда территория",Ведение садоводства,003001000000,Площадь,Купля-продажа,,,2026-01-19,2026-01-19,21192.073913043478,001001000000,1,,,,,,,460.0,9748354.0,,1.0,0.0
2026-01-04,89:13:010210:321,Земельный участок,2015.0,,,,,,,,,,,"Ямало-Ненецкий автономный округ, городской округ город Муравленко, город Муравленко, улица Энтузиастов, земельный участок 39/2/67",размещение гаражей для собственных нужд (2.7.2),003002000000,Площадь,Купля-продажа,,,2026-01-12,2026-01-22,7741.935483870968,001001000000,1,,,,,,,31.0,240000.0,,1.0,0.0
2026-01-04,89:02:010101:301,Земельный участок,2015.0,,,,,,,,,,,"Ямало-Ненецкий автономный округ, Приуральский район, муниципальное образование Белоярское, село Белоярск, микрорайон Приозерный 6",Для индивидуального жилищного строительства (код 2.1),003002000000,Площадь,Купля-продажа,,,2026-01-19,2026-01-23,462.6951995373048,001001000000,1,,,,,,,1729.0,800000.0,,1.0,0.0
2026-01-04,89:12:110803:270,Земельный участок,2015.0,,,,,,,,,,,"Ямало-Ненецкий автономный округ, г Ноябрьск, ГК Ханто-1, ряд 12, гараж 35","земельные участки, предназначенные для размещения гаражей и автостоянок",003002000000,Площадь,Купля-продажа,,,2026-01-21,2026-01-23,34672.65567314792,001001000000,1,,,,,,,22.0,850000.0,Выброс,1.0,0.0
2026-01-04,89:12:110903:238,Земельный участок,2015.0,,,,,,,,,,,"Ямало-Ненецкий автономный округ, г Ноябрьск, ГК ""Магистраль"", ряд 4, гараж 35","земельные участки, предназначенные для разработки полезных ископаемых, размещения железнодорожных путей, автомобильных дорог, искусственно созданных внутренних водных путей, причалов, пристаней, полос отвода железных и автомобильных дорог, водных путей, трубопроводов, кабельных, радиорелейных и воздушных линий и линий радиофикации, воздушных линий электропередачи конструктивных элементов и сооружений, объектов, необходимых для эксплуатации, содержания, строительства, реконструкции, ремонта, развития наземных и подземных зданий, строений, сооружений, устройств транспорта, энергетики и связи; размещения наземных сооружений и инфраструктуры спутниковой связи, объектов космической деятельности, военных объектов",003002000000,Площадь,Купля-продажа,,,2026-01-22,2026-01-23,33333.333333333336,001001000000,1,,,,,,,24.0,800000.0,,1.0,0.0
2026-01-04,89:06:010102:1136,Земельный участок,2015.0,,,,,,,,,,,"Ямало-Ненецкий автономный округ, р-н Тазовский, п Тазовский, мкр Школьный",Для индивидуального жилищного строительства,003002000000,Площадь,Купля-продажа,,,2026-01-28,2026-01-29,2707.0063694267515,001001000000,1,,,,,,,628.0,1700000.0,,1.0,0.0
2026-01-04,89:12:110808:46,Земельный участок,2015.0,,,,,,,,,,,"Ямало-Ненецкий автономный округ, г Ноябрьск, ГК Ханто-1, ряд 41, гараж №55",для размещения гаражей и автостоянок,003002000000,Площадь,Купля-продажа,,,2026-01-30,2026-02-02,4545.454545454545,001001000000,1,,,,,,,22.0,100000.0,,1.0,0.0
2026-01-04,89:12:110501:25,Земельный участок,2015.0,,,,,,,,,,,"Ямало-Ненецкий автономный округ, г Ноябрьск, ул Первомайская, д 81",для индивидуального жилищного строительства (2.1),003002000000,Площадь,Купля-продажа,,,2026-01-30,2026-02-03,10740.74074074074,001001000000,1,,,,,,,1080.0,11600000.0,,1.0,0.0
2026-01-04,89:12:110817:230,Земельный участок,2015.0,,,,,,,,,,,"Ямало-Ненецкий автономный округ, г Ноябрьск, Гаражный комплекс ""Ханто-2"", ряд 17, гараж 14","земельные участки, предназначенные для размещения гаражей и автостоянок",003002000000,Площадь,Купля-продажа,,,2026-01-26,2026-02-03,30769.23076923077,001001000000,1,,,,,,,26.0,800000.0,,1.0,0.0
2026-01-04,89:09:010101:27,Земельный участок,2015.0,,,,,,,,,,,"Ямало-Ненецкий автономный округ, г Лабытнанги, ул Геологов, гаражная площадка",хранение автотранспорта(2.7.1),003002000000,Площадь,Купля-продажа,,,2026-02-03,2026-02-04,34672.65567314792,001001000000,1,,,,,,,46.0,1800000.0,Выброс,1.0,0.0
2026-01-04,89:11:040101:2552,Земельный участок,2015.0,,,,,,,,,,,"Ямало-Ненецкий автономный округ, г Новый Уренгой, западнее Северной коммунальной зоны, на территории дачного потребительского кооператива ""У-ДАЧА""",ведение дачного хозяйства,003002000000,Площадь,Купля-продажа,,,2026-02-04,2026-02-05,3496.5034965034965,001001000000,1,,,,,,,572.0,2000000.0,,1.0,0.0
2026-01-04,89:09:020101:174,Земельный участок,2015.0,,,,,,,,,,,"Ямало-Ненецкий автономный округ, г Лабытнанги, ул Больничная, гаражная площадка № 39",хранение автотранспорта (2.7.1),003002000000,Площадь,Купля-продажа,,,2026-02-05,2026-02-06,34000.0,001001000000,1,,,,,,,50.0,1700000.0,,1.0,0.0
2026-01-04,89:12:110803:422,Земельный участок,2015.0,,,,,,,,,,,"Ямало-Ненецкий автономный округ, городской округ город Ноябрьск, город Ноябрьск, территория ГК Ханто-1, ряд 11-й, земельный участок 80",размещение гаражей для собственных нужд,003002000000,Площадь,Купля-продажа,,,2026-02-10,2026-02-12,27083.333333333332,001001000000,1,,,,,,,24.0,650000.0,,1.0,0.0
2026-01-04,89:08:070101:1442,Земельный участок,2015.0,,,,,,,,,,,"Ямало-Ненецкий автономный округ, Городской округ город Салехард, ДНТ ""Север"", ул Лесная, участок № 82","земельные участки, находящиеся в составе дачных, садоводческих и огороднических объединений",003001000000,Площадь,Купля-продажа,,,2026-02-12,2026-02-13,14000.0,001001000000,1,,,,,,,700.0,9800000.0,,1.0,0.0
2026-01-04,89:09:010206:78,Земельный участок,2015.0,,,,,,,,,,,"Ямало-Ненецкий автономный округ, г Лабытнанги, ул Школьная, гаражная площадка № 17, блок ""М""",хранение автотранспорта(2.7.1),003002000000,Площадь,Купля-продажа,,,2026-02-14,2026-02-17,5988.372093023256,001001000000,1,,,,,,,86.0,515000.0,,1.0,0.0
2026-01-04,89:08:010304:142,Земельный участок,2015.0,,,,,,,,,,,"Ямало-Ненецкий автономный округ, городской округ город Салехард, город Салехард, мкр Первомайский 3-й, земельный участок 6","для индивидуального жилищного строительства, код 2.1.",003002000000,Площадь,Купля-продажа,,,2008-12-29,2026-02-20,8321.775312066575,001001000000,1,,,,,,,721.0,6000000.0,,1.0,0.0
2026-01-04,89:04:020108:760,Земельный участок,2015.0,,,,,,,,,,,"Ямало-Ненецкий автономный округ, р-н Надымский, п Пангоды, ул Мира, КСЭИГ ""Автомобилист-93"", гараж № 250",хранение автотранспорта(2.7.1),003002000000,Площадь,Купля-продажа,,,2026-02-21,2026-02-24,1500.0,001001000000,1,,,,,,,60.0,90000.0,,1.0,0.0
2026-01-04,89:05:030301:12827,Земельный участок,2015.0,,,,,,,,,,,"Ямало-Ненецкий автономный округ, город Губкинский, улица  Железнодорожная, земельный участок 12В/5",Размещение гаражей для собственных нужд (2.7.2),003002000000,Площадь,Купля-продажа,,,2026-02-21,2026-02-25,1388.888888888889,001001000000,1,,,,,,,36.0,50000.0,,1.0,0.0
2026-01-04,89:02:020108:579,Земельный участок,2015.0,,,,,,,,,,,"Ямало-Ненецкий автономный округ, Приуральский район, село Аксарка, улица Молодёжная, земельный участок 5",Для индивидуального жилищного строительсва,003002000000,Площадь,Купля-продажа,,,2026-02-24,2026-02-25,3582.089552238806,001001000000,1,,,,,,,670.0,2400000.0,,1.0,0.0
2026-01-04,89:12:110817:763,Земельный участок,2015.0,,,,,,,,,,,"Ямало-Ненецкий автономный округ, городской округ город Ноябрьск, город Ноябрьск, территория ГК Ханто-2, ряд(ы) 31-й, земельный участок 23",размещение гаражей для собственных нужд,003002000000,Площадь,Купля-продажа,,,2026-02-21,2026-02-25,34672.65567314792,001001000000,1,,,,,,,25.0,1350000.0,Выброс,1.0,0.0
2026-01-04,89:08:070101:2206,Земельный участок,2015.0,,,,,,,,,,,"Ямало-Ненецкий автономный округ, городской округ город Салехард, г  Салехард, мкр Радужный, участок № 34","для индивидуального жилищного строительства, код. 2.1.",003002000000,Площадь,Купля-продажа,,,2026-02-21,2026-02-25,6607.929515418502,001001000000,1,,,,,,,681.0,4500000.0,,1.0,0.0
2026-01-04,89:01:010801:23,Земельный участок,2015.0,,,,,,,,,,,"Ямало-Ненецкий автономный округ, р-н Шурышкарский, с Мужи, ул Советская, дом 3","земельные участки, предназначенные для размещения домов индивидуальной жилой застройки",003002000000,Площадь,Купля-продажа,,,2026-02-20,2026-02-25,7358.093903293623,001001000000,1,,,,,,,1427.0,10500000.0,,1.0,0.0
2026-01-04,89:12:110514:55,Земельный участок,2015.0,,,,,,,,,,,"Ямало-Ненецкий автономный округ, г Ноябрьск, ул Багульная, д 100",для размещения домов индивидуальной жилой застройки,003002000000,Площадь,Купля-продажа,,,2026-02-24,2026-02-25,12838.801711840228,001001000000,1,,,,,,,701.0,9000000.0,,1.0,0.0
2026-01-04,89:08:070101:1604,Земельный участок,2015.0,,,,,,,,,,,"Ямало-Ненецкий автономный округ, городской округ город Салехард, город Салехард, микрорайон Радужный, 6-й проезд, земельный участок 7",Для индивидуального жилищного строительства,003002000000,Площадь,Купля-продажа,,,2026-02-17,2026-02-25,5011.933174224344,001001000000,1,,,,,,,838.0,4200000.0,,1.0,0.0
2026-01-04,89:02:020503:1507,Земельный участок,2015.0,,,,,,,,,,,"Ямало-Ненецкий автономный округ, р-н Приуральский, с Аксарка, ул Молодёжная, 36",Для индивидуального жилищного строительства,003002000000,Площадь,Купля-продажа,,,2026-02-24,2026-02-26,1425.855513307985,001001000000,1,,,,,,,1052.0,1500000.0,,1.0,0.0
2026-01-04,89:08:070101:2632,Земельный участок,2015.0,,,,,,,,,,,"Ямало-Ненецкий автономный округ, Городской округ город Салехард, Фермерское хозяйство-1, Участок № 29","сельскохозяйственное использование, код 1.0",003001000000,Площадь,Купля-продажа,,,2026-02-21,2026-02-26,1347.2485768500949,001001000000,1,,,,,,,527.0,710000.0,,1.0,0.0
2026-01-04,89:05:030301:6780,Земельный участок,2015.0,,,,,,,,,,,"Ямало-Ненецкий автономный округ, г.о. город Губкинский, г Губкинский, ул Лермонтова, з/у 11/16, коллективные гаражи, ряд 11, бокс 16",хранение автотранспорта (код 2.7.1),003002000000,Площадь,Купля-продажа,,,2026-02-20,2026-02-26,15555.555555555555,001001000000,1,,,,,,,45.0,700000.0,,1.0,0.0
2026-01-04,89:11:030301:422,Земельный участок,2015.0,,,,,,,,,,,"Ямало-Ненецкий автономный округ, г Новый Уренгой, Восточная промзона","для ведения садоводческого, огороднического и дачного хозяйства",003002000000,Площадь,Купля-продажа,,,2026-02-24,2026-02-26,3059.9755201958383,001001000000,1,,,,,,,817.0,2500000.0,,1.0,0.0
2026-01-04,89:01:000000:423,Земельный участок,2015.0,,,,,,,,,,,"Ямало-Ненецкий автономный округ, муниципальный район Шурышкарский, сельское поселение Мужевское, село Мужи, улица Уральская, земельный участок 61/5","склады. Код ""6.9"".",003002000000,Площадь,Купля-продажа,,,2026-02-18,2026-02-27,386.09000000000003,001001000000,1,,,,,,,582.0,224704.38,,1.0,0.0
2026-01-04,89:08:070101:5378,Земельный участок,2015.0,,,,,,,,,,,"Ямало-Ненецкий автономный округ, г Салехард, северная часть города",ведение садоводства 13.2,003001000000,Площадь,Купля-продажа,,,2026-02-26,2026-02-27,2988.0478087649403,001001000000,1,,,,,,,502.0,1500000.0,,1.0,0.0
2026-01-04,89:05:020126:776,Земельный участок,2015.0,,,,,,,,,,,"Ямало-Ненецкий автономный округ, р-н Пуровский, г Тарко-Сале, ул Айваседо",Блокированная жилая застройка,003002000000,Площадь,Купля-продажа,,,2026-01-14,2026-02-27,2838.73,001001000000,1,,,,,,,340.0,965168.2,,1.0,0.0
2026-01-04,89:08:070101:1749,Земельный участок,2015.0,,,,,,,,,,,"Ямало-Ненецкий автономный округ, городской округ город Салехард, город Салехард, микрорайон Радужный, 6-й проезд, земельный участок 5",малоэтажная жилая застройка (индивидуальное жилищное строительство)-код 2.1,003002000000,Площадь,Купля-продажа,,,2026-02-27,2026-03-02,5833.333333333333,001001000000,1,,,,,,,600.0,3500000.0,,1.0,0.0
2026-01-04,89:11:050203:715,Земельный участок,2015.0,,,,,,,,,,,"Ямало-Ненецкий автономный округ, городской округ город Новый Уренгой, город Новый Уренгой, территория СНТ Мечта, улица Сиреневая, земельный участок 2",ведение садоводства,003002000000,Площадь,Купля-продажа,,,2026-02-27,2026-03-02,3333.3333333333335,001001000000,1,,,,,,,600.0,2000000.0,,1.0,0.0
2026-01-04,89:11:040101:3577,Земельный участок,2015.0,,,,,,,,,,,"Ямало-Ненецкий автономный округ, г Новый Уренгой, р-н Северный, ДНТ ""ЛИРА"", земельный участок №68","Земельные участки, находящиеся в составе дачных, садоводческих и огороднических объединений",003002000000,Площадь,Купля-продажа,,,2026-02-26,2026-03-02,14166.666666666666,001001000000,1,,,,,,,600.0,8500000.0,,1.0,0.0
2026-01-04,89:12:110821:46,Земельный участок,2015.0,,,,,,,,,,,"Ямало-Ненецкий автономный округ, г Ноябрьск, ГК Ханто-2, ряд 55, гараж №16",для размещения гаражей и автостоянок,003002000000,Площадь,Купля-продажа,,,2026-02-20,2026-03-02,2000.0,001001000000,1,,,,,,,25.0,50000.0,,1.0,0.0
2026-01-04,89:11:040101:1176,Земельный участок,2015.0,,,,,,,,,,,"Ямало-Ненецкий автономный округ, городской округ город Новый Уренгой, город Новый Уренгой, территория ТСН Виктория, улица 2-я Запрудная, земельный участок 4",земли дачных и садоводческих объединений граждан,003002000000,Площадь,Купля-продажа,,,2026-02-27,2026-03-03,1814.6911519198663,001001000000,1,,,,,,,599.0,1087000.0,,1.0,0.0
2026-01-04,89:08:030101:878,Земельный участок,2015.0,,,,,,,,,,,"Ямало-Ненецкий автономный округ, г Салехард, ул Кооперативная",для индивидуального жилищного строительстве (код 2.1),003002000000,Площадь,Купля-продажа,,,2026-02-27,2026-03-03,9273.570324574961,001001000000,1,,,,,,,647.0,6000000.0,,1.0,0.0
2026-01-04,89:05:020118:127,Земельный участок,2015.0,,,,,,,,,,,"Ямало-Ненецкий автономный округ, р-н Пуровский, г Тарко-Сале, район СУМВР, ряд №1, участок №23",Хранение автотранспорта (код 2.7.1),003002000000,Площадь,Купля-продажа,,,2026-03-02,2026-03-03,20512.82051282051,001001000000,1,,,,,,,39.0,800000.0,,1.0,0.0
2026-01-04,89:12:110810:434,Земельный участок,2015.0,,,,,,,,,,,"Ямало-Ненецкий автономный округ, городской округ город Ноябрьск, город Ноябрьск, территория ГК Ханто-1, ряд 27-й, земельный участок 21",Размещение гаражей для собственных нужд (2.7.2),003002000000,Площадь,Купля-продажа,,,2026-02-27,2026-03-04,4545.454545454545,001001000000,1,,,,,,,22.0,100000.0,,1.0,0.0
2026-01-04,89:12:110817:136,Земельный участок,2015.0,,,,,,,,,,,"Ямало-Ненецкий автономный округ, г Ноябрьск, ГК Ханто-2, ряд 31, гараж №48","земельные участки, предназначенные для размещения гаражей и автостоянок",003002000000,Площадь,Купля-продажа,,,2026-03-02,2026-03-04,26000.0,001001000000,1,,,,,,,25.0,650000.0,,1.0,0.0
2026-01-04,89:11:040101:8143,Земельный участок,2015.0,,,,,,,,,,,"Ямало-Ненецкий автономный округ, городской округ город Новый Уренгой, город Новый Уренгой, район Северный",для ведения садоводства (13.2),003002000000,Площадь,Купля-продажа,,,2026-01-28,2026-03-04,246.10599332220366,001001000000,1,,,,,,,599.0,147417.49,,1.0,0.0
2026-01-04,89:14:020106:97,Земельный участок,2015.0,,,,,,,,,,,"Ямало-Ненецкий автономный округ, г Губкинский, промышленная зона, панель 6, ГСК Мечта, гараж 22",хранение автотранспорта 2.7.1,003002000000,Площадь,Купля-продажа,,,2026-03-03,2026-03-05,1666.6666666666667,001001000000,1,,,,,,,30.0,50000.0,,1.0,0.0
2026-01-04,89:13:010303:138,Земельный участок,2015.0,,,,,,,,,,,"Ямало-Ненецкий автономный округ, городской округ город Муравленко, город Муравленко, территория СНТ Дружба, переулок Хвойный, земельный участок 6",ведение садоводства(13.2),003002000000,Площадь,Купля-продажа,,,2026-03-03,2026-03-05,456.2043795620438,001001000000,1,,,,,,,548.0,250000.0,,1.0,0.0
2026-01-04,89:13:010110:62,Земельный участок,2015.0,,,,,,,,,,,"Ямало-Ненецкий автономный округ, г Муравленко, ул Дружбы Народов, микрорайон 8-а, гаражный комплекс 3, ряд 1, гараж 13",Объекты гаражного назначения,003002000000,Площадь,Купля-продажа,,,2026-03-03,2026-03-05,8888.888888888889,001001000000,1,,,,,,,45.0,400000.0,,1.0,0.0
2026-01-04,89:05:020120:66,Земельный участок,2015.0,,,,,,,,,,,"Ямало-Ненецкий автономный округ, р-н Пуровский, г Тарко-Сале, район бани, ряд № 1, участок № 10",Хранение автотранспорта (код 2.7.1),003002000000,Площадь,Купля-продажа,,,2026-03-03,2026-03-05,3488.3720930232557,001001000000,1,,,,,,,43.0,150000.0,,1.0,0.0
2026-01-04,89:08:070101:2659,Земельный участок,2015.0,,,,,,,,,,,"Ямало-Ненецкий автономный округ, Городской округ город Салехард, Фермерское хозяйство-1, Участок № 46","сельскохозяйственное использование, код 1.0",003001000000,Площадь,Купля-продажа,,,2026-03-05,2026-03-06,3001.7699115044247,001001000000,1,,,,,,,565.0,1696000.0,,1.0,0.0
2026-01-04,89:09:110401:1541,Земельный участок,2015.0,,,,,,,,,,,"Ямало-Ненецкий автономный округ, р-н Приуральский, п Харп, кв-л Северный, гаражная площадка № 3",хранение автотранспорта (код 2.7.1),003002000000,Площадь,Купля-продажа,,,2026-03-03,2026-03-06,1795.15,001001000000,1,,,,,,,36.0,64625.4,,1.0,0.0
2026-01-04,89:08:070101:932,Земельный участок,2015.0,,,,,,,,,,,"Ямало-Ненецкий автономный округ, Городской округ город Салехард, ДНТ ""Север"", ул Нагорная, участок № 20","земельные участки, находящиеся в составе дачных, садоводческих и огороднических объединений",003001000000,Площадь,Купля-продажа,,,2026-03-05,2026-03-10,5579.399141630901,001001000000,1,,,,,,,699.0,3900000.0,,1.0,0.0
2026-01-04,89:11:040101:8096,Земельный участок,2015.0,,,,,,,,,,,"Ямало-Ненецкий автономный округ, городской округ город Новый Уренгой, город Новый Уренгой, район Северный",Ведение садоводства (код 13.2),003002000000,Площадь,Купля-продажа,,,2026-03-05,2026-03-10,4361.370716510904,001001000000,1,,,,,,,642.0,2800000.0,,1.0,0.0
2026-01-04,89:12:110812:106,Земельный участок,2015.0,,,,,,,,,,,"Ямало-Ненецкий автономный округ, г Ноябрьск, ГК Ханто-2, ряд 66, гараж № 20","земельные участки, предназначенные для размещения гаражей и автостоянок",003002000000,Площадь,Купля-продажа,,,2026-03-05,2026-03-10,9615.384615384615,001001000000,1,,,,,,,26.0,250000.0,,1.0,0.0
2026-01-04,89:08:070101:3103,Земельный участок,2015.0,,,,,,,,,,,"Ямало-Ненецкий автономный округ, г Салехард",Ведение садоводства (13.2),003001000000,Площадь,Купля-продажа,,,2026-03-05,2026-03-10,4666.666666666667,001001000000,1,,,,,,,450.0,2100000.0,,1.0,0.0
2026-01-04,89:07:010101:5616,Земельный участок,2015.0,,,,,,,,,,,"Ямало-Ненецкий автономный округ, р-н Красноселькупский, с Красноселькуп, ул Лесная, д 8",для ведения личного подсобного хозяйства (приусадебный земельный участок) (2.2),003002000000,Площадь,Купля-продажа,,,2026-03-06,2026-03-11,2030.4568527918782,001001000000,1,,,,,,,394.0,800000.0,,1.0,0.0
2026-01-04,89:08:070101:5346,Земельный участок,2015.0,,,,,,,,,,,"Ямало-Ненецкий автономный округ, г Салехард, северная часть города",ведение садоводства 13.2,003001000000,Площадь,Купля-продажа,,,2026-03-06,2026-03-11,982.3182711198428,001001000000,1,,,,,,,509.0,500000.0,,1.0,0.0
2026-01-04,89:12:110201:404,Земельный участок,2015.0,,,,,,,,,,,"Ямало-Ненецкий автономный округ, г Ноябрьск, 16 км. автодороги г.Ноябрьск - Холмогорское месторождение, участок 46",Ведение дачного хозяйства (13.3),003001000000,Площадь,Купля-продажа,,,2026-02-04,2026-03-11,475.07788161993767,001001000000,1,,,,,,,642.0,305000.0,,1.0,0.0
2026-01-04,89:05:020301:4806,Земельный участок,2015.0,,,,,,,,,,,"Ямало-Ненецкий автономный округ, р-н Пуровский, пгт Уренгой, мкр 4 А",коммунальное обслуживание 3.1,003002000000,Площадь,Купля-продажа,,,2026-03-06,2026-03-11,7500.0,001001000000,1,,,,,,,40.0,300000.0,,1.0,0.0
2026-01-04,89:08:010108:867,Земельный участок,2015.0,,,,,,,,,,,"Ямало-Ненецкий автономный округ, городской округ город Салехард, город Салехард, улица Комсомольская, земельный участок 6б/1",для индивидуального жилищного строительства,003002000000,Площадь,Купля-продажа,,,2026-03-10,2026-03-11,12135.922330097088,001001000000,1,,,,,,,1030.0,12500000.0,,1.0,0.0
2026-01-04,89:08:010304:537,Земельный участок,2015.0,,,,,,,,,,,"Ямало-Ненецкий автономный округ, городской округ город Салехард, город Салехард, улица Энтузиастов, земельный участок 11","для индивидуального жилищного строительства, код 2.1.",003002000000,Площадь,Купля-продажа,,,2026-03-04,2026-03-11,14705.882352941177,001001000000,1,,,,,,,612.0,9000000.0,,1.0,0.0
2026-01-04,89:05:020101:120,Земельный участок,2015.0,,,,,,,,,,,"Ямало-Ненецкий автономный округ, р-н Пуровский, г Тарко-Сале, район рыбозавода, гараж № 28",Хранение автотранспорта (2.7.1),003002000000,Площадь,Купля-продажа,,,2026-03-10,2026-03-12,1351.3513513513512,001001000000,1,,,,,,,37.0,50000.0,,1.0,0.0
2026-01-04,89:12:110201:380,Земельный участок,2015.0,,,,,,,,,,,"Ямало-Ненецкий автономный округ, г Ноябрьск, 16 км. автодороги г.Ноябрьск - Холмогорское месторождение, участок 22",Ведение дачного хозяйства (13.3),003001000000,Площадь,Купля-продажа,,,2026-03-12,2026-03-13,495.0495049504951,001001000000,1,,,,,,,606.0,300000.0,,1.0,0.0
2026-01-04,89:11:030301:1765,Земельный участок,2015.0,,,,,,,,,,,"Ямало-Ненецкий автономный округ, г Новый Уренгой, Восточная промзона, на территории дачного некоммерческого товарищества ""Дружба""",Малоэтажная жилая застройка (индивидуальное жилищное строительство; размещение дачных домов и садовых домов),003002000000,Площадь,Купля-продажа,,,2026-03-07,2026-03-13,1680.672268907563,001001000000,1,,,,,,,595.0,1000000.0,,1.0,0.0
2026-01-04,89:08:010304:6390,Земельный участок,2015.0,,,,,,,,,,,"Ямало-Ненецкий автономный округ, городской округ город Салехард, город Салехард, улица Игоря Букина, земельный участок 8","для индивидуального жилищного строительства, код 2.1",003002000000,Площадь,Купля-продажа,,,2026-03-11,2026-03-13,3943.6619718309857,001001000000,1,,,,,,,710.0,2800000.0,,1.0,0.0
2026-01-04,89:10:010208:430,Земельный участок,2015.0,,,,,,,,,,,"Ямало-Ненецкий автономный округ, г Надым, ул Зверева, (товарищество Автомобилист), жилой комплекс X",Хранение автотранспорта (код 2.7.1),003002000000,Площадь,Купля-продажа,,,2026-03-12,2026-03-13,4651.162790697675,001001000000,1,,,,,,,43.0,200000.0,,1.0,0.0
2026-01-04,89:11:030301:1606,Земельный участок,2015.0,,,,,,,,,,,"Ямало-Ненецкий автономный округ, г Новый Уренгой, Восточная промзона, дачное некоммерческое товарищество ""Озёрное""",малоэтажная жилая застройка (индивидуальное жилищное строительство; размещение дачных домов и садовых домов),003002000000,Площадь,Купля-продажа,,,2024-07-30,2026-03-13,1822.3234624145787,001001000000,1,,,,,,,439.0,800000.0,,1.0,0.0
2026-01-04,89:08:070101:2905,Земельный участок,2015.0,,,,,,,,,,,"Ямало-Ненецкий автономный округ, г Салехард",ведение садоводства (13.2),003001000000,Площадь,Купля-продажа,,,2026-03-13,2026-03-16,1672.2408026755852,001001000000,1,,,,,,,598.0,1000000.0,,1.0,0.0
2026-01-04,89:05:020130:210,Земельный участок,2015.0,,,,,,,,,,,"Ямало-Ненецкий автономный округ, р-н Пуровский, г Тарко-Сале, район средних дач, участок №18","Земельные участки, находящиеся в составе дачных, садоводческих и огороднических объединений.",003002000000,Площадь,Купля-продажа,,,2026-03-10,2026-03-16,4567.699836867863,001002000000,1,,,,,,,613.0,2800000.0,,1.0,0.0
2026-01-04,89:11:050203:733,Земельный участок,2015.0,,,,,,,,,,,"Ямало-Ненецкий автономный округ, городской округ город Новый Уренгой, город Новый Уренгой, территория СНТ Мечта, улица Заветная, земельный участок 12",ведение садоводства,003002000000,Площадь,Купля-продажа,,,2026-03-12,2026-03-16,5500.0,001001000000,1,,,,,,,600.0,3300000.0,,1.0,0.0
2026-01-04,89:12:110611:2410,Земельный участок,2015.0,,,,,,,,,,,"Российская Федерация, Ямало-Ненецкий автономный округ, городской округ город Ноябрьск, город Ноябрьск, территория ГПК Тепловик, земельный участок 7/509","размещение гаражей для собственных нужд, (2.7.2)",003002000000,Площадь,Купля-продажа,,,2026-03-13,2026-03-16,2501.91,001001000000,1,,,,,,,25.0,62547.75,,1.0,0.0
2026-01-04,89:08:070101:1583,Земельный участок,2015.0,,,,,,,,,,,"Ямало-Ненецкий автономный округ, Городской округ город Салехард, ДНТ ""Надежда"", Лесной 11-й проезд, участок № 16","земельные участки, находящиеся в составе дачных, садоводческих и огороднических объединений",003001000000,Площадь,Купля-продажа,,,2026-03-12,2026-03-16,582.7505827505828,001001000000,1,,,,,,,858.0,500000.0,,1.0,0.0
2026-01-04,89:12:110819:292,Земельный участок,2015.0,,,,,,,,,,,"Ямало-Ненецкий автономный округ, г Ноябрьск, ГК Ханто-2, ряд 18, гараж 40","земельные участки, предназначенные для размещения гаражей и автостоянок",003002000000,Площадь,Купля-продажа,,,2026-02-17,2026-03-16,10000.0,001001000000,1,,,,,,,25.0,250000.0,,1.0,0.0
2026-01-04,89:08:070101:1036,Земельный участок,2015.0,,,,,,,,,,,"Ямало-Ненецкий автономный округ, городской округ город Салехард, территория дачного некоммерческого товарищества ""Север"", улица Нагорная, земельный участок 31",ведение садоводства (13.2),003001000000,Площадь,Купля-продажа,,,2026-03-04,2026-03-17,5000.0,001001000000,1,,,,,,,700.0,3500000.0,,1.0,0.0
2026-01-04,89:11:040101:8293,Земельный участок,2015.0,,,,,,,,,,,"Ямало-Ненецкий автономный округ, г.о. город Новый Уренгой, г Новый Уренгой, тер. СНТ Фемида, ул 2-я Березовая",Ведение садоводства (13.2),003002000000,Площадь,Купля-продажа,,,2026-03-16,2026-03-17,6106.032906764168,001001000000,1,,,,,,,547.0,3340000.0,,1.0,0.0
2026-01-04,89:12:110806:151,Земельный участок,2015.0,,,,,,,,,,,"Ямало-Ненецкий автономный округ, г Ноябрьск, ГК Ханто-1, ряд 14, гараж 23","земельные участки, предназначенные для размещения гаражей и автостоянок",003002000000,Площадь,Купля-продажа,,,2026-03-12,2026-03-17,2083.3333333333335,001001000000,1,,,,,,,24.0,50000.0,,1.0,0.0
2026-01-04,89:12:120102:755,Земельный участок,2015.0,,,,,,,,,,,"Ямало-Ненецкий автономный округ, городской округ город Ноябрьск, город Ноябрьск, территория потребительского садоводческого общества Мечта, проезд 28-й, земельный участок 33",ведение дачного хозяйства (13.3),003001000000,Площадь,Купля-продажа,,,2026-03-13,2026-03-17,2147.9713603818614,001001000000,1,,,,,,,838.0,1800000.0,,1.0,0.0
2026-01-04,89:11:030301:3873,Земельный участок,2015.0,,,,,,,,,,,"Ямало-Ненецкий автономный округ, г Новый Уренгой, район Южный, на территории дачного некоммерческого товарищества «Северный берег», земельный участок №67",Ведение садоводства (13.2),003002000000,Площадь,Купля-продажа,,,2026-03-12,2026-03-18,966.1835748792271,001001000000,1,,,,,,,414.0,400000.0,,1.0,0.0
2026-01-04,89:10:010301:927,Земельный участок,2015.0,,,,,,,,,,,"Ямало-Ненецкий автономный округ, г Надым, проезд 1-й, земельный участок 30а/4",хранение автотранспорта,003002000000,Площадь,Купля-продажа,,,2026-03-16,2026-03-19,1176.4705882352941,001001000000,1,,,,,,,34.0,40000.0,,1.0,0.0
2026-01-04,89:01:010806:268,Земельный участок,2015.0,,,,,,,,,,,"Ямало-Ненецкий автономный округ, р-н Шурышкарский, с Мужи, ул Уральская, д 115","земельные участки, предназначенные для размещения домов индивидуальной жилой застройки",003002000000,Площадь,Купля-продажа,,,2026-03-18,2026-03-19,509.4243504839531,001001000000,1,,,,,,,1963.0,1000000.0,,1.0,0.0
2026-01-04,89:02:020201:67,Земельный участок,2015.0,,,,,,,,,,,"Ямало-Ненецкий автономный округ, р-н Приуральский, с Харсаим, ул Новая, земельный участок 7",для индивидуального жилищного строительства (2.1),003002000000,Площадь,Купля-продажа,,,2026-03-16,2026-03-19,485.82,001001000000,1,,,,,,,1102.0,535373.64,,1.0,0.0
2026-01-04,89:08:070101:1602,Земельный участок,2015.0,,,,,,,,,,,"Ямало-Ненецкий автономный округ, городской округ город Салехард, г Салехард, мкр Радужный, 8-й проезд, участок № 9",Для индивидуального жилищного строительства,003002000000,Площадь,Купля-продажа,,,2026-03-20,2026-03-20,4426.229508196721,001001000000,1,,,,,,,610.0,2700000.0,,1.0,0.0
2026-01-04,89:14:030103:2429,Земельный участок,2015.0,,,,,,,,,,,"Ямало-Ненецкий автономный округ, г Губкинский, зона Садово-огороднический",Ведение садоводства,003001000000,Площадь,Купля-продажа,,,2026-03-03,2026-03-20,1160.8500305810398,001001000000,1,,,,,,,654.0,759195.92,,1.0,0.0
2026-01-04,89:14:030103:2427,Земельный участок,2015.0,,,,,,,,,,,"Ямало-Ненецкий автономный округ, г Губкинский, зона Садово-огороднический",Ведение садоводства,003001000000,Площадь,Купля-продажа,,,2026-03-03,2026-03-20,1104.4526858877086,001001000000,1,,,,,,,659.0,727834.32,,1.0,0.0
2026-01-04,89:11:040101:8138,Земельный участок,2015.0,,,,,,,,,,,"Ямало-Ненецкий автономный округ, городской округ город Новый Уренгой, город Новый Уренгой, территория ТСН Сатурн, улица Золотая",ведение садоводства (13.2),003002000000,Площадь,Купля-продажа,,,2026-03-18,2026-03-20,2475.0,001001000000,1,,,,,,,400.0,990000.0,,1.0,0.0
2026-01-04,89:11:040101:8139,Земельный участок,2015.0,,,,,,,,,,,"Ямало-Ненецкий автономный округ, городской округ город Новый Уренгой, город Новый Уренгой, территория ТСН Сатурн, улица Золотая",ведение садоводства (13.2),003002000000,Площадь,Купля-продажа,,,2026-03-18,2026-03-20,2475.0,001001000000,1,,,,,,,400.0,990000.0,,1.0,0.0
2026-01-04,89:08:070101:2371,Земельный участок,2015.0,,,,,,,,,,,"Ямало-Ненецкий автономный округ, городской округ город Салехард, г Салехард, мкр Радужный, ул  Алексея Мединского, земельный участок 41","для индивидуального жилищного строительства, код. 2.1",003002000000,Площадь,Купля-продажа,,,2026-03-20,2026-03-23,6645.056726094003,001001000000,1,,,,,,,617.0,4100000.0,,1.0,0.0
2026-01-04,89:12:110405:3,Земельный участок,2015.0,,,,,,,,,,,"Ямало-Ненецкий автономный округ, г Ноябрьск, ул Интернационалистов, микрорайон, П-1","земельные участки, предназначенные для размещения административных и офисных зданий, объектов образования, науки, здравоохранения и социального обеспечения, физической культуры и спорта, культуры, искусства, религии",003002000000,Площадь,Купля-продажа,,,2020-02-29,2026-03-23,1982.1328866554998,001001000000,1,,,,,,,1791.0,3550000.0,,1.0,0.0
2026-01-04,89:12:110820:99,Земельный участок,2015.0,,,,,,,,,,,"Ямало-Ненецкий автономный округ, г Ноябрьск, ГК Ханто-2, ряд 25, гараж №46",для размещения гаражей и автостоянок,003002000000,Площадь,Купля-продажа,,,2026-03-20,2026-03-24,25000.0,001001000000,1,,,,,,,24.0,600000.0,,1.0,0.0
2026-01-04,89:11:040101:8337,Земельный участок,2015.0,,,,,,,,,,,"Российская Федерация, Ямало-Ненецкий автономный округ, городской округ город Новый Уренгой, город Новый Уренгой, Северный район",ведение садоводства (код 13.2),003002000000,Площадь,Купля-продажа,,,2026-03-23,2026-03-25,4075.3424657534247,001001000000,1,,,,,,,876.0,3570000.0,,1.0,0.0
2026-01-04,89:12:110201:473,Земельный участок,2015.0,,,,,,,,,,,"Ямало-Ненецкий автономный округ, г Ноябрьск, 16 км. автодороги г.Ноябрьск - Холмогорское месторождение, участок 115",Ведение дачного хозяйства (13.3),003001000000,Площадь,Купля-продажа,,,2026-03-25,2026-03-26,764.525993883792,001001000000,1,,,,,,,654.0,500000.0,,1.0,0.0
2026-01-04,89:12:110405:2487,Земельный участок,2015.0,,,,,,,,,,,"Ямало-Ненецкий автономный округ, городской округ город Ноябрьск, город Ноябрьск, микрорайон П-4",Для индивидуального жилищного строительства,003002000000,Площадь,Купля-продажа,,,2026-03-24,2026-03-26,2594.0337224383916,001001000000,1,,,,,,,771.0,2000000.0,,1.0,0.0
2026-01-04,89:11:040101:3848,Земельный участок,2015.0,,,,,,,,,,,"Ямало-Ненецкий автономный округ, г Новый Уренгой, Северная коммунальная зона, на территории ДНТ ""Заимка""",Ведение садоводства,003002000000,Площадь,Купля-продажа,,,2026-03-26,2026-03-27,5342.237061769616,001001000000,1,,,,,,,599.0,3200000.0,,1.0,0.0
2026-01-04,89:14:020102:1533,Земельный участок,2015.0,,,,,,,,,,,"Ямало-Ненецкий автономный округ, городской округ город Губкинский, город Губкинский, территория Панель 2",Размещение гаражей для собственных нужд (2.7.2),003002000000,Площадь,Купля-продажа,,,2026-03-19,2026-03-29,2777.777777777778,001001000000,1,,,,,,,36.0,100000.0,,1.0,0.0
2026-01-04,89:10:010208:41,Земельный участок,2015.0,,,,,,,,,,,"Ямало-Ненецкий автономный округ, г Надым, ул Зверева, дом №37 а",предпринимательство (код 4.0),003002000000,Площадь,Купля-продажа,,,2026-03-23,2026-03-30,1715.2658662092624,001002000000,1,,,,,,,2332.0,4000000.0,,1.0,0.0
2026-01-04,89:08:070101:2279,Земельный участок,2015.0,,,,,,,,,,,"Ямало-Ненецкий автономный округ, городской округ город Салехард, территория дачного некоммерческого товарищества «Север», улица Грибная, земельный участок 75б","ведение садоводства, код 13.2.",003001000000,Площадь,Купля-продажа,,,2026-03-26,2026-03-30,4310.3448275862065,001001000000,1,,,,,,,580.0,2500000.0,,1.0,0.0
2026-01-04,89:11:020203:1915,Земельный участок,2015.0,,,,,,,,,,,"Ямало-Ненецкий автономный округ, г Новый Уренгой, ул Таежная, д 56А",Магазины,003002000000,Площадь,Купля-продажа,,,2026-03-10,2026-03-30,3225.0499999999997,001001000000,1,,,,,,,658.0,2122082.9,,1.0,0.0
2026-01-04,89:12:120102:778,Земельный участок,2015.0,,,,,,,,,,,"Российская Федерация, Ямало-Ненецкий автономный округ, г Ноябрьск, территория потребительского садоводческого общества Мечта, проезд 11, участок 32",ведение дачного хозяйства (13.3),003001000000,Площадь,Купля-продажа,,,2026-03-27,2026-03-30,4120.898100172712,001001000000,1,,,,,,,579.0,2386000.0,,1.0,0.0
2026-01-04,89:08:070101:2537,Земельный участок,2015.0,,,,,,,,,,,"Ямало-Ненецкий автономный округ, городской округ город Салехард, территория дачного некоммерческого товарищества «Север», улица Придорожная, земельный участок 19а",Ведение огородничества код 13.1,003001000000,Площадь,Купля-продажа,,,2026-03-27,2026-03-30,898.0582524271845,001001000000,1,,,,,,,206.0,185000.0,,1.0,0.0
2026-01-04,89:09:000000:3569,Земельный участок,2015.0,,,,,,,,,,,"Ямало-Ненецкий автономный округ, г Лабытнанги, ул Почтовая, д 3а",Для индивидуальной жилой застройки,003002000000,Площадь,Купля-продажа,,,2026-03-27,2026-03-30,3012.0481927710844,001001000000,1,,,,,,,332.0,1000000.0,,1.0,0.0
2026-01-04,89:05:020301:1244,Земельный участок,2015.0,,,,,,,,,,,"Ямало-Ненецкий автономный округ, р-н Пуровский, пгт Уренгой, микрорайон 6 (проектный), ряд 1, бокс 5",хранение автотранспорта (код 2.7.1),003002000000,Площадь,Купля-продажа,,,2026-03-31,2026-03-31,1960.7843137254902,001001000000,1,,,,,,,51.0,100000.0,,1.0,0.0
2026-01-04,89:11:060201:2540,Земельный участок,2015.0,,,,,,,,,,,"Ямало-Ненецкий автономный округ, городской округ город Новый Уренгой, город Новый Уренгой, территория ТСН СНТ Северянин, улица Цветочная, земельный участок 35",Ведение садоводства (код 13.2),003002000000,Площадь,Купля-продажа,,,2019-07-30,2026-03-31,1391.1620294599018,001001000000,1,,,,,,,611.0,850000.0,,1.0,0.0
2026-01-04,89:11:060201:2544,Земельный участок,2015.0,,,,,,,,,,,"Ямало-Ненецкий автономный округ, городской округ город Новый Уренгой, город Новый Уренгой, территория ТСН СНТ Северянин, улица 1-я Зелёная, земельный участок 48",Ведение садоводства (код 13.2),003002000000,Площадь,Купля-продажа,,,2022-01-18,2026-03-31,730.4116865869854,001001000000,1,,,,,,,753.0,550000.0,,1.0,0.0
2025-08-01,89:03:040108:77,Здание,2003.0,Магазин,Из прочих материалов,,,401.0,,2,нежилое,,,"Ямало-Ненецкий автономный округ, р-н Ямальский, с Яр-Сале, ул Худи Сэроко, д 30а",,,площадь,Купля-продажа,89:03:040104:131,,2025-01-04,2025-04-25,33464.68401486989,001001000000,1,,,,,,,134.5,4501000.0,,2.0,0.0
2025-08-01,89:08:010102:1698,Здание,2024.0,Жилой дом блокированной застройки (блок 3),Бетонные,,,201.0,,2,Жилой дом,,,"Ямало-Ненецкий автономный округ, городской округ город Салехард, город Салехард, улица Красный Октябрь, дом 31/1",,,площадь,Купля-продажа,89:08:010102:670;89:08:010102:1666,,2025-05-30,2025-06-18,169310.07345225604,001001000000,1,,,,,,,190.6,32270500.0,,2.0,0.0
2025-08-01,89:08:010102:1697,Здание,2024.0,Жилой дом блокированной застройки (блок 2),Бетонные,,,201.0,,2,Жилой дом,,,"Ямало-Ненецкий автономный округ, городской округ город Салехард, город Салехард, улица Красный Октябрь, дом 31/2",,,площадь,Купля-продажа,89:08:010102:670;89:08:010102:1665,,2025-05-30,2025-06-18,169755.39189900053,001001000000,1,,,,,,,190.1,32270500.0,,2.0,0.0
2026-01-04,89:14:000000:316,Здание,2015.0,Шиномонтажная мастерская,Из прочих материалов,,,730.0,,1,нежилое,,,"Ямало-Ненецкий автономный округ, г Губкинский, промышленная зона, панель 2, объект №0008, дом 3",,,Площадь,Купля-продажа,,,2019-03-04,2026-03-05,12178.148921363954,001002000000,1,,,,,,,143.7,1750000.0,,2.0,0.0
2025-04-01,89:12:111101:1149,Здание,1985.0,Здание: Производственный корпус,Из прочих материалов,,1985.0,704.0,,2,нежилое,12:0,06:090,"Ямало-Ненецкий автономный округ, г Ноябрьск, Промзона, панель VI, корпус производственный",,,площадь,Купля-продажа,,,2024-12-20,2025-01-09,18884.552436107264,001001000000,1,,,,,,,2382.9,45000000.0,,2.0,0.0
2025-04-01,89:12:111108:928,Здание,2015.0,компрессорная станция,Металлические,,2007.0,715.0,,1,нежилое,12:0,03:012,"Ямало-Ненецкий автономный округ, г Ноябрьск, Пелей промузел, панель VI, компрессорная станция",,,площадь,Купля-продажа,,,2024-12-20,2025-01-09,221864.84829911124,001001000000,1,,,,,,,12.5,45000000.0,Выброс,2.0,0.0
2025-04-01,89:12:111101:784,Здание,1981.0,Кислородная станция,Из прочих материалов,,1981.0,704.0,,1,нежилое,12:0,06:090,"Ямало-Ненецкий автономный округ, г Ноябрьск, Промзона, панель VI",,,площадь,Купля-продажа,,,2024-12-20,2025-01-09,218658.89212827987,001001000000,1,,,,,,,205.8,45000000.0,,2.0,0.0
2025-04-01,89:12:111101:1189,Здание,1988.0,Корпус производственный,Из прочих материалов,,1988.0,704.0,,2,нежилое,12:0,06:090,"Ямало-Ненецкий автономный округ, г Ноябрьск, промзона, панель VI",,,площадь,Купля-продажа,,,2024-12-20,2025-01-09,19211.885753319384,001001000000,1,,,,,,,2342.3,45000000.0,,2.0,0.0
2025-04-01,89:12:111101:1164,Здание,1989.0,Склад-навес,Крупнопанельные,,1989.0,723.0,,1,нежилое,12:0,06:090,"Ямало-Ненецкий автономный округ, г Ноябрьск, Промзона, панель VI",,,площадь,Купля-продажа,,,2024-12-20,2025-01-09,103926.09699769053,001001000000,1,,,,,,,433.0,45000000.0,,2.0,0.0
2025-04-01,89:04:020401:1810,Здание,2016.0,Гараж,Бетонные,,,303.0,,1,нежилое,4:0,02:071,"Ямало-Ненецкий автономный округ, р-н Надымский, п Ягельный",,,площадь,Купля-продажа,89:04:020401:1445,,2024-12-27,2025-01-09,16666.666666666668,001001000000,1,,,,,,45.0,36.0,600000.0,,2.0,0.0
2025-04-01,89:12:111105:19,Здание,1982.0,Склад АРИ,Смешанные,,1982.0,727.0,,1,нежилое,12:0,06:090,"Ямало-Ненецкий автономный округ, г Ноябрьск, Промузел Пелей Панель 6",,,площадь,Купля-продажа,,,2024-12-20,2025-01-09,118639.59926179805,001001000000,1,,,,,,,379.3,45000000.0,,2.0,0.0
2025-04-01,89:12:110711:823,Здание,2015.0,Жилой дом блокированной застройки,Из мелких бетонных блоков,,2024.0,201.0,,3,Жилой дом,12:0,02:031,"Ямало-Ненецкий автономный округ, городской округ город Ноябрьск, город Ноябрьск, улица Северная, дом 44а/1",,,площадь,Купля-продажа,89:12:110711:15,,2024-12-25,2025-01-09,66953.61071257772,001001000000,1,,,,,,5985.0,209.1,14000000.0,,2.0,0.0
2025-04-01,89:12:110711:836,Здание,2024.0,Жилой дом блокированной застройки,Из мелких бетонных блоков,,,201.0,,2,Жилой дом,12:0,02:031,"Ямало-Ненецкий автономный округ, городской округ город Ноябрьск, город Ноябрьск, улица Северная,<br />дом 44в/1",,,площадь,Купля-продажа,89:12:110711:15,,2024-12-25,2025-01-09,65487.88474132286,001001000000,1,,,,,,5985.0,152.7,10000000.0,,2.0,0.0
2025-04-01,89:12:111101:1155,Здание,1985.0,Теплый склад,Кирпичные,,1985.0,723.0,,2,нежилое,12:0,06:090,"Ямало-Ненецкий автономный округ, г Ноябрьск, Теплый склад, Промзона, панель VI",,,площадь,Купля-продажа,,,2024-12-20,2025-01-09,59437.326641130625,001001000000,1,,,,,,,757.1,45000000.0,,2.0,0.0
2025-04-01,89:08:030202:2157,Здание,2024.0,Холодный гараж,Металлические,,,305.0,,1,Нежилое,8:0,04:010,"Ямало-Ненецкий автономный округ, городской округ город Салехард, город Салехард, улица Объездная, 46Б, строение 1",,,площадь,Купля-продажа,89:08:030202:147,,2024-12-24,2025-01-09,221864.84829911124,001001000000,1,,,,,,1187.0,151.4,118000000.0,Выброс,2.0,0.0
2025-04-01,89:12:111105:17,Здание,1982.0,Склад АРИ,Смешанные,,1982.0,727.0,,1,нежилое,12:0,06:090,"Ямало-Ненецкий автономный округ, г Ноябрьск, Промузел Пелей Панель 6",,,площадь,Купля-продажа,,,2024-12-20,2025-01-09,126796.2806424345,001001000000,1,,,,,,,354.9,45000000.0,,2.0,0.0
2025-04-01,89:12:000000:1268,Здание,1981.0,Склад,Смешанные,,1981.0,727.0,,1,нежилое,12:0,06:090,"Ямало-Ненецкий автономный округ, г Ноябрьск, Промузел Пелей Панель 6, промзона",,,площадь,Купля-продажа,,,2024-12-20,2025-01-09,121654.50121654502,001001000000,1,,,,,,,369.9,45000000.0,,2.0,0.0
2025-04-01,89:12:111108:922,Здание,2015.0,Здание: производственный корпус ЦТОЗ,Железобетонные,,1993.0,704.0,,2,нежилое,12:0,06:090,"Ямало-Ненецкий автономный округ, г Ноябрьск, промузел Пелей, панель VI",,,площадь,Купля-продажа,,,2024-12-20,2025-01-09,8430.597448339173,001001000000,1,,,,,,,5337.7,45000000.0,,2.0,0.0
2025-04-01,89:12:111101:1367,Здание,1984.0,Столовая,Деревянные,,,410.0,,1,нежилое,12:0,04:060,"Ямало-Ненецкий автономный округ, г Ноябрьск, промзона, панель VI",,,площадь,Купля-продажа,,,2024-12-20,2025-01-09,43173.750359781254,001001000000,1,,,,,,,1042.3,45000000.0,,2.0,0.0
2025-04-01,89:12:111101:1146,Здание,1981.0,Здание: Производственный корпус,Металлические; Смешанные,,1981.0,704.0,,1,нежилое,12:0,06:090,"Ямало-Ненецкий автономный округ, г Ноябрьск, Корпус производственный, Ямало-Ненецкий АО, г Ноябрьск, промзона, панель VI,",,,площадь,Купля-продажа,,,2024-12-20,2025-01-09,84491.17536612842,001001000000,1,,,,,,,532.6,45000000.0,,2.0,0.0
2025-04-01,89:12:111101:1145,Здание,1985.0,Склад для турбобуров,Из прочих материалов,,1985.0,723.0,,1,нежилое,12:0,06:090,"Ямало-Ненецкий автономный округ, г Ноябрьск, Склад для турбобуров, Промзона, панель VI",,,площадь,Купля-продажа,,,2024-12-20,2025-01-09,55059.34173498104,001001000000,1,,,,,,,817.3,45000000.0,,2.0,0.0
2025-04-01,89:12:111101:1170,Здание,1986.0,Здание: Производственный корпус,Кирпичные,,1986.0,704.0,,2,нежилое,12:0,06:090,"Ямало-Ненецкий автономный округ, г Ноябрьск, Промзона, панель VI",,,площадь,Купля-продажа,,,2024-12-20,2025-01-09,9517.76649746193,001001000000,1,,,,,,,4728.0,45000000.0,,2.0,0.0
2025-04-01,89:08:030202:2156,Здание,2024.0,Административное здание по ул.Объездная в г. Салехард,Кирпичные,,,610.0,,2,Нежилое,8:0,04:010,"Ямало-Ненецкий автономный округ, городской округ город Салехард, город Салехард, улица Объездная, дом 46б",,,площадь,Купля-продажа,89:08:030202:147,,2024-12-24,2025-01-09,215367.76784084688,001001000000,1,,,,,,1187.0,547.9,118000000.0,,2.0,0.0
2025-04-01,89:08:010102:314,Здание,1987.0,Здание: индивидуальный жилой дом,Деревянные,,1987.0,202.0,,1,жилое,8:0,02:011,"Ямало-Ненецкий автономный округ, г Салехард, ул Н.Сандалова, д 7",,,площадь,Купля-продажа,89:08:010102:12,,2024-12-27,2025-01-10,50941.306755260244,001001000000,1,,,,,,838.0,90.3,4600000.0,,2.0,0.0
2025-04-01,89:05:030301:2042,Здание,1989.0,"Теплый склад ""Хард""",Крупнопанельные,,1989.0,723.0,,2,нежилое,14:0:1,06:090,"Ямало-Ненецкий автономный округ, муниципальный район Пуровский, сельское поселение поселок Пурпе, поселок Пурпе-1, микрорайон Промышленный, дом № 17",,,площадь,Купля-продажа,89:05:030605:5154,,2024-12-12,2025-01-10,1964.7652105573384,001001000000,1,,,,,,7264.0,1526.9,3000000.0,,2.0,0.0
2025-04-01,89:12:120102:159,Здание,2012.0,Дача,Деревянные,,,202.0,,1,жилое,12:1,13:021,"Ямало-Ненецкий автономный округ, г Ноябрьск, 29-й км. окружной автомобильной дороги ""Подъезд к г. Ноябрьску"", проезд 12, участок 32",,,площадь,Купля-продажа,89:12:120102:137,,2025-01-09,2025-01-13,56751.46771037182,001001000000,1,,,,,,903.0,51.1,2900000.0,,2.0,0.0
2025-04-01,89:05:020126:240,Здание,2007.0,Индивидуальный жилой дом,Рубленые,,2007.0,202.0,,2,Жилой дом,5:0,02:011,"Ямало-Ненецкий автономный округ, муниципальный округ Пуровский район, город Тарко-Сале, улица Миронова, домовладение 3",,,площадь,Купля-продажа,89:05:020126:118,,2025-01-09,2025-01-13,81212.77747698972,001001000000,1,,,,,,625.0,184.7,15000000.0,,2.0,0.0
2025-04-01,89:05:020126:745,Здание,2013.0,Хозпостройка,Из прочих материалов,,,904.0,,2,нежилое,5:0,02:011,"Ямало-Ненецкий автономный округ, р-н Пуровский, г Тарко-Сале, ул Миронова, уч №3",,,площадь,Купля-продажа,89:05:020126:118,,2025-01-09,2025-01-13,87514.58576429404,001001000000,1,,,,,,625.0,171.4,15000000.0,,2.0,0.0
2025-04-01,89:06:020101:4646,Здание,2024.0,Жилой дом,Каркасно-обшивные,,,202.0,,1,Жилой дом,6:0,02:011,"Ямало-Ненецкий автономный округ, Тазовский район, поселок Тазовский, микрорайон Газ-Сале, улица Мыльцева, дом 10",,,площадь,Купля-продажа,89:06:020101:1325,,2024-11-25,2025-01-14,27336.300063572788,001001000000,1,,,,,,575.0,157.3,4300000.0,,2.0,0.0
2025-04-01,89:12:110611:1447,Здание,2015.0,Гараж,Смешанные,,,303.0,,,Гараж,12:0,02:071,"Ямало-Ненецкий автономный округ, г. Ноябрьск, микрорайон К, ГПК ""Тепловик"", гараж 578",,,площадь,Купля-продажа,,,2025-01-14,2025-01-16,29122.80701754386,001001000000,1,,,,,,,28.5,830000.0,,2.0,0.0
2025-04-01,89:12:110516:68,Здание,2004.0,Индивидуальный жилой дом,Из прочих материалов,,2004.0,202.0,,2,жилое,12:0,02:011,"Ямало-Ненецкий автономный округ, г Ноябрьск, ул Березовая, д 29",,,площадь,Купля-продажа,89:12:110516:27,,2024-12-07,2025-01-17,29057.187017001543,001001000000,1,,,,,,1420.0,129.4,3760000.0,,2.0,0.0
2025-04-01,89:09:110101:118,Здание,1979.0,Склад мокрого хранения соли,Каменные и бетонные,,,723.0,,2,нежилое,9:2,03:012,"Ямало-Ненецкий автономный округ, р-н Приуральский, п Харп, промышленный район",,,площадь,Купля-продажа,89:09:110201:17; 89:09:110201:412,,2024-09-24,2025-01-23,59393.73735378218,001001000000,1,,,,,,,384.7,22848770.76,,2.0,0.0
2025-04-01,89:05:020113:997,Здание,2010.0,Гараж,Кирпичные,,,303.0,,1,Гараж,5:0,02:071,"Ямало-Ненецкий автономный округ, р-н Пуровский, г Тарко-Сале, район промбазы НГРЭИС, ряд 2, гараж 19",,,площадь,Купля-продажа,89:05:020113:1006,,2025-01-30,2025-01-30,17253.521126760563,001001000000,1,,,,,,41.0,28.4,490000.0,,2.0,0.0
2025-04-01,89:12:160107:98,Здание,2015.0,Здание,Кирпичные,,1996.0,202.0,,3,жилое,12:0:2,02:011,"Ямало-Ненецкий автономный округ, г Ноябрьск, мкр Вынгапуровский, ул Ленина, д 11",,,площадь,Купля-продажа,,,2025-01-29,2025-01-31,39738.19541841982,001001000000,1,,,,,,,213.9,8500000.0,,2.0,0.0
2025-04-01,89:08:010108:1060,Здание,2019.0,Индивидуальный жилой дом,Из мелких бетонных блоков,,,202.0,,2,жилое,8:0,02:011,"Ямало-Ненецкий автономный округ, Городской округ город Салехард, г Салехард, ул Набережная, д 49а",,,площадь,Купля-продажа,89:08:010108:876,,2025-01-30,2025-02-03,59311.98102016607,001001000000,1,,,,,,898.0,168.6,10000000.0,,2.0,0.0
2025-04-01,89:08:000000:1282,Здание,2015.0,Здание сторожки- весовой,Из прочих материалов,,,703.0,,1,Нежилое,8:0,06:090,"Ямало-Ненецкий автономный округ, г Салехард, ул Броднева, д 40в",,,площадь,Купля-продажа,89:08:010301:12,,2025-02-03,2025-02-03,197486.53500897664,001001000000,1,,,,,,805.0,55.7,11000000.0,,2.0,0.0
2025-04-01,89:11:030301:1038,Здание,1992.0,проходная,Железобетонные,,1992.0,703.0,,1,нежилое,11:0,06:090,"Ямало-Ненецкий автономный округ, г Новый Уренгой, мкр Энергетик, Квартал 105",,,площадь,Купля-продажа,89:11:030301:7315,,2025-01-27,2025-02-06,221864.84829911124,001001000000,1,,,,,,27295.0,24.0,21000000.0,Выброс,2.0,0.0
2025-04-01,89:08:010305:2035,Здание,2020.0,Индивидуальный жилой дом,Из мелких бетонных блоков,,,202.0,,1,жилое,8:0,02:011,"Ямало-Ненецкий автономный округ, г.о. город Салехард, г Салехард, ул Набережная, д. 78а",,,площадь,Купля-продажа,89:08:010305:1968,,2025-02-08,2025-02-10,139293.9370683039,001003000000,1,,,,,,575.0,130.3,18150000.0,,2.0,0.0
2025-04-01,89:03:020501:492,Здание,2005.0,"Индивидуальный жилой дом, включающий гараж",Деревянные,,2005.0,202.0,,1,Жилой дом,3:1,02:011,"Ямало-Ненецкий автономный округ, муниципальный округ Ямальский район, село Новый Порт, улица Вануйто Папули, дом 15",,,площадь,Купля-продажа,89:03:020502:234;89:03:020502:249,,2025-01-31,2025-02-11,59288.53754940711,001001000000,1,,,,,,,126.5,7500000.0,,2.0,0.0
2025-04-01,89:08:010304:2652,Здание,2014.0,Индивидуальный жилой дом,Бетонные,,,202.0,,2,жилое,8:0,02:011,"Ямало-Ненецкий автономный округ, г Салехард, ул 3-я Береговая, д 5",,,площадь,Купля-продажа,89:08:010304:481,,2025-02-07,2025-02-12,25369.97885835095,001001000000,1,,,,,,614.0,236.5,6000000.0,,2.0,0.0
2025-04-01,89:08:010304:3344,Здание,2014.0,Здание,Шлакобетонные,,,302.0,,2,нежилое,8:0,02:011,"Ямало-Ненецкий автономный округ, г. Салехард, ул. 3-я Береговая",,,площадь,Купля-продажа,89:08:010304:481,,2025-02-07,2025-02-12,80645.16129032258,001001000000,1,,,,,,614.0,74.4,6000000.0,,2.0,0.0
2025-04-01,89:11:040101:5201,Здание,2020.0,Жилой дом,Деревянные,,,202.0,,1,жилое,11:0,13:021,"Ямало-Ненецкий автономный округ, город Новый Уренгой, территория ДНТ Лира, улица Моховая, дом 31",,,площадь,Купля-продажа,89:11:040101:3591,,2025-02-10,2025-02-13,77571.6694772344,001001000000,1,,,,,,600.0,59.3,4600000.0,,2.0,0.0
2025-04-01,89:12:110611:1526,Здание,2015.0,Гараж,,,,303.0,,1,Гараж,12:0,02:071,"Ямало-Ненецкий автономный округ, г Ноябрьск, мкр. ""К"", ГПК ""Тепловик"", гараж 353",,,площадь,Купля-продажа,,,2025-02-12,2025-02-14,47945.20547945206,001001000000,1,,,,,,,29.2,1400000.0,,2.0,0.0
2025-04-01,89:11:030301:3989,Здание,2017.0,Дом,Из мелких бетонных блоков,,,202.0,,"1, мансарда",жилое,11:0,13:021,"Ямало-Ненецкий автономный округ, Городской округ город Новый Уренгой, г Новый Уренгой, снт ДК Простоквашино, ул 1-я Береговая, д 38",,,площадь,Купля-продажа,89:11:030301:3243,,2025-02-11,2025-02-14,7293.946024799417,001001000000,1,,,,,,585.0,137.1,1000000.0,,2.0,0.0
2025-04-01,89:08:070101:7129,Здание,2024.0,Жилой дом,Деревянные,,,202.0,,1,Жилой дом,8:0,13:021,"Ямало-Ненецкий автономный округ, городской округ город Салехард, территория ДНТ Север, улица Таёжная, дом 58",,,площадь,Купля-продажа,89:08:070101:6855,,2025-02-13,2025-02-17,101143.3597185576,001001000000,1,,,,,,665.0,113.7,11500000.0,,2.0,0.0
2025-04-01,89:11:070101:1311,Здание,2015.0,помещение,Кирпичные,,,401.0,,1,нежилое,11:0:1,14:000,"Ямало-Ненецкий автономный округ, г Новый Уренгой, жилрайон Лимбяяха, Нежилое здание",,,площадь,Купля-продажа,89:11:070101:4150,,2025-02-05,2025-02-17,20772.746157041962,001001000000,1,,,,,,486.0,240.7,5000000.0,,2.0,0.0
2025-04-01,89:11:030101:531,Здание,2015.0,Гараж №204,Железобетонные,,,303.0,,1,нежилое,11:0,02:071,"Ямало-Ненецкий автономный округ, г Новый Уренгой, тер Восточная промзона",,,площадь,Купля-продажа,,,2025-02-14,2025-02-18,7062.146892655367,001001000000,1,,,,,,,35.4,250000.0,,2.0,0.0
2025-04-01,89:12:110616:3234,Здание,2003.0,"гараж №32 в ""Комплексе закрытых автостоянок""",Из прочих материалов,,2003.0,303.0,,1,Нежилое,12:0,02:071,"Ямало-Ненецкий автономный округ, г Ноябрьск, ул Холмогорская, мкр М",,,площадь,Купля-продажа,,,2025-02-14,2025-02-18,34821.42857142857,001001000000,1,,,,,,,33.6,1170000.0,,2.0,0.0
2025-04-01,89:05:020102:979,Здание,2015.0,Гараж,Смешанные,,,303.0,,1,нежилое,5:0,02:071,"Ямало-Ненецкий автономный округ, р-н Пуровский, г Тарко-Сале, район РЭБа, бокс №4, участок №5",,,площадь,Купля-продажа,89:05:020102:193,,2025-02-14,2025-02-18,32258.06451612903,001001000000,1,,,,,,38.0,24.8,800000.0,,2.0,0.0
2025-04-01,89:11:020101:292,Здание,2005.0,"Гаражная ячейка 15 ПГК ""Форд""",Крупнопанельные,,2005.0,303.0,,1,Нежилое,11:0,02:071,"Ямало-Ненецкий автономный округ, г Новый Уренгой, ул Железнодорожная",,,площадь,Купля-продажа,89:11:020103:87,,2025-02-14,2025-02-18,2074.688796680498,001001000000,1,,,,,,3516.0,24.1,50000.0,,2.0,0.0
2025-04-01,89:12:000000:1900,Здание,2003.0,Гараж №2,Крупнопанельные,,2003.0,303.0,,1,Нежилое,12:0,02:071,"Ямало-Ненецкий автономный округ, городской округ город Ноябрьск, город Ноябрьск, улица Советская, дом 24г, помещение 2",,,площадь,Купля-продажа,,,2025-02-15,2025-02-19,28761.061946902653,001001000000,1,,,,,,,22.6,650000.0,,2.0,0.0
2025-04-01,89:11:030301:4484,Здание,2016.0,Дом,Деревянные,,,202.0,,"1, мансарда",жилое,11:0,13:021,"Ямало-Ненецкий автономный округ, городской округ город Новый Уренгой, город Новый Уренгой, садовое товарищество ДПК Дунай, улица Морозная, дом 1",,,площадь,Купля-продажа,89:11:030301:1445,,2025-02-20,2025-02-21,31853.281853281853,001001000000,1,,,,,,451.0,155.4,4950000.0,,2.0,0.0
2025-04-01,89:12:000000:7446,Здание,2015.0,Не завершенный строительством объект,Из прочих материалов,,,303.0,,1,нежилое,12:0,02:071,"Ямало-Ненецкий автономный округ, г Ноябрьск, ГК Пелей-5, ряд 23, гараж 20",,,площадь,Купля-продажа,89:12:000000:6527,,2025-02-14,2025-02-24,3146.853146853147,001001000000,1,,,,,,24.0,28.6,90000.0,,2.0,0.0
2025-04-01,89:11:010201:164,Здание,1979.0,Узел связи,Деревянные,,1979.0,603.0,,1,Нежилое,11:0,06:080,"Ямало-Ненецкий автономный округ, г Новый Уренгой, тер Западная промзона, панель Д",,,площадь,Купля-продажа,89:11:010203:45,,2025-02-11,2025-02-25,50744.24898511502,001001000000,1,,,,,,1885.0,295.6,15000000.0,,2.0,0.0
2025-04-01,89:11:010203:258,Здание,2023.0,Холодный склад,Из мелких бетонных блоков,,,723.0,,3,нежилое,11:0,04:010,"Ямало-Ненецкий автономный округ, г Новый Уренгой, Западная промзона, по ул. Таежная",,,площадь,Купля-продажа,89:11:010203:51,,2025-02-11,2025-02-25,36390.101892285296,001001000000,1,,,,,,3246.0,412.2,15000000.0,,2.0,0.0
2025-04-01,89:11:010203:265,Здание,2023.0,Административное здание,Металлические,,,610.0,,2,нежилое,11:0,04:010,"Ямало-Ненецкий автономный округ, г Новый Уренгой, Западная промзона, по ул. Таежная",,,площадь,Купля-продажа,89:11:010203:51,,2025-02-11,2025-02-25,68775.7909215956,001001000000,1,,,,,,3246.0,218.1,15000000.0,,2.0,0.0
2025-04-01,89:13:010210:450,Здание,1996.0,гараж,Смешанные,,,303.0,,1,Нежилое,13:0,02:071,"Ямало-Ненецкий автономный округ, город Муравленко г.о., г Муравленко, ул Энтузиастов, строен 39/15/452",,,площадь,Купля-продажа,89:13:010210:444,,2025-02-25,2025-02-27,20714.285714285714,001001000000,1,,,,,,30.0,21.0,435000.0,,2.0,0.0
2025-04-01,89:13:010216:1265,Здание,1998.0,Гараж № 22,Бетонные,,,303.0,,1,Нежилое,13:0,02:071,"Ямало-Ненецкий автономный округ, г Муравленко, ул. Губкина 55, гараж № 22",,,площадь,Купля-продажа,89:13:010216:35,,2025-03-01,2025-03-04,11627.906976744185,001001000000,1,,,,,,24534.0,21.5,250000.0,,2.0,0.0
2025-04-01,89:05:020122:17,Здание,2003.0,Нежилое здание,Кирпичные,,2003.0,401.0,,1,нежилое,5:0,04:040,"Ямало-Ненецкий автономный округ, р-н Пуровский, г Тарко-Сале, ул Тарасова, д 16",,,площадь,Купля-продажа,89:05:020122:16; 89:05:020123:103,,2025-03-01,2025-03-04,98307.69230769231,001001000000,1,,,,,,,195.0,19170000.0,,2.0,0.0
2025-04-01,89:11:040101:7460,Здание,2021.0,Дом,Из мелких бетонных блоков,,,202.0,,1,жилое,11:0,13:021,"Ямало-Ненецкий автономный округ, городской округ город Новый Уренгой, город Новый Уренгой, улица Дорожная, дом 7",,,площадь,Купля-продажа,89:11:040101:2175,,2025-03-03,2025-03-05,63262.19512195123,001001000000,1,,,,,,600.0,131.2,8300000.0,,2.0,0.0
2025-04-01,89:08:020201:406,Здание,2012.0,Здание,Металлические,,,401.0,,1,Нежилое,8:0,02:011,"Ямало-Ненецкий автономный округ, г Салехард, ул Б.Кнунянца, д 12",,,площадь,Купля-продажа,89:08:020201:608,,2025-03-10,2025-03-11,49660.21955044432,001001000000,1,,,,,,822.0,191.3,9500000.0,,2.0,0.0
2025-04-01,89:11:000000:1330,Здание,2015.0,Гараж №88а,Железобетонные,,,303.0,,1,нежилое,11:0,02:071,"Ямало-Ненецкий автономный округ, г Новый Уренгой, гараж 88а, панель Б, ГСК Авторалли",,,площадь,Купля-продажа,89:11:030203:418; 89:11:030203:69,,2025-03-07,2025-03-12,54298.64253393665,001001000000,1,,,,,,,22.1,1200000.0,,2.0,0.0
2025-04-01,89:09:020204:391,Здание,2024.0,Склад,Из прочих материалов,,,723.0,,1,Нежилое,9:0,06:090,"Ямало-Ненецкий автономный округ, г Лабытнанги, ул Береговая",,,площадь,Купля-продажа,89:09:020204:118,,2025-03-11,2025-03-13,17094.017094017094,001001000000,1,,,,,,1130.0,292.5,5000000.0,,2.0,0.0
2025-04-01,89:06:010109:466,Здание,1960.0,Магазин №10,Каркасно-засыпные,,1960.0,401.0,,1,Нежилое,6:0,04:040,"Ямало-Ненецкий автономный округ, муниципальный округ Тазовский район, поселок Тазовский, улица Заводская, строение 2б",,,площадь,Купля-продажа,89:06:010101:63,,2025-03-12,2025-03-13,94665.2957746479,001001000000,1,,,,,,837.0,35.5,3360618.0,,2.0,0.0
2025-04-01,89:12:110817:794,Здание,2003.0,Гараж,Шлакобетонные,,,303.0,,1,нежилое,12:0,02:071,"Ямало-Ненецкий автономный округ, г Ноябрьск, тер ГК Ханто-2, ряд 31-й, гараж 42",,,площадь,Купля-продажа,89:12:110817:802,,2025-03-11,2025-03-13,4424.778761061946,001001000000,1,,,,,,25.0,22.6,100000.0,,2.0,0.0
2025-04-01,89:10:010302:1351,Здание,2015.0,Гараж,Железобетонные,,,303.0,,1,Гараж,10:0,02:071,"Ямало-Ненецкий автономный округ, муниципальный округ Надымский район, город Надым, проезд 8-й, панель ""О"", ГСК ""Мустанг"", гараж № 13",,,площадь,Купля-продажа,,,2025-02-27,2025-03-14,16666.666666666668,001001000000,1,,,,,,,30.0,500000.0,,2.0,0.0
2025-04-01,89:12:110812:463,Здание,1995.0,Гараж,Из мелких бетонных блоков,,,303.0,,1,Нежилое,12:0,02:071,"Ямало-Ненецкий автономный округ, город Ноябрьск, г. Ноябрьск, тер. ГК Ханто-2, ряд(ы) 10-й, гараж 44",,,площадь,Купля-продажа,89:12:110812:462,,2025-03-13,2025-03-17,18264.840182648404,001001000000,1,,,,,,25.0,21.9,400000.0,,2.0,0.0
2025-04-01,89:04:020401:1569,Здание,2016.0,Гараж,Бетонные,,,303.0,,1,нежилое,4:0,02:071,"Ямало-Ненецкий автономный округ, р-н Надымский, п Ягельный",,,площадь,Купля-продажа,89:04:020401:1384,,2025-03-10,2025-03-17,12500.0,001001000000,1,,,,,,51.0,36.0,450000.0,,2.0,0.0
2025-04-01,89:13:010216:1278,Здание,1998.0,гараж,Бетонные,,,303.0,,1,нежилое,13:0,02:071,"Ямало-Ненецкий автономный округ, город Муравленко г.о., г Муравленко, ул Губкина, строен 55/4/102",,,площадь,Купля-продажа,89:13:010216:1261,,2024-10-15,2025-03-18,9191.176470588236,001001000000,1,,,,,,38.0,27.2,250000.0,,2.0,0.0
2025-04-01,89:13:010303:342,Здание,2012.0,Дачный домик,Каменные и деревянные,,,202.0,,1,жилое,13:0,13:021,"Ямало-Ненецкий автономный округ, городской округ город Муравленко, город Муравленко, территория СНТ Дружба, улица Загородная, дом 15",,,площадь,Купля-продажа,89:13:010303:296,,2025-03-18,2025-03-19,31250.0,001001000000,1,,,,,,350.0,40.0,1250000.0,,2.0,0.0
2025-04-01,89:12:110611:2314,Здание,2003.0,Гараж,Железобетонные,,,303.0,,2,Нежилое,12:0,02:071,"Ямало-Ненецкий автономный округ, г Ноябрьск, тер ГПК Тепловик, гараж 330",,,площадь,Купля-продажа,89:12:110611:2310,,2025-03-15,2025-03-19,15290.519877675839,001001000000,1,,,,,,28.0,32.7,500000.0,,2.0,0.0
2025-04-01,89:13:010208:427,Здание,1996.0,гараж,Из прочих материалов,,,303.0,,1,нежилое,13:0,02:071,"Ямало-Ненецкий автономный округ, городской округ город Муравленко, город Муравленко, улица Ямальская, строение 12/48",,,площадь,Купля-продажа,89:13:010208:324,,2025-03-24,2025-03-26,11282.051282051281,001001000000,1,,,,,,4864.0,19.5,220000.0,,2.0,0.0
2025-08-01,89:14:030103:2719,Здание,2019.0,Жилой дом,Каркасно-обшивные,,,202.0,,1,Жилой дом,,,"Ямало-Ненецкий автономный округ, городской округ город Губкинский, город Губкинский, зона (массив) Садово-огороднический, линия 8, дом 713",,,площадь,Купля-продажа,89:14:030103:596,,2025-03-31,2025-04-03,77694.23558897243,001001000000,1,,,,,,,39.9,3100000.0,,2.0,0.0
2025-08-01,89:07:010101:1911,Здание,1984.0,Холодный склад № 3,Дощатые,,,723.0,,1,Нежилое,,,"Ямало-Ненецкий автономный округ, р-н Красноселькупский, с Красноселькуп, Промышленная зона КРСУ, строен. 3",,,площадь,Купля-продажа,89:07:010101:7099,,2025-03-21,2025-04-04,1650.7034347261692,001001000000,1,,,,,,,570.06,941000.0,,2.0,0.0
2025-08-01,89:07:010101:1910,Здание,1984.0,Тёплый склад,Деревянные,,,723.0,,1,Нежилое,,,"Ямало-Ненецкий автономный округ, р-н Красноселькупский, с Красноселькуп , Промышленная зона КРСУ, строен. 1",,,площадь,Купля-продажа,89:07:010101:7097,,2025-03-21,2025-04-04,2103.7335121842166,001001000000,1,,,,,,,447.3,941000.0,,2.0,0.0
2025-08-01,89:05:020301:3092,Здание,2015.0,Камазовский бокс,Железобетонные,,,306.0,,1,нежилое,,,"Ямало-Ненецкий автономный округ, р-н Пуровский, пгт Уренгой, промбаза Северная",,,площадь,Купля-продажа,89:05:020301:8128;89:05:020301:17620,,2025-03-14,2025-04-10,738.0851961197807,001001000000,1,,,,,,,948.4,700000.0,,2.0,0.0
2025-08-01,89:05:020301:2852,Здание,2015.0,Мойка,Железобетонные,,,407.0,,1,нежилое,,,"Ямало-Ненецкий автономный округ, р-н Пуровский, пгт Уренгой, промбаза Северная",,,площадь,Купля-продажа,89:05:020301:17619;89:05:020301:8128,,2025-03-14,2025-04-10,1827.4853801169588,001001000000,1,,,,,,,273.6,500000.0,,2.0,0.0
2025-08-01,89:13:010302:1927,Здание,2023.0,Дом,Из прочих материалов,,,202.0,,1,жилое,,,"Ямало-Ненецкий автономный округ, городской округ город Муравленко, город Муравленко, территория снт Дружба, переулок Февральский, земельный участок 11",,,площадь,Купля-продажа,89:13:010302:627,,2025-04-11,2025-04-14,57425.74257425743,001001000000,1,,,,,,,50.5,2900000.0,,2.0,0.0
2025-08-01,89:12:110406:2112,Здание,2015.0,Гаражный бокс,Смешанные,,,303.0,,1,Нежилое,,,"Ямало-Ненецкий автономный округ, городской округ город Ноябрьск, город Ноябрьск, улица Муравленко, дом 6в, помещение 1",,,площадь,Купля-продажа,89:12:110406:198,,2025-04-11,2025-04-15,23529.41176470588,001001000000,1,,,,,,,25.5,600000.0,,2.0,0.0
2025-08-01,89:14:040101:531,Здание,2022.0,Блокированный жилой дом,Бетонные,,,201.0,,2,жилое,,,"Ямало-Ненецкий автономный округ, городской округ город Губкинский, город Губкинский, микрорайон № 18, дом 10А",,,площадь,Купля-продажа,89:14:040101:457,,2024-12-25,2025-04-15,29394.473838918286,001001000000,1,,,,,,,170.1,5000000.0,,2.0,0.0
2025-08-01,89:12:110822:417,Здание,1995.0,Гараж,Из прочих материалов,,,303.0,,1,нежилое,,,"Ямало-Ненецкий автономный округ, город Ноябрьск, ряд 43-й, гараж 19",,,площадь,Купля-продажа,89:12:110822:415,,2025-04-07,2025-04-15,33755.27426160338,001001000000,1,,,,,,,23.7,800000.0,,2.0,0.0
2025-08-01,89:09:020101:1694,Здание,1997.0,"Торговый павильон ""Виктория""",Из прочих материалов,,,405.0,,1,нежилое,,,"Ямало-Ненецкий автономный округ, городской округ город Лабытнанги, город Лабытнанги, улица Гагарина, дом 33б",,,площадь,Купля-продажа,89:09:020101:3396,,2025-04-13,2025-04-16,122887.8648233487,001001000000,1,,,,,,,65.1,8000000.0,,2.0,0.0
2025-08-01,89:04:020301:1929,Здание,2017.0,гараж,Смешанные,,,303.0,,1,нежилое,,,"Ямало-Ненецкий автономный округ, р-н Надымский, п Приозерный, ул Финский Комплекс 1-я, гараж 123",,,площадь,Купля-продажа,89:04:020301:1750,,2025-04-07,2025-04-18,23480.662983425413,001001000000,1,,,,,,,36.2,850000.0,,2.0,0.0
2025-08-01,89:04:020201:1964,Здание,2001.0,Гараж № 7,Железобетонные,,,303.0,,1,нежилое,,,"Ямало-Ненецкий автономный округ, Надымский р-н, Лонгъюган п, район здания Хоккейного корта, ряд № 1, гараж № 7",,,площадь,Купля-продажа,89:04:020201:1443,,2025-04-15,2025-04-18,6250.0,001001000000,1,,,,,,,28.8,180000.0,,2.0,0.0
2025-08-01,89:05:030301:12911,Здание,1989.0,Жилой дом №20,Деревянные,,,202.0,,1,Жилой дом,,,"Ямало-Ненецкий автономный округ, городской округ город Губкинский, город Губкинский, микрорайон Северная экспедиция, улица Геологов, дом 23",,,площадь,Купля-продажа,,,2025-04-15,2025-04-18,7136.485280999108,001001000000,1,,,,,,,112.1,800000.0,,2.0,0.0
2025-08-01,89:05:030301:12910,Здание,1983.0,Жилой дом №21,Деревянные,,,202.0,,1,Жилой дом,,,"Ямало-Ненецкий автономный округ, городской округ город Губкинский, город Губкинский, микрорайон Северная экспедиция, улица Геологов, дом 24",,,площадь,Купля-продажа,,,2025-04-15,2025-04-18,17897.091722595076,001001000000,1,,,,,,,44.7,800000.0,,2.0,0.0
2025-08-01,89:13:010110:558,Здание,1996.0,гараж,Из прочих материалов,,,303.0,,1,нежилое,,,"Ямало-Ненецкий автономный округ, городской округ город Муравленко, город Муравленко, улица Дружбы народов, строение 19/110",,,площадь,Купля-продажа,89:13:010110:441,,2025-04-16,2025-04-21,15936.25498007968,001001000000,1,,,,,,,25.1,400000.0,,2.0,0.0
2025-08-01,89:11:040101:5007,Здание,2018.0,Дом,Из прочих материалов,,,202.0,,2,жилое,,,"Ямало-Ненецкий автономный округ, г Новый Уренгой, ДНТ ""Фемида"", ул 2-я Берёзовая, д 3",,,площадь,Купля-продажа,89:11:040101:902,,2025-04-22,2025-04-23,21352.313167259785,001001000000,1,,,,,,,281.0,6000000.0,,2.0,0.0
2025-08-01,89:12:110611:2320,Здание,2024.0,Гараж,Из прочих материалов,,,303.0,,1,Нежилое,,,"Ямало-Ненецкий автономный округ, городской округ город Ноябрьск, город Ноябрьск, улица 60 лет СССР, дом 29б, помещение 5",,,площадь,Купля-продажа,89:12:110611:2313,,2025-04-22,2025-04-24,59566.78700361011,001001000000,1,,,,,,,27.7,1650000.0,,2.0,0.0
2025-08-01,89:14:030103:2139,Здание,2008.0,Баня,Деревянные,,,854.0,,1,нежилое,,,"Ямало-Ненецкий автономный округ, г Губкинский, садово-огороднический массив, линия 9, участок 901",,,площадь,Купля-продажа,,,2025-04-22,2025-04-24,22764.227642276423,001001000000,1,,,,,,,24.6,560000.0,,2.0,0.0
2025-08-01,89:03:040101:366,Здание,1998.0,"Магазин розничной торговли ""ГИО""",Рубленые,,,401.0,,1,нежилое,,,"Ямало-Ненецкий автономный округ, р-н Ямальский, с Яр-Сале, ул Советская, д 38а",,,площадь,Купля-продажа,89:03:040101:43,,2025-01-04,2025-04-25,43599.00373599004,001001000000,1,,,,,,,80.3,3501000.0,,2.0,0.0
2025-08-01,89:03:040108:147,Здание,2000.0,Жилой дом,Смешанные,,,202.0,,1,жилое,,,"Ямало-Ненецкий автономный округ, р-н Ямальский, с Яр-Сале, ул Худи Сэроко, д 25а",,,площадь,Купля-продажа,89:03:040106:76,,2025-01-04,2025-04-25,39030.10033444816,001001000000,1,,,,,,,89.7,3501000.0,,2.0,0.0
2025-08-01,89:12:110818:239,Здание,2015.0,,,,,303.0,,1,Гараж,,,"Ямало-Ненецкий автономный округ, г Ноябрьск, ГК Ханто-2, гараж № 55, блок № 8",,,площадь,Купля-продажа,,,2025-05-03,2025-05-06,19432.31441048035,001001000000,1,,,,,,,22.9,445000.0,,2.0,0.0
2025-08-01,89:11:060201:1421,Здание,2016.0,"холодный склад, поз.7.3",Кирпичные,,,723.0,,2,нежилое,,,"Ямало-Ненецкий автономный округ, г Новый Уренгой, Северная промзона, панель ""А""",,,площадь,Купля-продажа,89:11:060201:106,,2025-04-14,2025-05-06,221864.84829911124,001001000000,1,,,,,,,151.9,150000000.0,Выброс,2.0,0.0
2025-08-01,89:11:040101:5085,Здание,2015.0,Склад поз. 7.2,Каркасно-панельные,,,723.0,,1,Нежилое,,,"Ямало-Ненецкий автономный округ, г Новый Уренгой, Северная промзона, панель ""А""",,,площадь,Купля-продажа,89:11:060201:106,,2025-04-14,2025-05-06,115740.74074074074,001001000000,1,,,,,,,1296.0,150000000.0,,2.0,0.0
2025-08-01,89:11:060201:1391,Здание,2015.0,Склад поз. 7.1,Каркасно-панельные,,,723.0,,1,нежилое,,,"Ямало-Ненецкий автономный округ, г Новый Уренгой, Северная промзона, панель ""А""",,,площадь,Купля-продажа,89:11:060201:106,,2025-04-14,2025-05-06,115740.74074074074,001001000000,1,,,,,,,1296.0,150000000.0,,2.0,0.0
2025-08-01,89:11:060201:1396,Здание,2012.0,Склад поз. 6.1,Каркасно-панельные,,,723.0,,1,нежилое,,,"Ямало-Ненецкий автономный округ, г Новый Уренгой, Северная промзона, панель ""А""",,,площадь,Купля-продажа,89:11:060201:106,,2025-04-14,2025-05-06,115740.74074074074,001001000000,1,,,,,,,1296.0,150000000.0,,2.0,0.0
2025-08-01,89:11:000000:657,Здание,2001.0,"I очередь объекта ""Склады"", склад п.4.1",Железобетонные,,,723.0,,1,Нежилое,,,"Ямало-Ненецкий автономный округ, г Новый Уренгой, ул Северная магистраль, д 11",,,площадь,Купля-продажа,89:11:060201:1037,,2025-04-14,2025-05-06,11656.823127137084,001001000000,1,,,,,,,1286.8,15000000.0,,2.0,0.0
2025-08-01,89:11:060201:1419,Здание,2016.0,"холодный склад, поз.6.3",Кирпичные,,,723.0,,2,нежилое,,,"Ямало-Ненецкий автономный округ, г Новый Уренгой, Северная промзона, панель ""А""",,,площадь,Купля-продажа,89:11:060201:106,,2025-04-14,2025-05-06,221864.84829911124,001001000000,1,,,,,,,151.9,150000000.0,Выброс,2.0,0.0
2025-08-01,89:11:060201:1395,Здание,2012.0,Склад поз. 5.1,Каркасно-панельные,,,723.0,,1,нежилое,,,"Ямало-Ненецкий автономный округ, г Новый Уренгой, Северная промзона, панель А",,,площадь,Купля-продажа,89:11:060201:95,,2025-04-14,2025-05-06,116568.23127137085,001001000000,1,,,,,,,1286.8,150000000.0,,2.0,0.0
2025-08-01,89:12:110802:1469,Здание,1997.0,Гараж,Из прочих материалов,,,303.0,,1,нежилое,,,"Ямало-Ненецкий автономный округ, городской округ город Ноябрьск, город Ноябрьск, территория ГК Ханто-1, ряд 9, гараж 34А",,,площадь,Купля-продажа,89:12:110802:1466,,2025-04-30,2025-05-06,13872.832369942196,001001000000,1,,,,,,,17.3,240000.0,,2.0,0.0
2025-08-01,89:10:020101:1359,Здание,2022.0,Жилой дом,Деревянные,,,202.0,,1,жилое,,,"Ямало-Ненецкий автономный округ, г Надым, ул Рябиновая , д 6",,,площадь,Купля-продажа,89:10:020101:577,,2025-05-02,2025-05-06,98231.82711198428,001001000000,1,,,,,,,50.9,5000000.0,,2.0,0.0
2025-08-01,89:08:070101:5811,Здание,2022.0,Жилой дом,Деревянные,,,202.0,,1,жилое,,,"Ямало-Ненецкий автономный округ, городской округ город Салехард, территория ДНТ Север, ул Ягельная, дом 31",,,площадь,Купля-продажа,89:08:070101:1066,,2025-04-30,2025-05-06,81669.69147005444,001001000000,1,,,,,,,110.2,9000000.0,,2.0,0.0
2025-08-01,89:11:060201:1397,Здание,2015.0,Склад поз. 6.2,Каркасно-панельные,,,723.0,,1,нежилое,,,"Ямало-Ненецкий автономный округ, г Новый Уренгой, Северная промзона, панель ""А""",,,площадь,Купля-продажа,89:11:060201:106,,2025-04-14,2025-05-07,115740.74074074074,001001000000,1,,,,,,,1296.0,150000000.0,,2.0,0.0
2025-08-01,89:11:000000:659,Здание,2001.0,"I очередь объекта ""Склады"", проходная",Кирпичные,,,703.0,,1,Нежилое,,,"Ямало-Ненецкий автономный округ, г Новый Уренгой, ул Северная магистраль, д 11",,,площадь,Купля-продажа,89:11:060201:1037,,2025-04-14,2025-05-07,221864.84829911124,001001000000,1,,,,,,,23.2,150000000.0,Выброс,2.0,0.0
2025-08-01,89:11:060201:828,Здание,2001.0,здание,Из прочих материалов,,,723.0,,1,Нежилое,,,"Ямало-Ненецкий автономный округ, г Новый Уренгой, Северная промзона, панель А, в районе административного здания по Северной магистрали, д 11",,,площадь,Купля-продажа,89:11:060201:89,,2025-04-14,2025-05-07,221864.84829911124,001001000000,1,,,,,,,70.9,150000000.0,Выброс,2.0,0.0
2025-08-01,89:11:060201:1420,Здание,2016.0,"холодный склад, поз.5.3",Кирпичные,,,723.0,,2,нежилое,,,"Ямало-Ненецкий автономный округ, г Новый Уренгой, Северная промзона, панель ""А""",,,площадь,Купля-продажа,89:11:060201:95,,2025-04-14,2025-05-07,221864.84829911124,001001000000,1,,,,,,,151.9,150000000.0,Выброс,2.0,0.0
2025-08-01,89:11:060201:1398,Здание,2015.0,Склад поз. 5.2,Каркасно-панельные,,,723.0,,1,нежилое,,,"Ямало-Ненецкий автономный округ, г Новый Уренгой, Северная промзона, панель А",,,площадь,Купля-продажа,89:11:060201:95,,2025-04-14,2025-05-07,116568.23127137085,001001000000,1,,,,,,,1286.8,150000000.0,,2.0,0.0
2025-08-01,89:11:000000:660,Здание,2001.0,"I очередь объекта ""Склады"", склад п.4,2",Железобетонные,,,723.0,,1,Нежилое,,,"Ямало-Ненецкий автономный округ, г Новый Уренгой, ул Северная магистраль, д 11",,,площадь,Купля-продажа,89:11:060201:1037,,2025-04-14,2025-05-07,116568.23127137085,001001000000,1,,,,,,,1286.8,150000000.0,,2.0,0.0
2025-08-01,89:13:010110:823,Здание,1998.0,гараж,Из прочих материалов,,,303.0,,1,Нежилое,,,"Ямало-Ненецкий автономный округ, городской округ город Муравленко, город Муравленко, улица Дружбы народов, строение 17/36",,,площадь,Купля-продажа,89:13:010110:811,,2025-05-12,2025-05-14,19531.25,001001000000,1,,,,,,,25.6,500000.0,,2.0,0.0
2025-08-01,89:12:110811:577,Здание,2002.0,гараж,Бетонные,,,303.0,,1,Нежилое,,,"Ямало-Ненецкий автономный округ, город Ноябрьск г.о., Ноябрьск г, тер. ГК Ханто-1, ряд 30-й, Гараж 21",,,площадь,Купля-продажа,,,2025-05-14,2025-05-15,17889.90825688073,001001000000,1,,,,,,,21.8,390000.0,,2.0,0.0
2025-08-01,89:12:120102:1594,Здание,2022.0,Жилой дом,Из мелких бетонных блоков,,,202.0,,1,Жилой дом,,,"Ямало-Ненецкий автономный округ, городской округ город Ноябрьск, город Ноябрьск, территория потребительского садоводческого общества Мечта, проезд 15-й, дом 12",,,площадь,Купля-продажа,89:12:120102:207,,2025-05-16,2025-05-20,37567.08407871199,001001000000,1,,,,,,,55.9,2100000.0,,2.0,0.0
2025-08-01,89:11:070101:3798,Здание,2008.0,Жилой дом,Деревянные,,,202.0,,1,жилое,,,"Ямало-Ненецкий автономный округ, г Новый Уренгой, Северная промзона, ДНТ ""Северянин"", ул Зелёная, д. №5",,,площадь,Купля-продажа,89:11:060201:178,,2025-05-20,2025-05-21,64306.35838150289,001001000000,1,,,,,,,69.2,4450000.0,,2.0,0.0
2025-08-01,89:12:111108:95,Здание,2005.0,Контрольно-пропускной пункт с навесом,Крупнопанельные; Кирпичные,,,703.0,,1,нежилое,,,"Ямало-Ненецкий автономный округ, г Ноябрьск, Промузел Пелей, панель VIII",,,площадь,Купля-продажа,,,2025-05-20,2025-05-21,18292.68292682927,001001000000,1,,,,,,,32.8,600000.0,,2.0,0.0
2025-08-01,89:12:110708:119,Здание,2015.0,Сборно-разборный торговый павильон,Металлические,,,405.0,,1,Нежилое,,,"Ямало-Ненецкий автономный округ, г Ноябрьск, ул Высоцкого, д 15б",,,площадь,Купля-продажа,89:12:110708:31;89:12:110708:313,,2025-05-19,2025-05-22,81466.39511201628,001001000000,1,,,,,,,147.3,12000000.0,,2.0,0.0
2025-08-01,89:12:111101:1136,Здание,1991.0,Здание склада арочного типа №5,Железобетонные,,,727.0,,1,нежилое,,,"Ямало-Ненецкий автономный округ, г Ноябрьск, Здание склада арочного типа №5, промузел Пелей, панель 8",,,площадь,Купля-продажа,,,2025-05-20,2025-05-22,2211.900022119,001001000000,1,,,,,,,452.1,1000000.0,,2.0,0.0
2025-08-01,89:08:070101:7158,Здание,2025.0,Жилой дом,Деревянные,,,202.0,,1,Жилой дом,,,"Ямало-Ненецкий автономный округ, городской округ город Салехард, территория ДНТ Север, улица Ягельная, дом 83",,,площадь,Купля-продажа,89:08:070101:2335,,2025-05-21,2025-05-22,86363.63636363637,001002000000,1,,,,,,,132.0,11400000.0,,2.0,0.0
2025-08-01,89:05:030301:1318,Здание,2015.0,Неотапливаемый склад,Железобетонные,,,723.0,,1,Нежилое,,,"Ямало-Ненецкий автономный округ, р-н Пуровский, п Пурпе, мкр Геологов, д 29, Северная Экспедиция",,,площадь,Купля-продажа,89:05:030301:3905,,2025-05-21,2025-05-26,5201.109570041609,001001000000,1,,,,,,,576.8,3000000.0,,2.0,0.0
2025-08-01,89:05:030301:1594,Здание,2004.0,Гараж,Железобетонные,,,303.0,,1,Гараж,,,"Ямало-Ненецкий автономный округ, р-н Пуровский, п Пурпе, ул Векшина, Коллективные гаражи",,,площадь,Купля-продажа,89:05:030301:13062,,2025-05-24,2025-05-26,21367.521367521367,001001000000,1,,,,,,,23.4,500000.0,,2.0,0.0
2025-08-01,89:05:010310:11795,Здание,2004.0,Котельная 2 котла ПКН-2М,Из прочих материалов,,,710.0,,1,нежилое,,,"Ямало-Ненецкий автономный округ, р-н Пуровский, ст Фарафонтьевская",,,площадь,Купля-продажа,89:05:010310:491,,2025-05-13,2025-05-27,221864.84829911124,001001000000,1,,,,,,,112.6,120000000.0,Выброс,2.0,0.0
2025-08-01,89:05:010310:11814,Здание,2004.0,Административно-бытовой комплекс (АБК),Деревянные,,,603.0,,1,нежилое,,,"Ямало-Ненецкий автономный округ, р-н Пуровский, ст Фарафонтьевская",,,площадь,Купля-продажа,89:05:010310:9131,,2025-05-13,2025-05-27,221864.84829911124,001001000000,1,,,,,,,163.5,120000000.0,Выброс,2.0,0.0
2025-08-01,89:11:010102:193,Здание,2015.0,Казарма,Смешанные,,,836.0,,1,Нежилое,,,"Ямало-Ненецкий автономный округ, городской округ город Новый Уренгой, город Новый Уренгой, улица Железнодорожная, дом 154",,,площадь,Купля-продажа,89:11:010102:202,,2025-05-12,2025-05-27,12243.989314336599,001001000000,1,,,,,,,449.2,5500000.0,,2.0,0.0
2025-08-01,89:05:010310:12015,Здание,2009.0,Стационарная насосная станция,Из прочих материалов,,,715.0,,1,нежилое,,,"Ямало-Ненецкий автономный округ, р-н Пуровский, ст Фарафонтьевская, производственная база ООО ""Автотехстрой""",,,площадь,Купля-продажа,89:05:010310:9130,,2025-05-13,2025-05-27,221864.84829911124,001001000000,1,,,,,,,87.4,120000000.0,Выброс,2.0,0.0
2025-08-01,89:05:010310:11867,Здание,2004.0,КПП,Из прочих материалов,,,703.0,,1,нежилое,,,"Ямало-Ненецкий автономный округ, р-н Пуровский, ст Фарафонтьевская",,,площадь,Купля-продажа,89:05:010310:9127,,2025-05-13,2025-05-27,221864.84829911124,001001000000,1,,,,,,,14.9,120000000.0,Выброс,2.0,0.0
2025-08-01,89:05:030101:368,Здание,1959.0,Контора,Рубленые,,,610.0,,1,нежилое,,,"Ямало-Ненецкий автономный округ, р-н Пуровский, с Халясавэй, ул Центральная, д 2",,,площадь,Купля-продажа,89:05:030101:300,,2025-05-21,2025-05-27,15796.703296703297,001001000000,1,,,,,,,72.8,1150000.0,,2.0,0.0
2025-08-01,89:10:010109:1846,Здание,2004.0,Гараж,Железобетонные,,,303.0,,1,нежилое,,,"Ямало-Ненецкий автономный округ, г Надым, ул Юбилейная, земельный участок 4/1/16, гараж №16",,,площадь,Купля-продажа,89:10:010109:1807,,2025-05-31,2025-06-02,14977.97356828194,001001000000,1,,,,,,,22.7,340000.0,,2.0,0.0
2025-08-01,89:04:020101:3315,Здание,1995.0,Баня,Кирпичные,,,830.0,,3,нежилое,,,"Ямало-Ненецкий автономный округ, р-н Надымский, пгт Пангоды, ул Звездная",,,площадь,Купля-продажа,89:04:020102:24,,2025-05-28,2025-06-04,1146.5640734699668,001001000000,1,,,,,,,1410.1,1616770.0,,2.0,0.0
2025-08-01,89:14:030103:1193,Здание,2018.0,Садовый дом,Рубленые,,,202.0,,1,,,,"Ямало-Ненецкий автономный округ, городской округ город Губкинский, город Губкинский, зона (массив) Садово-огороднический, линия 8, дом 179",,,площадь,Купля-продажа,89:14:030103:302,,2025-06-02,2025-06-04,100000.0,001001000000,1,,,,,,,20.0,2000000.0,,2.0,0.0
2025-08-01,89:08:030101:661,Здание,1950.0,Здание склада №17,Из прочих материалов,,,723.0,,1,нежилое,,,"Ямало-Ненецкий автономный округ, г Салехард, ул Кооперативная, строение 1а/2",,,площадь,Купля-продажа,89:08:030101:23;89:08:030101:497,,2025-05-30,2025-06-06,25248.846807477545,001001000000,1,,,,,,,823.8,20800000.0,,2.0,0.0
2025-08-01,89:13:010103:244,Здание,2002.0,"Магазин ""Дионис""",Смешанные,,,402.0,,2,Нежилое,,,"Ямало-Ненецкий автономный округ, городской округ город Муравленко, город Муравленко, улица Губкина, дом 17-А",,,площадь,Купля-продажа,89:13:010102:118,,2025-06-17,2025-06-18,54495.912806539505,001001000000,1,,,,,,,293.6,16000000.0,,2.0,0.0
2025-08-01,89:14:030103:795,Здание,2007.0,садовый дом,Деревянные; Металлические,,,202.0,,1,Жилой дом,,,"Ямало-Ненецкий автономный округ, городской округ город Губкинский, город Губкинский, зона (массив) Садово-огороднический, линия 6, дом 99",,,площадь,Купля-продажа,89:14:030103:225,,2025-06-20,2025-06-23,72916.66666666667,001001000000,1,,,,,,,38.4,2800000.0,,2.0,0.0
2025-08-01,89:09:030105:222,Здание,1990.0,Склад №1 РЭСП-1,Деревянные,,,723.0,,1,Нежилое,,,"Ямало-Ненецкий автономный округ, г Лабытнанги, ул Поисковая, д б/н",,,площадь,Купля-продажа,89:09:030105:108;89:09:030105:107,,2025-06-19,2025-06-25,3042.5963488843813,001001000000,1,,,,,,,147.9,450000.0,,2.0,0.0
2025-08-01,89:12:000000:6757,Здание,2002.0,Гараж,Из прочих материалов,,,302.0,,1,нежилое,,,"Ямало-Ненецкий автономный округ, г Ноябрьск, микрорайон И, гараж 9",,,площадь,Купля-продажа,,,2025-06-25,2025-06-27,112612.61261261262,001001000000,1,,,,,,,22.2,2500000.0,,2.0,0.0
2025-08-01,89:02:020102:580,Здание,2018.0,Гаражный бокс №4,Бетонные,,,303.0,,1,нежилое,,,"Ямало-Ненецкий автономный округ, р-н Приуральский, с Аксарка, переулок Школьный 7В, строение 4",,,площадь,Купля-продажа,89:02:020102:313,,2024-12-29,2025-06-30,12396.694214876034,001001000000,1,,,,,,,24.2,300000.0,,2.0,0.0
2025-11-01,89:11:030301:7845,Здание,2025.0,Жилой дом,Из мелких бетонных блоков,,,202.0,,2,Жилой дом,,,"Ямало-Ненецкий автономный округ, городской округ город Новый Уренгой, город Новый Уренгой, территория СНТ Простоквашино, улица 1-Сосновая, дом 48",,,площадь,Купля-продажа,89:11:030301:3120,,2025-06-27,2025-07-01,4401.408450704225,001001000000,1,,,,,,,227.2,1000000.0,,2.0,0.0
2025-11-01,89:12:110611:1167,Здание,1994.0,Гараж,Смешанные,,,303.0,,1,Нежилое,,,"Ямало-Ненецкий автономный округ, г Ноябрьск, ГПК Тепловик, гараж №205",,,площадь,Купля-продажа,,,2025-07-02,2025-07-02,20000.0,001001000000,1,,,,,,,22.5,450000.0,,2.0,0.0
2025-11-01,89:05:020113:635,Здание,2019.0,Гараж,Смешанные,,,303.0,,1,нежилое,,,"Ямало-Ненецкий автономный округ, Пуровский район, г. Тарко-Сале, район промбазы НГРЭИС, ряд 10, участок № 3",,,площадь,Купля-продажа,89:05:020113:266,,2025-07-04,2025-07-08,79872.20447284346,001001000000,1,,,,,,,31.3,2500000.0,,2.0,0.0
2025-11-01,89:04:010701:1020,Здание,2001.0,Индивидуальный гараж,Из прочих материалов,,,303.0,,1,нежилое,,,"Ямало-Ненецкий автономный округ, р-н Надымский, пгт Заполярный, гараж № 39",,,площадь,Купля-продажа,89:04:010701:220,,2025-07-05,2025-07-11,8264.462809917355,001001000000,1,,,,,,,24.2,200000.0,,2.0,0.0
2025-11-01,89:12:120102:1747,Здание,2025.0,Индивидуальный дом,Иное,,,202.0,,1,Жилой дом,,,"Ямало-Ненецкий автономный округ, городской округ город Ноябрьск, город Ноябрьск, территория потреб. садоводческого общества Мечта, 7-й проезд, дом 35в",,,площадь,Купля-продажа,89:12:120102:1006,,2022-03-19,2025-07-18,9677.41935483871,001001000000,1,,,,,,,31.0,300000.0,,2.0,0.0
2025-11-01,89:11:050203:1765,Здание,2024.0,Объект дорожного сервиса. Мойка для легковых автомобилей,Иное,,,407.0,,1,Нежилое,,,"Ямало-Ненецкий автономный округ, городской округ город Новый Уренгой, город Новый Уренгой, улица Окружная, строение 12",,,площадь,Купля-продажа,89:11:050203:1671,,2025-04-24,2025-07-28,14872.652909462726,001001000000,1,,,,,,,537.9,8000000.0,,2.0,0.0
2025-11-01,89:02:010101:2979,Здание,2025.0,Индивидуальный жилой дом,Деревянные,,,202.0,,2,Жилой дом,,,"Ямало-Ненецкий автономный округ, муниципальный округ Приуральский район, село Белоярск, улица Заполярная, земельный участок 14",,,площадь,Купля-продажа,89:02:010101:1796,,2024-07-10,2025-07-31,4284.490145672665,001001000000,1,,,,,,,116.7,500000.0,,2.0,0.0
2025-11-01,89:08:070101:7306,Здание,2025.0,Индивидуальный жилой дом,Деревянные,,,202.0,,2,Жилой дом,,,"Ямало-Ненецкий автономный округ, городской округ город Салехард, город Салехард, микрорайон Радужный, улица Паши Кривощёкова, дом 5в",,,площадь,Купля-продажа,89:08:070101:2444,,2024-06-25,2025-08-01,81818.18181818182,001001000000,1,,,,,,,55.0,4500000.0,,2.0,0.0
2025-11-01,89:08:070101:7308,Здание,2025.0,Гараж,Деревянные,,,302.0,,1,Гараж,,,"Ямало-Ненецкий автономный округ, городской округ город Салехард, территория ДНТ Север, улица Лесная",,,площадь,Купля-продажа,89:08:070101:1176,,2021-11-08,2025-08-02,19263.39285714286,001001000000,1,,,,,,,44.8,863000.0,,2.0,0.0
2025-11-01,89:11:030101:1562,Здание,1991.0,Здание: общежитие №6,Из прочих материалов,,,507.0,,2,Жилой дом,,,"Ямало-Ненецкий автономный округ, городской округ город Новый Уренгой, город Новый Уренгой, улица Промысловая, дом 21/3",,,площадь,Купля-продажа,89:11:030102:136,,2025-05-13,2025-08-04,41163.87554756674,001001000000,1,,,,,,,1502.1,61832257.46,,2.0,0.0
2025-11-01,89:11:030101:600,Здание,1986.0,Узел связи с машиносчетной станцией,Из прочих материалов,,,721.0,,2,Нежилое,,,"Ямало-Ненецкий автономный округ, городской округ город Новый Уренгой, город Новый Уренгой, улица Промысловая, дом 23И/2",,,площадь,Купля-продажа,89:11:030102:97,,2025-05-13,2025-08-04,166439.4548048452,001001000000,1,,,,,,,371.5,61832257.46,,2.0,0.0
2025-11-01,89:11:030101:1541,Здание,1987.0,здание: Теплая стоянка на 45 а/м №1,Из прочих материалов,,,306.0,,2,Нежилое,,,"Ямало-Ненецкий автономный округ, г Новый Уренгой, Восточная промзона",,,площадь,Купля-продажа,89:11:030102:97,,2025-05-13,2025-08-04,34897.98931030591,001001000000,1,,,,,,,1771.8,61832257.46,,2.0,0.0
2025-11-01,89:11:030101:517,Здание,1988.0,Служебный корпус СТО,Из прочих материалов,,,730.0,,1,Нежилое,,,"Ямало-Ненецкий автономный округ, городской округ город Новый Уренгой, город Новый Уренгой, улица Промысловая, дом 23И/4",,,площадь,Купля-продажа,89:11:030102:97,,2025-05-13,2025-08-04,85191.86753926703,001001000000,1,,,,,,,725.8,61832257.46,,2.0,0.0
2025-11-01,89:11:000000:2511,Здание,1988.0,Производственный корпус СТО,Из прочих материалов,,,704.0,,2,Нежилое,,,"Ямало-Ненецкий автономный округ, городской округ город Новый Уренгой, город Новый Уренгой, улица Промысловая, дом 23И/8",,,площадь,Купля-продажа,89:11:030102:97,,2025-05-13,2025-08-04,27504.2291090254,001001000000,1,,,,,,,2248.1,61832257.46,,2.0,0.0
2025-11-01,89:11:020203:332,Здание,1988.0,"""Магазин продовольственных и непродовольственных товаров""",Кирпичные,,,402.0,,2,нежилое,,,"Ямало-Ненецкий автономный округ, городской округ город Новый Уренгой, город Новый Уренгой, улица Таежная, дом 56",,,площадь,Купля-продажа,89:11:020203:73; 89:11:020203:2145,,2025-06-17,2025-08-04,24087.098949802483,001001000000,1,,,,,,,1037.9,25000000.0,,2.0,0.0
2025-11-01,89:11:000000:2473,Здание,1989.0,Теплая стоянка №2,Крупнопанельные; Из прочих материалов,,,306.0,,1,Нежилое,,,"Ямало-Ненецкий автономный округ, городской округ город Новый Уренгой, город Новый Уренгой, улица Промысловая, дом 23И/7",,,площадь,Купля-продажа,89:11:030102:97,,2025-05-13,2025-08-05,13705.476551036241,001001000000,1,,,,,,,4511.5,61832257.46,,2.0,0.0
2025-11-01,89:11:030101:572,Здание,1988.0,Теплый переход СТО,Смешанные,,,730.0,,1,Нежилое,,,"Ямало-Ненецкий автономный округ, городской округ город Новый Уренгой, город Новый Уренгой, улица Промысловая, дом 23И/6",,,площадь,Купля-продажа,89:11:030102:97,,2025-05-13,2025-08-05,221864.84829911124,001001000000,1,,,,,,,71.6,61832257.46,Выброс,2.0,0.0
2025-11-01,89:11:030101:487,Здание,1985.0,ЦРМ тракторной техники,Из прочих материалов,,,722.0,,1,Нежилое,,,"Ямало-Ненецкий автономный округ, городской округ город Новый Уренгой, город Новый Уренгой, улица Промысловая, дом 23И/5",,,площадь,Купля-продажа,89:11:030102:97,,2025-05-13,2025-08-05,65389.44316835871,001001000000,1,,,,,,,945.6,61832257.46,,2.0,0.0
2025-11-01,89:11:030101:586,Здание,1991.0,здание: Вахта-80,Сборно-щитовые,,,610.0,,2,Нежилое,,,"Ямало-Ненецкий автономный округ, г Новый Уренгой, Восточная промзона",,,площадь,Купля-продажа,89:11:030102:97,,2025-05-13,2025-08-07,67055.91308968658,001001000000,1,,,,,,,922.1,61832257.46,,2.0,0.0
2025-11-01,89:12:110702:116,Здание,1998.0,"Магазин ""Художественный салон""",Смешанные,,,401.0,,1,Нежилое,,,"Ямало-Ненецкий автономный округ, г Ноябрьск, ул Ленина, д 94",,,площадь,Купля-продажа,89:12:110702:43,,2024-12-17,2025-08-11,11393.533834586466,001001000000,1,,,,,,,53.2,606136.0,,2.0,0.0
2025-11-01,89:08:070101:7322,Здание,2025.0,Жилой дом,Каркасно-обшивные,,,202.0,,2,Жилой дом,,,"Ямало-Ненецкий автономный округ, городской округ город Салехард, территория ДНТ Надежда, проезд Лесной 10-й, земельный участок 16",,,площадь,Купля-продажа,89:08:070101:1962,,2023-01-26,2025-08-14,339.7747126436782,001001000000,1,,,,,,,217.5,73901.0,,2.0,0.0
2025-11-01,89:08:070101:7328,Здание,2025.0,Жилой дом,Деревянные,,,202.0,,1,Жилой дом,,,"Ямало-Ненецкий автономный округ, городской округ город Салехард, территория ведения садоводства и огородничества Приобье, улица 3-я Речная, дом 13",,,площадь,Купля-продажа,89:08:070101:3149,,2023-10-23,2025-08-21,12379.032258064515,001001000000,1,,,,,,,99.2,1228000.0,,2.0,0.0
2025-11-01,89:05:020301:5762,Здание,2005.0,Индивидуальный гараж,Из прочих материалов,,,303.0,,1,нежилое,,,"Ямало-Ненецкий автономный округ, р-н Пуровский, пгт Уренгой, Южная часть промышленной зоны, район микрорайона 2, бокс 133, ряд 5, 1 очередь",,,площадь,Купля-продажа,89:05:020301:129,,2025-08-22,2025-08-25,14583.333333333334,001001000000,1,,,,,,,36.0,525000.0,,2.0,0.0
2025-11-01,89:08:000000:1366,Здание,2015.0,Часть здания: гараж,Из прочих материалов,,,303.0,,1,Нежилое,,,"Ямало-Ненецкий автономный округ, г Салехард, ул Подшибякина, площадка №22, строен.2, бокс №7",,,площадь,Купля-продажа,89:08:010301:487,,2025-06-26,2025-08-25,41362.43093922651,001001000000,1,,,,,,,18.1,748660.0,,2.0,0.0
2025-11-01,89:08:030301:1938,Здание,2021.0,Склад строительных материалов №2,Металлические,,,723.0,,1,нежилое,,,"Ямало-Ненецкий автономный округ, г Салехард, ул Объездная",,,площадь,Купля-продажа,89:08:030301:153,,2025-05-20,2025-09-03,22238.154613466333,001001000000,1,,,,,,,240.6,5350500.0,,2.0,0.0
2025-11-01,89:08:030301:1937,Здание,2021.0,Склад строительных материалов №1,Металлические,,,723.0,,1,нежилое,,,"Ямало-Ненецкий автономный округ, г Салехард, ул Объездная",,,площадь,Купля-продажа,89:08:030301:153,,2025-05-20,2025-09-03,22238.154613466333,001001000000,1,,,,,,,240.6,5350500.0,,2.0,0.0
2025-11-01,89:14:020101:206,Здание,2001.0,"Здание офиса ЗАО ""Спецстрой""",Из легкобетонных панелей; Кирпичные,,,610.0,,3,Нежилое,,,"Ямало-Ненецкий автономный округ, г Губкинский, Промзона, панель №3",,,площадь,Купля-продажа,89:14:020102:51,,2025-08-29,2025-09-04,18446.781036709093,001001000000,1,,,,,,,542.1,10000000.0,,2.0,0.0
2025-11-01,89:11:040101:7819,Здание,2022.0,Жилой дом,Смешанные,,,202.0,,2,жилое,,,"Ямало-Ненецкий автономный округ, городской округ город Новый Уренгой, город Новый Уренгой, садовое товарищество ДНТ Титан, улица Небесная, дом 14",,,площадь,Купля-продажа,89:11:040101:4021,,2025-09-15,2025-09-15,77301.58730158731,001001000000,1,,,,,,,126.0,9740000.0,,2.0,0.0
2025-11-01,89:12:120102:869,Здание,2016.0,дачный жилой дом,Смешанные,,,202.0,,2,жилое,,,"Ямало-Ненецкий автономный округ, г Ноябрьск, тер потребительского садоводческого общества Мечта, 29-й км окружной автомобильной дороги ""Подъезд к г. Ноябрьску"", проезд 14 участок 5",,,площадь,Купля-продажа,89:12:120102:847,,2025-09-18,2025-09-19,61196.10570236439,001001000000,1,,,,,,,71.9,4400000.0,,2.0,0.0
2025-11-01,89:03:040101:726,Здание,2009.0,Гараж,Из прочих материалов,,,303.0,,1,нежилое,,,"Ямало-Ненецкий автономный округ, р-н Ямальский, с Яр-Сале, ул Советская, д 58/1",,,площадь,Купля-продажа,89:03:040101:70,,2025-09-24,2025-09-25,11904.761904761905,001001000000,1,,,,,,,84.0,1000000.0,,2.0,0.0
2025-11-01,89:05:020301:5550,Здание,2011.0,Гараж,Из прочих материалов,,,303.0,,1,нежилое,,,"Ямало-Ненецкий автономный округ, р-н Пуровский, пгт Уренгой, северная часть промышленной зоны поселка, район овощехранилища, ряд 2, бокс 27",,,площадь,Купля-продажа,89:05:020301:1661,,2025-05-01,2025-09-25,16666.666666666668,001001000000,1,,,,,,,36.0,600000.0,,2.0,0.0
2025-11-01,89:05:020301:5549,Здание,2011.0,Гараж,Из прочих материалов,,,303.0,,2,нежилое,,,"Ямало-Ненецкий автономный округ, р-н Пуровский, пгт Уренгой, северная часть промышленной зоны поселка, район овощехранилища, ряд 2, бокс 35",,,площадь,Купля-продажа,89:05:020301:1658,,2025-05-01,2025-09-25,16666.666666666668,001001000000,1,,,,,,,36.0,600000.0,,2.0,0.0
2025-11-01,89:14:030103:838,Здание,2005.0,Садовый дом,Деревянные,,,202.0,,1,Жилой дом,,,"Ямало-Ненецкий автономный округ, г Губкинский, СНТ Надежда, район водозабора, водоочистные сооружения, уч 33",,,площадь,Купля-продажа,89:14:030103:161,,2025-09-25,2025-09-26,69047.61904761905,001001000000,1,,,,,,,42.0,2900000.0,,2.0,0.0
2025-11-01,89:11:030301:7306,Здание,2020.0,Жилой дом,Деревянные,,,202.0,,1,жилое,,,"Ямало-Ненецкий автономный округ, г Новый Уренгой, СНТСН ""Северное сияние"", ул Пограничная, д 22",,,площадь,Купля-продажа,89:11:030301:3547,,2025-09-27,2025-09-29,143396.22641509434,001001000000,1,,,,,,,53.0,7600000.0,,2.0,0.0
2025-11-01,89:11:040101:4309,Здание,2014.0,Дом,Деревянные,,,202.0,,2,жилое,,,"Ямало-Ненецкий автономный округ, г Новый Уренгой, ДПК У-Дача, проезд Севастопольский, д 35",,,площадь,Купля-продажа,89:11:040101:2324,,2025-09-29,2025-09-30,81047.38154613467,001001000000,1,,,,,,,80.2,6500000.0,,2.0,0.0
2025-11-01,89:12:120102:569,Здание,2016.0,Жилой дачный дом,Смешанные,,,202.0,,2,жилое,,,"Ямало-Ненецкий автономный округ, г Ноябрьск, 29-й км окружной автомобильной дороги ""Подъезд к г. Ноябрьску"" проезд 7 участок 12",,,площадь,Купля-продажа,89:12:120102:907,,2025-09-29,2025-09-30,68965.5172413793,001001000000,1,,,,,,,58.0,4000000.0,,2.0,0.0
2026-01-01,89:11:030201:205,Здание,1988.0,здание,Из прочих материалов,,,610.0,,1,Нежилое,,,"Ямало-Ненецкий автономный округ, г Новый Уренгой, ул Промысловая, д 29",,,площадь,Купля-продажа,89:11:030103:69,,2025-08-05,2025-10-01,149094.35061153176,Собственность,1,,,,,,,343.4,51199000.0,,2.0,0.0
2026-01-01,89:11:030201:129,Здание,2005.0,Баня,Из прочих материалов,,,854.0,,1,Нежилое,,,"Ямало-Ненецкий автономный округ, г Новый Уренгой, ул Промысловая, 29",,,площадь,Купля-продажа,89:11:030103:69,,2025-08-05,2025-10-01,221864.84829911124,Собственность,1,,,,,,,111.2,51199000.0,Выброс,2.0,0.0
2026-01-01,89:11:030103:315,Здание,2005.0,Столовая,Смешанные,,,411.0,,1,Нежилое,,,"Ямало-Ненецкий автономный округ, г Новый Уренгой, ул Промысловая, д 29, Восточная промзона",,,площадь,Купля-продажа,89:11:030103:69,,2025-08-05,2025-10-01,221864.84829911124,Собственность,1,,,,,,,116.2,51199000.0,Выброс,2.0,0.0
2026-01-01,89:11:030103:309,Здание,1980.0,Блок-бокс ремонтно-механические мастерские СУ-1,Из прочих материалов,,,1039.0,,1,Нежилое,,,"Ямало-Ненецкий автономный округ, г Новый Уренгой, Восточная промзона, ул Промысловая, 29",,,площадь,Купля-продажа,89:11:000000:12;89:11:030103:20;89:11:030103:69,,2025-08-05,2025-10-01,30383.360037979943,Собственность,1,,,,,,,1685.1,51199000.0,,2.0,0.0
2026-01-01,89:11:030103:308,Здание,2005.0,Административно-хозяйственный корпус,Кирпичные,,,841.0,,1,Нежилое,,,"Ямало-Ненецкий автономный округ, г Новый Уренгой, ул Промысловая, д 29, Восточная промзона",,,площадь,Купля-продажа,89:11:030103:69,,2025-08-05,2025-10-01,99030.94777562862,Собственность,1,,,,,,,517.0,51199000.0,,2.0,0.0
2026-01-01,89:11:030103:106,Здание,2005.0,здание: Гостиница,Деревянные,,,502.0,,1,Жилой дом,,,"Ямало-Ненецкий автономный округ, г Новый Уренгой, ул Промысловая, д 29",,,площадь,Купля-продажа,89:11:030103:69,,2025-08-05,2025-10-01,101384.15841584158,Собственность,1,,,,,,,505.0,51199000.0,,2.0,0.0
2026-01-01,89:05:000000:7493,Здание,2006.0,Административный корпус,Деревянные,,,610.0,,2,Нежилое,,,"Ямало-Ненецкий автономный округ, городской округ город Новый Уренгой, город Новый Уренгой, улица Промысловая, дом 83",,,площадь,Купля-продажа,89:05:010310:2143,,2025-07-14,2025-10-02,203634.9574632637,Собственность,1,,,,,,,258.6,52660000.0,,2.0,0.0
2026-01-01,89:12:120102:123,Здание,2003.0,Дача,Кирпичные,,,202.0,,2,Жилой дом,,,"Ямало-Ненецкий автономный округ, городской округ город Ноябрьск, город Ноябрьск, территория потребительского садоводческого общества Мечта, проезд 25-й, дом 9",,,площадь,Купля-продажа,89:12:120102:108,,2025-09-29,2025-10-02,48543.689320388345,Собственность,1,,,,,,,82.4,4000000.0,,2.0,0.0
2026-01-01,89:12:000000:9089,Здание,2003.0,Баня,Из прочих материалов,,,854.0,,1,нежилое,,,"Ямало-Ненецкий автономный округ, г Ноябрьск, 29 км окружной автомобильной дороги Подъезд к г Ноябрьску, пр.25, уч.9",,,площадь,Купля-продажа,89:12:120102:108,,2025-09-29,2025-10-02,221864.84829911124,Собственность,1,,,,,,,16.0,4000000.0,Выброс,2.0,0.0
2026-01-01,89:07:000000:234,Здание,1997.0,Жилой дом,Рубленые,,,202.0,,2,жилое,,,"Ямало-Ненецкий автономный округ, р-н Красноселькупский, правый берег р.Таз, база отдыха ""Новая Мангазея""",,,площадь,Купля-продажа,89:07:010201:47,,2025-10-01,2025-10-02,221864.84829911124,Собственность,1,,,,,,,96.0,40000000.0,Выброс,2.0,0.0
2026-01-01,89:07:000000:183,Здание,1997.0,Гостиный дом,Рубленые,,,509.0,,1,нежилое,,,"Ямало-Ненецкий автономный округ, р-н Красноселькупский, Правый берег реки Таз, База отдыха ""Новая Мангазея""",,,площадь,Купля-продажа,89:07:010201:41,,2025-10-01,2025-10-02,221864.84829911124,Собственность,1,,,,,,,90.0,40000000.0,Выброс,2.0,0.0
2026-01-01,89:07:000000:175,Здание,1997.0,Жилой дом,Рубленые,,,202.0,,1,жилое,,,"Ямало-Ненецкий автономный округ, р-н Красноселькупский, Правый берег реки Таз, База отдыха ""Новая Мангазея""",,,площадь,Купля-продажа,89:07:010201:47,,2025-10-01,2025-10-03,221864.84829911124,Собственность,1,,,,,,,61.4,40000000.0,Выброс,2.0,0.0
2026-01-01,89:07:000000:328,Здание,1997.0,здание,Из прочих материалов,,,509.0,,1,нежилое,,,"Ямало-Ненецкий автономный округ, г Новый Уренгой, р-н Красноселькупский, правый берег р. Таз, база отдыха Новая Мангазея",,,площадь,Купля-продажа,89:07:010201:47,,2025-10-01,2025-10-03,221864.84829911124,Собственность,1,,,,,,,39.8,40000000.0,Выброс,2.0,0.0
2026-01-01,89:08:070101:6866,Здание,2023.0,Жилой дом,Деревянные,,,202.0,,1,Жилой дом,,,"Ямало-Ненецкий автономный округ, городской округ город Салехард, территория дачного некоммерческого товарищества ""Север"", ул. Полевая, дом 63",,,площадь,Купля-продажа,89:08:070101:1488,,2025-09-26,2025-10-03,57361.376673040155,Собственность,1,,,,,,,52.3,3000000.0,,2.0,0.0
2026-01-01,89:07:000000:197,Здание,1997.0,Гараж,Из прочих материалов,,,303.0,,1,нежилое,,,"Ямало-Ненецкий автономный округ, р-н Красноселькупский, Правый берег реки Таз, База отдыха ""Новая Мангазея""",,,площадь,Купля-продажа,89:07:010201:47,,2025-10-01,2025-10-06,221864.84829911124,Собственность,1,,,,,,,106.4,40000000.0,Выброс,2.0,0.0
2026-01-01,89:08:030301:226,Здание,2009.0,Индивидуальный жилой дом,Деревянные,,,202.0,,2,жилое,,,"Ямало-Ненецкий автономный округ, г Салехард, ул Уфан, д 51",,,площадь,Купля-продажа,89:08:030301:39,,2025-10-02,2025-10-06,64987.81478472787,Собственность,1,,,,,,,123.1,8000000.0,,2.0,0.0
2026-01-01,89:11:080201:5141,Здание,1992.0,здание: Административно-бытовой корпус,Из прочих материалов,,,603.0,,1,Нежилое,,,"Ямало-Ненецкий автономный округ, городской округ город Новый Уренгой, город Новый Уренгой, улица Школьная, дом 4",,,площадь,Купля-продажа,89:11:080101:434,,2025-08-30,2025-10-08,723.3841799025004,Собственность,1,,,,,,,635.9,460000.0,,2.0,0.0
2026-01-01,89:05:030201:3046,Здание,2012.0,Гараж,Из прочих материалов,,,303.0,,1,Нежилое,,,"Ямало-Ненецкий автономный округ, муниципальный округ Пуровский район, поселок Ханымей, улица Железнодорожная, гараж 3/3",,,площадь,Купля-продажа,89:05:030201:707,,2025-07-29,2025-10-08,7027.5,Собственность,1,,,,,,,36.0,252990.0,,2.0,0.0
2026-01-01,89:11:030301:4012,Здание,2017.0,Дом,Деревянные,,,202.0,,"1, мансарда",жилое,,,"Ямало-Ненецкий автономный округ, г Новый Уренгой, ДПК ""Ермак"", проезд 1-й Заречный, д 15",,,площадь,Купля-продажа,89:11:030301:3759,,2025-10-07,2025-10-09,98765.43209876544,Собственность,1,,,,,,,81.0,8000000.0,,2.0,0.0
2026-01-01,89:12:110805:430,Здание,2001.0,Гараж,Бетонные,,,303.0,,1,нежилое,,,"Ямало-Ненецкий автономный округ, городской округ город Ноябрьск, город Ноябрьск, территория ГК Ханто-1, ряд(ы) 34-й, гараж 97",,,площадь,Купля-продажа,89:12:110805:427,,2025-10-07,2025-10-09,17857.14285714286,Собственность,1,,,,,,,22.4,400000.0,,2.0,0.0
2026-01-01,89:11:060201:1084,Здание,2014.0,гараж,Каменные и деревянные,,,306.0,,1,Нежилое,,,"Ямало-Ненецкий автономный округ, г Новый Уренгой, ул Цветочная, д 29",,,площадь,Купля-продажа,89:11:060201:2452,,2025-10-10,2025-10-13,28216.666666666668,Собственность,1,,,,,,,60.0,1693000.0,,2.0,0.0
2026-01-01,89:01:010806:1544,Здание,2025.0,Склад,Каркасно-обшивные,,,723.0,,1,Нежилое,,,"Ямало-Ненецкий автономный округ, муниципальный округ Шурышкарский район, село Мужи, улица Уральская, здание 65В",,,площадь,Купля-продажа,89:01:010806:507;89:01:010806:1560,,2025-09-25,2025-10-13,56980.05698005698,Собственность,1,,,,,,,70.2,4000000.0,,2.0,0.0
2026-01-01,89:14:010129:1957,Здание,2025.0,Блок 7,Иное,,,201.0,,2,Жилой дом,,,"Ямало-Ненецкий автономный округ, городской округ город Губкинский, город Губкинский, микрорайон № 13, дом 16А",,,площадь,Купля-продажа,89:14:010129:1935,,2025-10-14,2025-10-16,55147.05882352941,Общая долевая собственность,1,,,,,,,108.8,6000000.0,,2.0,0.0
2026-01-01,89:11:030103:311,Здание,1982.0,Бокс-гараж СУ-3,Железобетонные,,,306.0,,1,Нежилое,,,"Ямало-Ненецкий автономный округ, г Новый Уренгой, Восточная промзона, ул Промысловая, д 29",,,площадь,Купля-продажа,89:11:030103:69,,2025-08-05,2025-10-16,221864.84829911124,Собственность,1,,,,,,,197.8,51199000.0,Выброс,2.0,0.0
2026-01-01,89:11:040101:4135,Здание,2016.0,Дом,Из прочих материалов,,,202.0,,1,жилое,,,"Ямало-Ненецкий автономный округ, г.о. город Новый Уренгой, г Новый Уренгой, тер. днт ДНТ Лира, ул Степная, д. 1",,,площадь,Купля-продажа,89:11:040101:3541,,2025-10-10,2025-10-16,72093.02325581395,Собственность,1,,,,,,,129.0,9300000.0,,2.0,0.0
2026-01-01,89:11:040101:7927,Здание,2024.0,Жилой дом,Деревянные,,,202.0,,1,жилое,,,"Ямало-Ненецкий автономный округ, город Новый Уренгой, ДНТ ""Титан"", ул.Лиственная, д.12",,,площадь,Купля-продажа,89:11:040101:4110,,2025-10-16,2025-10-20,55265.90198123045,Собственность,1,,,,,,,95.9,5300000.0,,2.0,0.0
2026-01-01,89:13:010110:638,Здание,1996.0,гараж,Из прочих материалов,,,303.0,,1,нежилое,,,"Ямало-Ненецкий автономный округ, городской округ город Муравленко, город Муравленко, улица Дружбы народов, строение 19/118",,,площадь,Купля-продажа,89:13:010110:487,,2025-10-20,2025-10-21,19512.19512195122,Собственность,1,,,,,,,24.6,480000.0,,2.0,0.0
2026-01-01,89:11:030101:579,Здание,1900.0,Гараж №147,Железобетонные,,,303.0,,1,нежилое,,,"Ямало-Ненецкий автономный округ, г Новый Уренгой, тер Восточная промзона",,,площадь,Купля-продажа,,,2025-10-21,2025-10-22,57142.857142857145,Собственность,1,,,,,,,21.0,1200000.0,,2.0,0.0
2026-01-01,89:13:010303:535,Здание,2019.0,Жилой дом,Деревянные,,,202.0,,1,жилое,,,"Ямало-Ненецкий автономный округ, г. Муравленко, Дачный поселок, ДНТ ""Дружба"", кв. 9, уч. 14",,,площадь,Купля-продажа,89:13:010303:236; 89:13:000000:39,,2025-10-24,2025-10-27,60897.4358974359,Собственность,1,,,,,,,15.6,950000.0,,2.0,0.0
2026-01-01,89:12:000000:7687,Здание,2015.0,Гараж,,,,303.0,,1,Нежилое,,,"Ямало-Ненецкий автономный округ, г Ноябрьск, ГК ""Тепловик"", гараж 116",,,площадь,Купля-продажа,,,2025-10-28,2025-10-29,34855.76923076923,Собственность,1,,,,,,,20.8,725000.0,,2.0,0.0
2026-01-01,89:12:110611:702,Здание,2001.0,Здание гаража,Железобетонные,,,303.0,,2,Нежилое,,,"Ямало-Ненецкий автономный округ, г Ноябрьск, ГК Тепловик, гараж №493",,,площадь,Купля-продажа,89:12:110611:2233,,2023-04-15,2025-10-31,10989.010989010989,Собственность,1,,,,,,,45.5,500000.0,,2.0,0.0
2026-01-01,89:12:120102:514,Здание,2017.0,жилой дачный дом,Смешанные,,,202.0,,1,Жилой дом,,,"Ямало-Ненецкий автономный округ, городской округ город Ноябрьск, город Ноябрьск, территория потребительского садоводческого общества Мечта, проезд 19-й, дом 33",,,площадь,Купля-продажа,89:12:120102:438,,2025-10-31,2025-11-01,69469.83546617915,Собственность,1,,,,,,,54.7,3800000.0,,2.0,0.0
2026-01-01,89:12:111101:1367,Здание,1984.0,Столовая,Крупнопанельные,,,410.0,,1,Нежилое,,,"Ямало-Ненецкий автономный округ, г Ноябрьск, промзона, панель VI",,,площадь,Купля-продажа,89:12:111105:10,,2025-11-04,2025-11-10,8656.593111388276,Собственность,1,,,,,,,1042.3,9022767.0,,2.0,0.0
2026-01-01,89:13:010215:572,Здание,1998.0,гараж,Из прочих материалов,,,303.0,,1,нежилое,,,"Ямало-Ненецкий автономный округ, городской округ город Муравленко, город Муравленко, улица Украинских строителей, строение 57/85",,,площадь,Купля-продажа,89:13:010215:14,,2025-11-10,2025-11-11,4784.6889952153115,Собственность,1,,,,,,,20.9,100000.0,,2.0,0.0
2026-01-01,89:12:111101:1163,Здание,1989.0,Здание,Железобетонные,,,610.0,,4,Нежилое,,,"Ямало-Ненецкий автономный округ, г.о. город Ноябрьск, г Ноябрьск, тер. промузел Пелей, панель VI",,,площадь,Купля-продажа,89:12:111105:10,,2025-09-04,2025-11-11,3429.666641325832,Собственность,1,,,,,,,2630.8,9022767.0,,2.0,0.0
2026-01-01,89:12:000000:8370,Здание,1998.0,,Железобетонные,,,303.0,,1,Гараж,,,"Ямало-Ненецкий автономный округ, городской округ город Ноябрьск, город Ноябрьск, территория ГК Ханто-2, ряд 7-й, гараж 26",,,площадь,Купля-продажа,89:12:110818:537,,2025-11-07,2025-11-11,12019.23076923077,Собственность,1,,,,,,,20.8,250000.0,,2.0,0.0
2026-01-01,89:12:111101:672,Здание,1993.0,Административно-бытовой корпус цеха термообработки и очистки заготовок,Крупнопанельные,,,603.0,,3,Нежилое,,,"Ямало-Ненецкий автономный округ, г.о. город Ноябрьск, г Ноябрьск, тер. промузел Пелей, панель VI",,,площадь,Купля-продажа,89:12:111105:10,,2025-09-04,2025-11-11,9112.985557014443,Собственность,1,,,,,,,990.1,9022767.0,,2.0,0.0
2026-01-01,89:12:000000:7110,Здание,1994.0,Административно-бытовой корпус цеха термообработки и очистки заготовок,Крупнопанельные,,,603.0,,3,Нежилое,,,"Ямало-Ненецкий автономный округ, г.о. город Ноябрьск, г Ноябрьск, тер. промузел Пелей, панель VIII",,,площадь,Купля-продажа,89:12:111107:11,,2025-09-04,2025-11-11,3849.467554076539,Собственность,1,,,,,,,2343.9,9022767.0,,2.0,0.0
2026-01-01,89:12:111108:927,Здание,2007.0,Узел учета теплоэнергии,Железобетонные,,,711.0,,1,Нежилое,,,"Ямало-Ненецкий автономный округ, г.о. город Ноябрьск, г Ноябрьск, тер. промузел Пелей, панель VI",,,площадь,Купля-продажа,89:12:111105:10,,2025-09-04,2025-11-11,221864.84829911124,Собственность,1,,,,,,,17.9,9022767.0,Выброс,2.0,0.0
2026-01-01,89:12:111101:1155,Здание,1985.0,Теплый склад,Иное,,,723.0,,2,Нежилое,,,"Ямало-Ненецкий автономный округ, г Ноябрьск, Теплый склад, Промзона, панель VI",,,площадь,Купля-продажа,89:12:111105:10,,2025-09-04,2025-11-11,11917.536653018095,Собственность,1,,,,,,,757.1,9022767.0,,2.0,0.0
2026-01-01,89:12:111101:1154,Здание,1989.0,Проходная,Кирпичные,,,703.0,,2,Нежилое,,,"Ямало-Ненецкий автономный округ, г Ноябрьск, Проходная, Промзона, панель VI",,,площадь,Купля-продажа,89:12:111105:10,,2025-09-04,2025-11-11,135680.70676691728,Собственность,1,,,,,,,66.5,9022767.0,,2.0,0.0
2026-01-01,89:12:111101:1157,Здание,1982.0,Склад АРИ,Смешанные,,,727.0,,1,Нежилое,,,"Ямало-Ненецкий автономный округ, городской округ город Ноябрьск, город Ноябрьск, территория промузел Пелей, панель VI",,,площадь,Купля-продажа,89:12:111105:10,,2025-09-04,2025-11-11,20510.95021595817,Собственность,1,,,,,,,439.9,9022767.0,,2.0,0.0
2026-01-01,89:12:111105:21,Здание,1989.0,Проходная,Смешанные,,,703.0,,1,Нежилое,,,"Ямало-Ненецкий автономный округ, городской округ город Ноябрьск, город Ноябрьск, территория промузел Пелей, панель VI",,,площадь,Купля-продажа,89:12:111105:10,,2025-09-04,2025-11-11,142991.5530903328,Собственность,1,,,,,,,63.1,9022767.0,,2.0,0.0
2026-01-01,89:02:020103:974,Здание,2017.0,Индивидуальный жилой дом,Смешанные,,,202.0,,2,жилое,,,"Ямало-Ненецкий автономный округ, р-н Приуральский, с Аксарка, мкр Юбилейный, д 9",,,площадь,Купля-продажа,89:02:020103:157,,2025-11-12,2025-11-12,79136.69064748201,Собственность,1,,,,,,,194.6,15400000.0,,2.0,0.0
2026-01-01,89:05:020119:99,Здание,2004.0,"Магазин ""Абсолют""",Из прочих материалов,,,401.0,,1,нежилое,,,"Ямало-Ненецкий автономный округ, р-н Пуровский, г Тарко-Сале, ул Победы, д 10а",,,площадь,Купля-продажа,89:05:020119:54,,2025-11-11,2025-11-12,65604.49859418931,Собственность,1,,,,,,,106.7,7000000.0,,2.0,0.0
2026-01-01,89:10:010308:355,Здание,2005.0,Гараж,Железобетонные,,,303.0,,1,Нежилое,,,"Ямало-Ненецкий автономный округ, г Надым, район городского водозабора, ГСК ""Маховик"", гараж № 24",,,площадь,Купля-продажа,89:10:010308:103,,2025-11-11,2025-11-13,3623.188405797101,Собственность,1,,,,,,,27.6,100000.0,,2.0,0.0
2026-01-01,89:04:020201:1542,Здание,2000.0,Гараж,Из прочих материалов,,,303.0,,1,нежилое,,,"Ямало-Ненецкий автономный округ, р-н Надымский, п Лонгъюган, район здания Хоккейного корта, ряд 3, гараж 1",,,площадь,Купля-продажа,89:04:020201:1442,,2025-11-11,2025-11-13,16000.0,Собственность,1,,,,,,,20.0,320000.0,,2.0,0.0
2026-01-01,89:11:030301:7796,Здание,2024.0,Жилой дом,Из мелких бетонных блоков,,,202.0,,2,Жилой дом,,,"Ямало-Ненецкий автономный округ, городской округ город Новый Уренгой, город Новый Уренгой, территория ТСН Дружба, проезд 6-й Дружный, дом 19",,,площадь,Купля-продажа,89:11:030301:7712,,2025-11-11,2025-11-13,68649.88558352402,Общая долевая собственность,1,,,,,,,174.8,12000000.0,,2.0,0.0
2026-01-01,89:09:050101:251,Здание,1987.0,здание: Склад под запасные части,Из прочих материалов,,,723.0,,1,нежилое,,,"Ямало-Ненецкий автономный округ, г Лабытнанги, микрорайон Обская",,,площадь,Купля-продажа,89:09:070101:2,,2025-08-06,2025-11-13,20016.680567139283,Собственность,1,,,,,,,119.9,2400000.0,,2.0,0.0
2026-01-01,89:05:010310:11960,Здание,1987.0,Склад неотапливаемый,Из прочих материалов,,,723.0,,1,нежилое,,,"Ямало-Ненецкий автономный округ, р-н Пуровский, ст Фарафонтьевская, база УПТК",,,площадь,Купля-продажа,,,2025-11-05,2025-11-14,102577.5907417149,Собственность,1,,,,,,,1140.6,117000000.0,,2.0,0.0
2026-01-01,89:05:000000:6318,Здание,1990.0,Склад неотапливаемый,Из прочих материалов,,,723.0,,1,нежилое,,,"Ямало-Ненецкий автономный округ, р-н Пуровский, ст Фарафонтьевская, Промбаза",,,площадь,Купля-продажа,,,2025-11-05,2025-11-14,138101.98300283286,Собственность,1,,,,,,,847.2,117000000.0,,2.0,0.0
2026-01-01,89:05:010310:12813,Здание,2004.0,Блок вспомогательных помещений,Из прочих материалов,,,701.0,,1,Нежилое,,,"Ямало-Ненецкий автономный округ, р-н Пуровский, ст. Фарафонтьевская, производственная база ООО НАФАПАЛ-Нефтехимпродукт",,,площадь,Купля-продажа,,,2025-11-05,2025-11-14,221864.84829911124,Собственность,1,,,,,,,52.7,117000000.0,Выброс,2.0,0.0
2026-01-01,89:05:010310:11861,Здание,1987.0,Склад неотапливаемый,Из прочих материалов,,,723.0,,1,нежилое,,,"Ямало-Ненецкий автономный округ, р-н Пуровский, ст Фарафонтьевская, Производственная база УПТК",,,площадь,Купля-продажа,,,2025-11-05,2025-11-14,109050.23767359492,Собственность,1,,,,,,,1072.9,117000000.0,,2.0,0.0
2026-01-01,89:05:010310:11827,Здание,1988.0,Котельная,Из прочих материалов,,,710.0,,1,нежилое,,,"Ямало-Ненецкий автономный округ, р-н Пуровский, ст Фарафонтьевская, Производственная база УПТК",,,площадь,Купля-продажа,,,2025-11-05,2025-11-14,221864.84829911124,Собственность,1,,,,,,,66.3,117000000.0,Выброс,2.0,0.0
2026-01-01,89:05:010310:11899,Здание,1987.0,Гараж,Смешанные,,,306.0,,1,нежилое,,,"Ямало-Ненецкий автономный округ, р-н Пуровский, ст Фарафонтьевская, Промбаза ООО НАФПАЛ-Нефтехимпродукт",,,площадь,Купля-продажа,,,2025-11-05,2025-11-14,221864.84829911124,Собственность,1,,,,,,,356.9,117000000.0,Выброс,2.0,0.0
2026-01-01,89:05:010310:11984,Здание,1987.0,Склад отапливаемый,Смешанные,,,723.0,,1,нежилое,,,"Ямало-Ненецкий автономный округ, р-н Пуровский, ст Фарафонтьевская, Производственная база УПТК",,,площадь,Купля-продажа,,,2025-11-05,2025-11-14,203690.8077994429,Собственность,1,,,,,,,574.4,117000000.0,,2.0,0.0
2026-01-01,89:05:010310:11933,Здание,1987.0,Контора УПТК,Сборно-щитовые,,,610.0,,1,нежилое,,,"Ямало-Ненецкий автономный округ, р-н Пуровский, ст Фарафонтьевская",,,площадь,Купля-продажа,,,2025-11-05,2025-11-14,221864.84829911124,Собственность,1,,,,,,,233.5,117000000.0,Выброс,2.0,0.0
2026-01-01,89:05:010310:11995,Здание,2004.0,Склад временного хранения ГСМ,Из железобетонных сегментов,,,723.0,,1,нежилое,,,"Ямало-Ненецкий автономный округ, р-н Пуровский, ст Фарафонтьевская, Производственная база",,,площадь,Купля-продажа,,,2025-11-05,2025-11-14,221864.84829911124,Собственность,1,,,,,,,294.0,117000000.0,Выброс,2.0,0.0
2026-01-01,89:05:010310:11932,Здание,2004.0,Насосная станция,Железобетонные,,,715.0,,1,нежилое,,,"Ямало-Ненецкий автономный округ, р-н Пуровский, ст Фарафонтьевская, Производственная база ООО Нафапал-нефтехимпродукт",,,площадь,Купля-продажа,,,2025-11-05,2025-11-14,221864.84829911124,Собственность,1,,,,,,,57.7,117000000.0,Выброс,2.0,0.0
2026-01-01,89:12:111108:496,Здание,1989.0,Отапливаемый склад,Смешанные,,,723.0,,1,нежилое,,,"Ямало-Ненецкий автономный округ, г Ноябрьск, Пелей промузел, панель 11",,,площадь,Купля-продажа,89:12:111111:49,,2025-11-14,2025-11-17,152893.54608240057,Собственность,1,,,,,,,419.9,64200000.0,,2.0,0.0
2026-01-01,89:12:111101:441,Здание,1983.0,здание РММ,Из прочих материалов,,,722.0,,2,нежилое,,,"Ямало-Ненецкий автономный округ, г Ноябрьск, Промузел Пелей Панель 11",,,площадь,Купля-продажа,89:12:111111:49,,2025-11-14,2025-11-17,46868.15593517302,Собственность,1,,,,,,,1369.8,64200000.0,,2.0,0.0
2026-01-01,89:12:111111:150,Здание,1989.0,Ремонтно-механические мастерские,Смешанные,,,722.0,,2,нежилое,,,"Ямало-Ненецкий автономный округ, г Ноябрьск, Промузел Пелей Панель 11",,,площадь,Купля-продажа,89:12:111111:49,,2025-11-14,2025-11-17,83452.48927596517,Собственность,1,,,,,,,769.3,64200000.0,,2.0,0.0
2026-01-01,89:12:111111:149,Здание,1983.0,Здание конторы,Из прочих материалов,,,610.0,,1,нежилое,,,"Ямало-Ненецкий автономный округ, г Ноябрьск, Промузел Пелей Панель 11",,,площадь,Купля-продажа,89:12:111111:49,,2025-11-14,2025-11-17,168769.71608832807,Собственность,1,,,,,,,380.4,64200000.0,,2.0,0.0
2026-01-01,89:12:111108:186,Здание,1981.0,Сборные РММ,Смешанные,,,722.0,,2,нежилое,,,"Ямало-Ненецкий автономный округ, г Ноябрьск, промузел Пелей, панель 11",,,площадь,Купля-продажа,89:12:111111:49,,2025-11-14,2025-11-17,100171.63364019348,Собственность,1,,,,,,,640.9,64200000.0,,2.0,0.0
2026-01-01,89:04:020401:1651,Здание,2016.0,Гараж,Бетонные,,,303.0,,1,нежилое,,,"Ямало-Ненецкий автономный округ, р-н Надымский, п Ягельный",,,площадь,Купля-продажа,89:04:020401:1505,,2025-11-08,2025-11-18,15476.190476190477,Собственность,1,,,,,,,42.0,650000.0,,2.0,0.0
2026-01-01,89:05:020301:7937,Здание,2005.0,Гараж в капитальном исполнении,Из прочих материалов,,,303.0,,1,Нежилое,,,"Ямало-Ненецкий автономный округ, р-н Пуровский, пгт Уренгой, Шестой микрорайон (проектный), ряд №3, бокс №46",,,площадь,Купля-продажа,89:05:020301:17840,,2025-11-19,2025-11-20,16467.065868263475,Собственность,1,,,,,,,33.4,550000.0,,2.0,0.0
2026-01-01,89:10:030101:662,Здание,1987.0,Здание: РММ (ремонтно-механические мастерские),Из прочих материалов,,,722.0,,1,нежилое,,,"Ямало-Ненецкий автономный округ, г Надым, район аэропорта, промбаза ОАО Северстроймонтаж",,,площадь,Купля-продажа,89:10:030101:18,,2025-11-20,2025-11-25,277.6428125216908,Собственность,1,,,,,,,1440.7,400000.0,,2.0,0.0
2026-01-01,89:10:030101:660,Здание,1982.0,Здание: теплица,Из прочих материалов,,,705.0,,1,нежилое,,,"Ямало-Ненецкий автономный округ, г Надым, район аэропорта, промбаза ОАО Северстроймонтаж",,,площадь,Купля-продажа,89:10:030101:18,,2025-11-20,2025-11-25,8130.081300813008,Собственность,1,,,,,,,49.2,400000.0,,2.0,0.0
2026-01-01,89:10:030101:659,Здание,1973.0,Здание: склад запасных частей импортных,Из прочих материалов,,,723.0,,1,нежилое,,,"Ямало-Ненецкий автономный округ, г Надым, район аэропорта, промбаза ОАО Северстроймонтаж",,,площадь,Купля-продажа,89:10:030101:18,,2025-11-20,2025-11-25,1112.9660545353368,Собственность,1,,,,,,,359.4,400000.0,,2.0,0.0
2026-01-01,89:10:030101:663,Здание,1973.0,Материальный склад,Из прочих материалов,,,723.0,,1,нежилое,,,"Ямало-Ненецкий автономный округ, г Надым, район аэропорта, промбаза ОАО Северстроймонтаж",,,площадь,Купля-продажа,89:10:030101:18,,2025-11-20,2025-11-25,2697.235333782872,Собственность,1,,,,,,,148.3,400000.0,,2.0,0.0
2026-01-01,89:11:030301:2542,Здание,2015.0,Гараж,,,,303.0,,1,Нежилое,,,"Ямало-Ненецкий автономный округ, г Новый Уренгой, Восточная промзона, район ГКНС-1, Потребительский гаражно-строительный кооператив ""Автосевер"", гараж №102",,,площадь,Купля-продажа,,,2025-12-04,2025-12-04,60165.97510373444,Собственность,1,,,,,,,24.1,1450000.0,,2.0,0.0
2026-01-01,89:05:030301:1646,Здание,2001.0,Жилой дом и земельный участок,Из прочих материалов,,,202.0,,2,Жилой дом,,,"Ямало-Ненецкий автономный округ, городской округ город Губкинский, г Губкинский, ул Молодёжная, д 20А",,,площадь,Купля-продажа,89:05:030301:1015,,2025-12-02,2025-12-04,86547.08520179371,Собственность,1,,,,,,,89.2,7720000.0,,2.0,0.0
2026-01-01,89:11:040101:5013,Здание,2018.0,Дом,Смешанные,,,202.0,,2,Жилой дом,,,"Ямало-Ненецкий автономный округ, г Новый Уренгой, ДНТ ""Заимка"", ул. Грибная, д.22",,,площадь,Купля-продажа,89:11:040101:2579,,2025-12-01,2025-12-04,86894.07540394973,Собственность,1,,,,,,,278.5,24200000.0,,2.0,0.0
2026-01-01,89:10:010307:1007,Здание,2015.0,Здание-гараж,Из прочих материалов,,,303.0,,1,Нежилое,,,"Ямало-Ненецкий автономный округ, г Надым, промзона, панель ""Д"", район промбазы ""Мангазея-2"", ГСК ""Престиж"", гараж № 27",,,площадь,Купля-продажа,89:10:010307:1677,,2025-12-05,2025-12-09,41666.66666666667,Собственность,1,,,,,,,20.4,850000.0,,2.0,0.0
2026-01-01,89:11:040101:8127,Здание,2024.0,Гараж,Из мелких бетонных блоков,,,302.0,,1,Нежилое,,,"Ямало-Ненецкий автономный округ, городской округ город Новый Уренгой, город Новый Уренгой, территория СНТ Фемида, улица 1-я Полярная, дом 13",,,площадь,Купля-продажа,89:11:040101:934,,2025-12-05,2025-12-09,54347.82608695652,Собственность,1,,,,,,,55.2,3000000.0,,2.0,0.0
2026-01-01,89:08:010107:406,Здание,1951.0,Здание: индивидуальный жилой дом,Деревянные,,,202.0,,1,жилое,,,"Ямало-Ненецкий автономный округ, г Салехард, ул Сенькина, д 59",,,площадь,Купля-продажа,89:08:010107:836,,2025-12-09,2025-12-10,147058.82352941178,Собственность,1,,,,,,,64.6,9500000.0,,2.0,0.0
2026-01-01,89:04:020201:3047,Здание,2021.0,Гараж № 234,Бетонные,,,303.0,,1,нежилое,,,"Ямало-Ненецкий автономный округ, р-н Надымский, п Лонгъюган",,,площадь,Купля-продажа,89:04:020201:3016,,2025-09-09,2025-12-11,26501.766784452295,Собственность,1,,,,,,,28.3,750000.0,,2.0,0.0
2026-01-01,89:12:110601:952,Здание,2007.0,Торговый зал аптеки,Кирпичные,,,402.0,,2,нежилое,,,"Ямало-Ненецкий автономный округ, г Ноябрьск, ул Советская, д 88а",,,площадь,Купля-продажа,89:12:110703:28;89:12:110703:71,,2025-12-12,2025-12-15,31867.431485022305,Общая долевая собственность,1,,,,,,,313.8,10000000.0,,2.0,0.0
2026-01-01,89:14:020102:1607,Здание,2024.0,Гараж,Из мелких бетонных блоков,,,303.0,,1,Нежилое,,,"Ямало-Ненецкий автономный округ, городской округ город Губкинский, город Губкинский, территория Панель 3, гараж 20/7",,,площадь,Купля-продажа,89:14:020102:1573,,2025-12-05,2025-12-15,17272.727272727272,Собственность,1,,,,,,,27.5,475000.0,,2.0,0.0
2026-01-01,89:02:010101:1286,Здание,2012.0,Блокированная застройка,Деревянные,,,201.0,,1,Жилой дом,,,"Ямало-Ненецкий автономный округ, муниципальный округ Приуральский район, село Белоярск, улица Брусничная, дом 9/1",,,площадь,Купля-продажа,89:02:010101:2982,,2025-12-10,2025-12-16,63291.13924050633,Общая долевая собственность,1,,,,,,,39.5,2500000.0,,2.0,0.0
2026-01-01,89:04:020301:2171,Здание,2017.0,гараж,Смешанные,,,303.0,,1,нежилое,,,"Ямало-Ненецкий автономный округ, Надымский р-н, п. Приозерный, ул. ФК-2, гараж 43",,,площадь,Купля-продажа,89:04:020301:1892,,2025-12-15,2025-12-16,14130.434782608696,Собственность,1,,,,,,,46.0,650000.0,,2.0,0.0
2026-01-01,89:08:010102:1696,Здание,2024.0,Жилой дом блокированной застройки (блок 1),Бетонные,,,201.0,,2,Жилой дом,,,"Ямало-Ненецкий автономный округ, городской округ город Салехард, город Салехард, улица Красный Октябрь, дом 31/3",,,площадь,Купля-продажа,89:08:010102:670;89:08:010102:1664,,2025-12-05,2025-12-17,173228.3464566929,Собственность,1,,,,,,,190.5,33000000.0,,2.0,0.0
2026-01-01,89:13:010210:335,Здание,1996.0,гараж,Из прочих материалов,,,303.0,,1,нежилое,,,"Ямало-Ненецкий автономный округ, г Муравленко, ул Энтузиастов, строение 38/1/284",,,площадь,Купля-продажа,89:13:010210:330,,2025-12-17,2025-12-18,6147.540983606557,Собственность,1,,,,,,,24.4,150000.0,,2.0,0.0
2026-01-01,89:14:040101:1716,Здание,2025.0,Блок №1,Иное,,,201.0,,2,Жилой дом,,,"Ямало-Ненецкий автономный округ, городской округ город Губкинский, город Губкинский, микрорайон № 18, дом 14А",,,площадь,Купля-продажа,89:14:040101:553,,2025-12-18,2025-12-22,69325.73599240267,Общая совместная собственность,1,,,,,,,210.6,14600000.0,,2.0,0.0
2026-01-01,89:08:070101:7425,Здание,2025.0,Жилой дом,Деревянные,,,202.0,,1,Жилой дом,,,"Ямало-Ненецкий автономный округ, городской округ город Салехард, территория ДНТ Север, улица Лесная, дом 29",,,площадь,Купля-продажа,89:08:070101:1186,,2025-12-22,2025-12-23,111318.38672768878,Собственность,1,,,,,,,87.4,9729227.0,,2.0,0.0
2026-01-01,89:12:110818:529,Здание,1985.0,Гараж,Из мелких бетонных блоков,,,303.0,,1,Нежилое,,,"Ямало-Ненецкий автономный округ, городской округ город Ноябрьск, город Ноябрьск, территория ГК Ханто-2, ряд(ы) 9-й, гараж 2",,,площадь,Купля-продажа,89:12:110818:535,,2025-12-24,2025-12-26,7587.253414264036,Собственность,1,,,,,,,65.9,500000.0,,2.0,0.0
2026-01-01,89:12:110704:7229,Здание,2022.0,"Гаражный комплекс, 3-ий этап: Гараж №1",Смешанные,,,303.0,,2,Нежилое,,,"Ямало-Ненецкий автономный округ, городской округ город Ноябрьск, город Ноябрьск, улица Магистральная, дом 125а",,,площадь,Купля-продажа,89:12:110704:40,,2022-03-10,2025-12-29,16313.541221700129,Общая долевая собственность,1,,,,,,,1170.5,19095000.0,,2.0,0.0
2026-01-01,89:05:020125:2313,Здание,2023.0,Блокированный жилой дом,Бетонные,,,201.0,,1,жилое,,,"Ямало-Ненецкий автономный округ, муниципальный округ Пуровский район, город Тарко-Сале, улица Нефтяников, дом 7/3",,,площадь,Купля-продажа,89:05:020125:2263,,2025-12-24,2025-12-29,57289.106060606064,Общая долевая собственность,1,,,,,,,132.0,7562162.0,,2.0,0.0
2026-01-04,89:11:030301:4279,Здание,2018.0,Дом,Из прочих материалов,,,202.0,,"1, мансарда",жилое,,,"Ямало-Ненецкий автономный округ, городской округ город Новый Уренгой, город Новый Уренгой, садовое товарищество ДНТ Северное сияние, улица Владимирская, дом 21",,,Площадь,Купля-продажа,,,2026-01-14,2026-01-14,43894.65283320032,001001000000,1,,,,,,,125.3,5500000.0,,2.0,0.0
2026-01-04,89:12:110613:194,Здание,1997.0,Теплая стоянка,Крупнопанельные,,,306.0,,1,нежилое,,,"Ямало-Ненецкий автономный округ, г Ноябрьск, ул Холмогорская, 9 км",,,Площадь,Купля-продажа,,,2025-12-27,2026-01-16,3543.7737631361438,001001000000,1,,,,,,,846.9,3001222.0,,2.0,0.0
2026-01-04,89:12:110613:233,Здание,1997.0,Теплый склад,Крупнопанельные,,,723.0,,2,нежилое,,,"Ямало-Ненецкий автономный округ, г Ноябрьск, Холмогорское шоссе",,,Площадь,Купля-продажа,,,2025-12-27,2026-01-16,5141.720061675518,001001000000,1,,,,,,,583.7,3001222.0,,2.0,0.0
2026-01-04,89:08:070101:5804,Здание,2022.0,Индивидуальный жилой дом,Бетонные,,,202.0,,1,жилое,,,"Ямало-Ненецкий автономный округ, г.о. город Салехард, г Салехард, мкр Радужный, ул Паши Кривощёкова, д. 22",,,Площадь,Купля-продажа,,,2026-01-15,2026-01-16,113250.28312570782,001001000000,1,,,,,,,88.3,10000000.0,,2.0,0.0
2026-01-04,89:12:120102:1762,Здание,2020.0,Индивидуальный жилой дом,Из прочих материалов,,,202.0,,1,Жилой дом,,,"Ямало-Ненецкий автономный округ, Ноябрьск г, тер. потребительского садоводческого общества Мечта, 28-й проезд, дом 30",,,Площадь,Купля-продажа,,,2025-12-29,2026-01-19,36697.247706422015,001002000000,1,,,,,,,65.4,2400000.0,,2.0,0.0
2026-01-04,89:11:010303:377,Здание,2013.0,Жилой дом,Из прочих материалов,,,202.0,,1,Жилой дом,,,"Ямало-Ненецкий автономный округ, городской округ город Новый Уренгой, город Новый Уренгой, территория СНТ Заимка, улица Грибная, дом 5",,,Площадь,Купля-продажа,,,2026-01-15,2026-01-19,21186.440677966104,001002000000,1,,,,,,,141.6,3000000.0,,2.0,0.0
2026-01-04,89:08:070101:7470,Здание,2025.0,Жилой дом,Из мелких бетонных блоков,,,202.0,,1,Жилой дом,,,"Ямало-Ненецкий автономный округ, г.о. город Салехард, тер ДНТ Надежда, проезд Лесной 7-й",,,Площадь,Купля-продажа,,,2026-01-19,2026-01-19,80966.3953488372,001001000000,1,,,,,,,120.4,9748354.0,,2.0,0.0
2026-01-04,89:13:010210:380,Здание,1996.0,гараж,Из прочих материалов,,,303.0,,1,нежилое,,,"Ямало-Ненецкий автономный округ, городской округ город Муравленко, город Муравленко, улица Энтузиастов, строение 39/2/66",,,Площадь,Купля-продажа,,,2026-01-20,2026-01-20,12182.74111675127,001001000000,1,,,,,,,19.7,240000.0,,2.0,0.0
2026-01-04,89:13:010210:329,Здание,1996.0,Гараж,Из прочих материалов,,,303.0,,1,нежилое,,,"Ямало-Ненецкий автономный округ, город Муравленко, улица Энтузиастов, строение 39/2/67",,,Площадь,Купля-продажа,,,2026-01-12,2026-01-22,10344.827586206897,001001000000,1,,,,,,,23.2,240000.0,,2.0,0.0
2026-01-04,89:13:010216:1360,Здание,1998.0,"""Гараж № 465""",Бетонные,,,303.0,,3,Нежилое,,,"Ямало-Ненецкий автономный округ, городской округ город Муравленко, город Муравленко, улица Губкина, строение 55, гараж № 465",,,Площадь,Купля-продажа,,,2026-01-23,2026-01-26,13205.282112845138,001001000000,1,,,,,,,83.3,1100000.0,,2.0,0.0
2026-01-04,89:07:010101:1878,Здание,2004.0,Индивидуальный жилой дом,Смешанные,,,202.0,,1,жилое,,,"Ямало-Ненецкий автономный округ, р-н Красноселькупский, с Красноселькуп, ул Сайготина, д 11",,,Площадь,Купля-продажа,,,2026-01-23,2026-01-26,41382.97872340425,001001000000,1,,,,,,,94.0,3890000.0,,2.0,0.0
2026-01-04,89:14:010125:2475,Здание,1994.0,Гараж,Бетонные,,,303.0,,1,нежилое,,,"Ямало-Ненецкий автономный округ, городской округ город Губкинский, город Губкинский, территория Гаражные массивы №11, гараж 17/блокР13",,,Площадь,Купля-продажа,,,2026-01-26,2026-01-27,31746.031746031746,001001000000,1,,,,,,,25.2,800000.0,,2.0,0.0
2026-01-04,89:07:010101:12296,Здание,2025.0,Гараж,Деревянные,,,303.0,,1,Нежилое,,,"Ямало-Ненецкий автономный округ, Красноселькупский район, с Красноселькуп, ул Строителей",,,Площадь,Купля-продажа,,,2026-01-29,2026-01-30,452.4886877828054,001001000000,1,,,,,,,22.1,10000.0,,2.0,0.0
2026-01-04,89:12:000000:5634,Здание,2000.0,Гараж,Смешанные,,,303.0,,1,Нежилое,,,"Ямало-Ненецкий автономный округ, г Ноябрьск, ГК Ханто-1, ряд 41, гараж 55",,,Площадь,Купля-продажа,,,2026-01-30,2026-02-02,4166.666666666667,001001000000,1,,,,,,,24.0,100000.0,,2.0,0.0
2026-01-04,89:04:020201:3097,Здание,2022.0,Гараж № 189,Бетонные,,,303.0,,1,Нежилое,,,"Ямало-Ненецкий автономный округ, р-н Надымский, п Лонгъюган",,,Площадь,Купля-продажа,,,2026-01-29,2026-02-02,15909.09090909091,001001000000,1,,,,,,,22.0,350000.0,,2.0,0.0
2026-01-04,89:09:060102:152,Здание,1988.0,здание: Административно-бытовой корпус с красным уголком,Из прочих материалов,,,603.0,,1,нежилое,,,"Ямало-Ненецкий автономный округ, г Лабытнанги, мкр Обской, ул Ковалева, д 8",,,Площадь,Купля-продажа,,,2025-12-27,2026-02-02,13175.230566534916,001001000000,1,,,,,,,531.3,7000000.0,,2.0,0.0
2026-01-04,89:09:060102:153,Здание,1996.0,здание: Санитарно-бытовой блок,Из прочих материалов,,,704.0,,1,нежилое,,,"Ямало-Ненецкий автономный округ, г Лабытнанги, микрорайон Обской, ул Ковалева, д 14",,,Площадь,Купля-продажа,,,2025-12-27,2026-02-02,18547.959724430315,001001000000,1,,,,,,,377.4,7000000.0,,2.0,0.0
2026-01-04,89:04:020101:1296,Здание,2015.0,Аптека,Из прочих материалов,,,401.0,,1,нежилое,,,"Ямало-Ненецкий автономный округ, р-н Надымский, пгт Пангоды, ул Ленина, д 43 В",,,Площадь,Купля-продажа,,,2026-01-26,2026-02-03,41800.64308681672,001001000000,1,,,,,,,93.3,3900000.0,,2.0,0.0
2026-01-04,89:12:110501:201,Здание,2009.0,Индивидуальный жилой дом,Монолитные,,,202.0,,4,Жилой дом,,,"Ямало-Ненецкий автономный округ, г Ноябрьск, ул Первомайская, д 81",,,Площадь,Купля-продажа,,,2026-01-30,2026-02-03,25629.695095006628,001001000000,1,,,,,,,452.6,11600000.0,,2.0,0.0
2026-01-04,89:11:030301:4285,Здание,2018.0,Жилой дом,Деревянные,,,202.0,,1,жилое,,,"Ямало-Ненецкий автономный округ, г Новый Уренгой, ДПК ""Ермак"", проезд Снежный, д 9",,,Площадь,Купля-продажа,,,2026-01-31,2026-02-03,74453.5519125683,001001000000,1,,,,,,,73.2,5450000.0,,2.0,0.0
2026-01-04,89:04:020201:3297,Здание,2006.0,Гараж № 115,Из прочих материалов,,,303.0,,1,Гараж,,,"Ямало-Ненецкий автономный округ, р-н Надымский, п Лонгъюган",,,Площадь,Купля-продажа,,,2026-01-31,2026-02-03,17730.49645390071,001001000000,1,,,,,,,28.2,500000.0,,2.0,0.0
2026-01-04,89:03:040101:726,Здание,2009.0,Гараж,Из прочих материалов,,,303.0,,1,нежилое,,,"Ямало-Ненецкий автономный округ, р-н Ямальский, с Яр-Сале, ул Советская, д 58/1",,,Площадь,Купля-продажа,,,2026-02-03,2026-02-04,11904.761904761905,001001000000,1,,,,,,,84.0,1000000.0,,2.0,0.0
2026-01-04,89:12:110803:425,Здание,2000.0,Гараж,Железобетонные,,,303.0,,1,нежилое,,,"Ямало-Ненецкий автономный округ, г о Ноябрьск, г Ноябрьск, тер ГК Ханто-1, ряд(ы) 11-й, гараж 80",,,Площадь,Купля-продажа,,,2026-02-10,2026-02-12,29816.51376146789,001001000000,1,,,,,,,21.8,650000.0,,2.0,0.0
2026-01-04,89:08:070101:7487,Здание,2025.0,Жилой дом,Деревянные,,,202.0,,1,Жилой дом,,,"Ямало-Ненецкий автономный округ, городской округ город Салехард, территория ДНТ Север, улица Лесная, дом 82",,,Площадь,Купля-продажа,,,2026-02-12,2026-02-13,143065.69343065695,001001000000,1,,,,,,,68.5,9800000.0,,2.0,0.0
2026-01-04,89:04:011201:3255,Здание,2023.0,Гараж,Бетонные,,,303.0,,1,нежилое,,,"Ямало-Ненецкий автономный округ, Надымский муниципальный район, п Правохеттинский, ул Газовиков, земельный участок 48",,,Площадь,Купля-продажа,,,2026-02-16,2026-02-18,17883.21167883212,001001000000,1,,,,,,,27.4,490000.0,,2.0,0.0
2026-01-04,89:08:010304:2210,Здание,2007.0,Индивидуальный жилой дом,Из прочих материалов,,,202.0,,2,Жилой дом,,,"Ямало-Ненецкий автономный округ, г Салехард, Микрорайон Первомайский-3, д 6",,,Площадь,Купля-продажа,,,2006-09-01,2026-02-20,58479.5321637427,001001000000,1,,,,,,,102.6,6000000.0,,2.0,0.0
2026-01-04,89:07:010101:2481,Здание,1982.0,Индивидуальный жилой дом,Смешанные,,,202.0,,1,Жилой дом,,,"Ямало-Ненецкий автономный округ, муниципальный округ Красноселькупский район, село Красноселькуп, улица Набережная, домовладение 20",,,Площадь,Купля-продажа,,,2026-02-20,2026-02-24,73257.63723150358,001002000000,1,,,,,,,83.8,6138990.0,,2.0,0.0
2026-01-04,89:11:020205:1924,Здание,1995.0,Гараж 64,Кирпичные,,,303.0,,1,Нежилое,,,"Ямало-Ненецкий автономный округ, г Новый Уренгой, ул Строителей, пос. Заозерный, ПГК ""Заозерный"", гараж №64",,,Площадь,Купля-продажа,,,2026-02-16,2026-02-25,67632.8502415459,001001000000,1,,,,,,,20.7,1400000.0,,2.0,0.0
2026-01-04,89:02:020108:599,Здание,2026.0,Индивидуальный жилой дом,Деревянные,,,202.0,,1,Жилой дом,,,"Ямало-Ненецкий автономный округ, Приуральский район, село Аксарка, улица Молодёжная, дом 5",,,Площадь,Купля-продажа,,,2026-02-24,2026-02-25,75977.65363128492,001001000000,1,,,,,,,89.5,6800000.0,,2.0,0.0
2026-01-04,89:06:020101:543,Здание,1978.0,Здание кислородки и кислородного цеха,Рубленые,,,704.0,,1,Нежилое,,,"Ямало-Ненецкий автономный округ, муниципальный округ Тазовский район, поселок Тазовский, микрорайон Газ-Сале, улица Ямбургская, строение 6в",,,Площадь,Купля-продажа,,,2025-10-10,2026-02-25,2699.7840172786177,001001000000,1,,,,,,,370.4,1000000.0,,2.0,0.0
2026-01-04,89:01:010801:932,Здание,2014.0,Индивидуальный жилой дом,Из прочих материалов,,,202.0,,2,жилое,,,"Ямало-Ненецкий автономный округ, Шурышкарский район, село Мужи, улица Советская, дом 3/1",,,Площадь,Купля-продажа,,,2026-02-20,2026-02-25,90128.75536480687,001001000000,1,,,,,,,116.5,10500000.0,,2.0,0.0
2026-01-04,89:12:110514:63,Здание,1991.0,Объект индивидуального жилищного строительства,Шлакобетонные,,,202.0,,1,Жилой дом,,,"Ямало-Ненецкий автономный округ, городской округ город Ноябрьск, город Ноябрьск, улица Багульная, дом 100",,,Площадь,Купля-продажа,,,2026-02-24,2026-02-25,168855.53470919325,001001000000,1,,,,,,,53.3,9000000.0,,2.0,0.0
2026-01-04,89:08:070101:7488,Здание,2026.0,Индивидуальный жилой дом,Из прочих материалов,,,202.0,,1,Жилой дом,,,"Ямало-Ненецкий автономный округ, городской округ город Салехард, город Салехард, микрорайон Радужный, проезд 6-й, земельный участок 7",,,Площадь,Купля-продажа,,,2026-02-17,2026-02-25,65098.03921568627,001001000000,1,,,,,,,127.5,8300000.0,,2.0,0.0
2026-01-04,89:11:080201:5502,Здание,2005.0,здание: торговый павильон,Из прочих материалов,,,405.0,,1,нежилое,,,"Ямало-Ненецкий автономный округ, г Новый Уренгой, р. Коротчаево, пр-т Мира",,,Площадь,Купля-продажа,,,2026-02-20,2026-02-26,57603.6866359447,001001000000,1,,,,,,,86.8,5000000.0,,2.0,0.0
2026-01-04,89:03:040101:2875,Здание,2017.0,Гараж,Из мелких бетонных блоков,,,303.0,,1,Нежилое,,,"Ямало-Ненецкий автономный округ, муниципальный округ Ямальский район, село Яр-Сале, улица Советская",,,Площадь,Купля-продажа,,,2026-02-19,2026-02-26,18126.888217522657,001001000000,1,,,,,,,66.2,1200000.0,,2.0,0.0
2026-01-04,89:11:070101:6614,Здание,1995.0,Гараж № 21,Железобетонные,,,303.0,,1,Гараж,,,"Ямало-Ненецкий автономный округ, г Новый Уренгой, р-н Лимбяяха, ул Дальняя, ГПК ""89""",,,Площадь,Купля-продажа,,,2026-02-20,2026-02-26,14084.507042253521,001001000000,1,,,,,,,21.3,300000.0,,2.0,0.0
2026-01-04,89:11:030301:3967,Здание,2016.0,Дачный дом,Деревянные,,,202.0,,2,жилое,,,"Ямало-Ненецкий автономный округ, г Новый Уренгой, снт СОДНТ Энтузиаст, ул Приозёрная, д 24",,,Площадь,Купля-продажа,,,2026-02-24,2026-02-26,51413.88174807198,001001000000,1,,,,,,,194.5,10000000.0,,2.0,0.0
2026-01-04,89:05:020301:5587,Здание,2007.0,Гараж,Из прочих материалов,,,303.0,,1,нежилое,,,"Ямало-Ненецкий автономный округ, р-н Пуровский, пгт Уренгой, Северная часть промышленной зоны, район микрорайона Геолог, ряд 5, бокс 71",,,Площадь,Купля-продажа,,,2026-02-22,2026-02-27,18333.333333333332,001001000000,1,,,,,,,36.0,660000.0,,2.0,0.0
2026-01-04,89:01:010806:1540,Здание,2025.0,Жилой дом,Иное,,,202.0,,1,Жилой дом,,,"Ямало-Ненецкий автономный округ, муниципальный округ Шурышкарский район, село Мужи, улица Рыбацкая, дом 43б",,,Площадь,Купля-продажа,,,2026-02-26,2026-02-27,102539.0625,001001000000,1,,,,,,,102.4,10500000.0,,2.0,0.0
2026-01-04,89:11:000000:1256,Здание,1900.0,гараж 166,Кирпичные,,,303.0,,2,Нежилое,,,"Ямало-Ненецкий автономный округ, г Новый Уренгой, гараж 166, ГСК Вольво",,,Площадь,Купля-продажа,,,2026-02-26,2026-02-27,46875.0,001001000000,1,,,,,,,44.8,2100000.0,,2.0,0.0
2026-01-04,89:11:040101:7685,Здание,2021.0,Дом,Из мелких бетонных блоков,,,202.0,,1,жилое,,,"Ямало-Ненецкий автономный округ, г Новый Уренгой, ул Моховая, д 3",,,Площадь,Купля-продажа,,,2026-02-26,2026-03-02,84493.04174950298,001001000000,1,,,,,,,100.6,8500000.0,,2.0,0.0
2026-01-04,89:11:030101:843,Здание,2005.0,Гараж № 35,Из прочих материалов,,,303.0,,1,Нежилое,,,"Ямало-Ненецкий автономный округ, г Новый Уренгой, гараж 35, Восточная промзона, панель Д, ПГК Универсал",,,Площадь,Купля-продажа,,,2026-02-28,2026-03-02,12953.367875647667,001001000000,1,,,,,,,19.3,250000.0,,2.0,0.0
2026-01-04,89:10:010306:2764,Здание,2013.0,Пристрой,Из прочих материалов,,,401.0,,2,нежилое,,,"Ямало-Ненецкий автономный округ, г. Надым, промзона",,,Площадь,Купля-продажа,,,2026-03-03,2026-03-03,34512.51078515962,001001000000,1,,,,,,,115.9,4000000.0,,2.0,0.0
2026-01-04,89:05:020301:9025,Здание,1993.0,,Смешанные,,,201.0,,,Жилой дом,,,"Ямало-Ненецкий автономный округ, муниципальный округ Пуровский район, поселок городского типа Уренгой, микрорайон Молодежный, дом 4/1",,,Площадь,Купля-продажа,,,2026-02-27,2026-03-03,92636.57957244656,001001000000,1,,,,,,,84.2,7800000.0,,2.0,0.0
2026-01-04,89:08:030101:1520,Здание,2025.0,Индивидуальный жилой дом,Бетонные,,,202.0,,1,Жилой дом,,,"Ямало-Ненецкий автономный округ, городской округ город Салехард, город Салехард, улица Кооперативная, дом 19",,,Площадь,Купля-продажа,,,2026-02-27,2026-03-03,55555.555555555555,001001000000,1,,,,,,,162.0,9000000.0,,2.0,0.0
2026-01-04,89:10:010104:1001,Здание,2002.0,Гараж,Бетонные,,,303.0,,1,нежилое,,,"Ямало-Ненецкий автономный округ, г Надым, ул Ямальская, муниципальный округ Надымский район, земельный участок 24/1/26",,,Площадь,Купля-продажа,,,2023-11-10,2026-03-03,16417.910447761195,001001000000,1,,,,,,,26.8,440000.0,,2.0,0.0
2026-01-04,89:05:000000:9392,Здание,2015.0,Гараж,Из прочих материалов,,,303.0,,1,Нежилое,,,"Ямало-Ненецкий автономный округ, муниципальный округ Пуровский район, город Тарко-Сале, территория Совхозная, ряд 1-й, гараж 45",,,Площадь,Купля-продажа,,,2025-12-25,2026-03-03,46875.0,001001000000,1,,,,,,,32.0,1500000.0,,2.0,0.0
2026-01-04,89:11:040101:3897,Здание,2012.0,Дом,Деревянные,,,202.0,,1,жилое,,,"Ямало-Ненецкий автономный округ, г Новый Уренгой, ДНТ Виктория, д 55",,,Площадь,Купля-продажа,,,2026-02-27,2026-03-03,54350.0,001001000000,1,,,,,,,20.0,1087000.0,,2.0,0.0
2026-01-04,89:12:110810:432,Здание,2002.0,Гараж,Из прочих материалов,,,303.0,,1,Нежилое,,,"Ямало-Ненецкий автономный округ, городской округ город Ноябрьск, город Ноябрьск, территория ГК Ханто-1, 27-й ряд, гараж 21",,,Площадь,Купля-продажа,,,2026-02-27,2026-03-04,16587.677725118483,001001000000,1,,,,,,,21.1,350000.0,,2.0,0.0
2026-01-04,89:13:010303:665,Здание,2021.0,Дом,Деревянные,,,202.0,,2,Жилой дом,,,"Ямало-Ненецкий автономный округ, городской округ город Муравленко, город Муравленко, территория СНТ Дружба, переулок Хвойный, дом 6",,,Площадь,Купля-продажа,,,2026-03-03,2026-03-05,2170.1388888888887,001001000000,1,,,,,,,115.2,250000.0,,2.0,0.0
2026-01-04,89:04:020201:1948,Здание,2012.0,Гараж № 6,Железобетонные,,,303.0,,1,Нежилое,,,"Ямало-Ненецкий автономный округ, муниципальный округ Надымский район, поселок Лонгъюган, строение 212",,,Площадь,Купля-продажа,,,2026-03-03,2026-03-05,6825.938566552901,001001000000,1,,,,,,,29.3,200000.0,,2.0,0.0
2026-01-04,89:04:020101:1080,Здание,1984.0,Спортзал,Из прочих материалов,,,807.0,,1,Нежилое,,,"Ямало-Ненецкий автономный округ, муниципальный округ Надымский район, поселок городского типа Пангоды, улица Энергетиков, строение 15",,,Площадь,Купля-продажа,,,2026-02-20,2026-03-05,3501.3505691684354,001001000000,1,,,,,,,518.3,1814750.0,,2.0,0.0
2026-01-04,89:13:010216:1267,Здание,1998.0,Гараж № 53,Бетонные,,,303.0,,2,Нежилое,,,"Ямало-Ненецкий автономный округ, г Муравленко, ул Губкина, строен. 55/4/53",,,Площадь,Купля-продажа,,,2026-03-05,2026-03-06,21959.45945945946,001001000000,1,,,,,,,29.6,650000.0,,2.0,0.0
2026-01-04,89:14:010123:615,Здание,2003.0,Гараж,Железобетонные,,,303.0,,1,Нежилое,,,"Ямало-Ненецкий автономный округ, г Губкинский, тер. гаражный массив 11, блок 6/II, гараж 3",,,Площадь,Купля-продажа,,,2026-03-04,2026-03-06,18367.34693877551,001001000000,1,,,,,,,24.5,450000.0,,2.0,0.0
2026-01-04,89:03:040101:2873,Здание,2017.0,Гараж,Из мелких бетонных блоков,,,303.0,,1,Нежилое,,,"Ямало-Ненецкий автономный округ, муниципальный округ Ямальский район, Ямальский район, с Яр-Сале, ул Советская",,,Площадь,Купля-продажа,,,2026-03-04,2026-03-06,18154.311649016643,001001000000,1,,,,,,,66.1,1200000.0,,2.0,0.0
2026-01-04,89:10:010302:310,Здание,1995.0,Гараж №356,Железобетонные,,,303.0,,1,нежилое,,,"Ямало-Ненецкий автономный округ, г Надым, проезд 8-й, ГСК Полярник",,,Площадь,Купля-продажа,,,2026-03-04,2026-03-10,10714.285714285714,001001000000,1,,,,,,,28.0,300000.0,,2.0,0.0
2026-01-04,89:08:070101:5338,Здание,2021.0,Жилой дом,Деревянные,,,202.0,,2,жилое,,,"Ямало-Ненецкий автономный округ, городской округ город Салехард, территория Дачное некоммерческое товарищество Север, улица Нагорная, дом 20",,,Площадь,Купля-продажа,,,2026-03-05,2026-03-10,26711.185308848082,001001000000,1,,,,,,,59.9,1600000.0,,2.0,0.0
2026-01-04,89:05:020112:207,Здание,2012.0,Здание,Металлические,,,704.0,,1,нежилое,,,"Ямало-Ненецкий автономный округ, р-н Пуровский, г Тарко-Сале, район автодороги на канализационные очистные сооружения, участка №1",,,Площадь,Купля-продажа,,,2025-11-13,2026-03-10,11926.199999999999,001001000000,1,,,,,,,323.1,3853355.22,,2.0,0.0
2026-01-04,89:04:011201:1999,Здание,2017.0,гараж,Кирпичные,,,303.0,,1,нежилое,,,"Ямало-Ненецкий автономный округ, р-н Надымский, п Правохеттинский",,,Площадь,Купля-продажа,,,2026-03-03,2026-03-10,9960.1593625498,001001000000,1,,,,,,,25.1,250000.0,,2.0,0.0
2026-01-04,89:08:070101:7486,Здание,2025.0,Жилой дом,Деревянные,,,202.0,,1,Жилой дом,,,"Ямало-Ненецкий автономный округ, городской округ город Салехард, территория ДНТ Надежда, проезд Лесной 9-й, дом 2а",,,Площадь,Купля-продажа,,,2026-03-05,2026-03-10,114570.36114570362,001001000000,1,,,,,,,80.3,9200000.0,,2.0,0.0
2026-01-04,89:04:010701:473,Здание,1990.0,Спортзал,Из прочих материалов,,,807.0,,2,Нежилое,,,"Ямало-Ненецкий автономный округ, муниципальный округ Надымский район, поселок городского типа Заполярный, строение 31",,,Площадь,Купля-продажа,,,2026-02-17,2026-03-11,8825.062586926286,001001000000,1,,,,,,,719.0,6345220.0,,2.0,0.0
2026-01-04,89:08:010108:891,Здание,2017.0,Индивидуальный жилой дом,Деревянные,,,202.0,,2,жилое,,,"Ямало-Ненецкий автономный округ, г Салехард, ул Комсомольская, д 6б/1",,,Площадь,Купля-продажа,,,2026-03-10,2026-03-11,39119.804400978,001001000000,1,,,,,,,204.5,8000000.0,,2.0,0.0
2026-01-04,89:13:010215:457,Здание,1998.0,гараж,Из прочих материалов,,,303.0,,1,нежилое,,,"Ямало-Ненецкий автономный округ, городской округ город Муравленко, город Муравленко, улица Украинских строителей, строение 57/115",,,Площадь,Купля-продажа,,,2026-03-10,2026-03-12,14516.129032258064,001001000000,1,,,,,,,24.8,360000.0,,2.0,0.0
2026-01-04,89:03:040101:1708,Здание,2020.0,Индивидуальный жилой дом,Бетонные,,,202.0,,2,жилое,,,"Ямало-Ненецкий автономный округ, муниципальный район Ямальский, сельское поселение Яр-Салинское, с Яр-Сале, ул Молодежная, д 2",,,Площадь,Купля-продажа,,,2026-01-20,2026-03-13,30467.16316858497,001001000000,1,,,,,,,295.4,9000000.0,,2.0,0.0
2026-01-04,89:11:030301:4408,Здание,2019.0,Дачный дом,Из мелких бетонных блоков,,,202.0,,2,жилое,,,"Ямало-Ненецкий автономный округ, г Новый Уренгой, г. Новый Уренгой, ДНТ ""Дружба"", проезд 8-й Дружный, дом 7",,,Площадь,Купля-продажа,,,2026-03-07,2026-03-13,55218.11154058531,001001000000,1,,,,,,,181.1,10000000.0,,2.0,0.0
2026-01-04,89:11:030101:5522,Здание,2023.0,,Иное,,,303.0,,1,Гараж,,,"Ямало-Ненецкий автономный округ, городской округ город Новый Уренгой, город Новый Уренгой, проезд Волонтеров, стр 7, гараж №11, Гаражный кооператив ""Вымпел""",,,Площадь,Купля-продажа,,,2026-03-03,2026-03-13,20833.333333333332,001001000000,1,,,,,,,24.0,500000.0,,2.0,0.0
2026-01-04,89:11:030204:1409,Здание,2021.0,Гараж №54,Железобетонные,,,303.0,,1,Гараж,,,"Ямало-Ненецкий автономный округ, городской округ город Новый Уренгой, город Новый Уренгой, Восточная промзона, ПГЭК ""Сокол"", гараж 54",,,Площадь,Купля-продажа,,,2026-03-11,2026-03-13,10480.349344978167,001001000000,1,,,,,,,22.9,240000.0,,2.0,0.0
2026-01-04,89:08:070101:5665,Здание,2015.0,Жилой дом,Деревянные,,,202.0,,2,жилое,,,"Ямало-Ненецкий автономный округ, городской округ город Салехард, территория Дачное некоммерческое товарищество Север, улица Ягельная, дом 34",,,Площадь,Купля-продажа,,,2026-03-13,2026-03-16,52009.456264775414,001001000000,1,,,,,,,84.6,4400000.0,,2.0,0.0
2026-01-04,89:10:010108:454,Здание,2018.0,Пристрой к торговому павильону,Железобетонные,,,405.0,,1,нежилое,,,"Ямало-Ненецкий автономный округ, г Надым, ул Полярная, строен 16 б",,,Площадь,Купля-продажа,,,2026-02-26,2026-03-16,178970.91722595078,001001000000,1,,,,,,,402.3,72000000.0,,2.0,0.0
2026-01-04,89:05:020130:2293,Здание,2024.0,Индивидуальный жилой дом,Из мелких бетонных блоков,,,202.0,,2,Жилой дом,,,"Ямало-Ненецкий автономный округ, м.о Пуровский район, г Тарко-Сале, тер средних дач, д 18",,,Площадь,Купля-продажа,,,2026-03-10,2026-03-16,59900.16638935108,001002000000,1,,,,,,,120.2,7200000.0,,2.0,0.0
2026-01-04,89:11:030301:3993,Здание,2017.0,Дом,Деревянные,,,202.0,,2,жилое,,,"Ямало-Ненецкий автономный округ, г Новый Уренгой, ДНТ ""Дружба"", участок №67",,,Площадь,Купля-продажа,,,2026-03-12,2026-03-16,45988.934993084375,001001000000,1,,,,,,,144.6,6650000.0,,2.0,0.0
2026-01-04,89:06:030402:877,Здание,2023.0,Технологическая установка №2: Аппарат воздушного охлаждения масла,Металлические,,,1030.0,,1,Нежилое,,,"Ямало-Ненецкий автономный округ, муниципальный округ Тазовский район, Северо-Соленинское ГКМ",,,Площадь,Купля-продажа,,,2026-03-05,2026-03-17,221864.84829911124,001001000000,1,,,,,,,15.5,16760280.0,Выброс,2.0,0.0
2026-01-04,89:06:030402:878,Здание,2023.0,Технологическая установка №2: Агрегатный блок подготовки топливного газа,Иное,,,701.0,,1,Нежилое,,,"Ямало-Ненецкий автономный округ, муниципальный округ Тазовский район, Северо-Соленинское ГКМ",,,Площадь,Купля-продажа,,,2026-03-05,2026-03-17,221864.84829911124,001001000000,1,,,,,,,10.1,84522278.0,Выброс,2.0,0.0
2026-01-04,89:06:030402:837,Здание,2015.0,Котельная,Иное,,,710.0,,1,Нежилое,,,"Ямало-Ненецкий автономный округ, муниципальный округ Тазовский район, территория Северо-Соленинское ГКМ",,,Площадь,Купля-продажа,,,2026-03-05,2026-03-17,216700.98765432098,001001000000,1,,,,,,,40.5,8776390.0,,2.0,0.0
2026-01-04,89:06:030402:842,Здание,2015.0,Блок переключения,Иное,,,1039.0,,1,Нежилое,,,"Ямало-Ненецкий автономный округ, муниципальный округ Тазовский район, территория Северо-Соленинское ГКМ",,,Площадь,Купля-продажа,,,2026-03-05,2026-03-17,221864.84829911124,001001000000,1,,,,,,,17.1,19341755.0,Выброс,2.0,0.0
2026-01-04,89:12:000000:8936,Здание,2000.0,,Железобетонные,,,303.0,,1,Гараж,,,"Ямало-Ненецкий автономный округ, городской округ город Ноябрьск, город Ноябрьск, территория ГПК Тепловик, дом 7, гараж 470",,,Площадь,Купля-продажа,,,2026-03-13,2026-03-17,47348.48484848485,001001000000,1,,,,,,,52.8,2500000.0,,2.0,0.0
2026-01-04,89:11:020205:1704,Здание,2012.0,Гараж,Железобетонные,,,303.0,,1,Гараж,,,"Ямало-Ненецкий автономный округ, г Новый Уренгой, п. Заозерный, ул Строителей, ПГК ""Заозёрный"", гараж № 132",,,Площадь,Купля-продажа,,,2026-03-15,2026-03-17,32573.289902280132,001001000000,1,,,,,,,30.7,1000000.0,,2.0,0.0
2026-01-04,89:06:030402:880,Здание,2023.0,Технологическая установка №1: Блок компрессора топливного газа,Иное,,,701.0,,1,Нежилое,,,"Ямало-Ненецкий автономный округ, муниципальный округ Тазовский район, Северо-Соленинское ГКМ",,,Площадь,Купля-продажа,,,2026-03-05,2026-03-17,221864.84829911124,001001000000,1,,,,,,,54.1,78657035.31,Выброс,2.0,0.0
2026-01-04,89:06:030402:851,Здание,2023.0,Технологическая установка №1: Аппарат воздушного охлаждения масла,Металлические,,,1030.0,,1,Нежилое,,,"Ямало-Ненецкий автономный округ, м.о. Тазовский район, тер Северо-Соленинское ГКМ",,,Площадь,Купля-продажа,,,2026-03-05,2026-03-17,221864.84829911124,001001000000,1,,,,,,,15.5,15597237.29,Выброс,2.0,0.0
2026-01-04,89:06:030402:848,Здание,2015.0,Газорегуляторный пункт блочный,Иное,,,714.0,,1,Нежилое,,,"Ямало-Ненецкий автономный округ, муниципальный округ Тазовский район, территория Северо-Соленинское ГКМ",,,Площадь,Купля-продажа,,,2026-03-05,2026-03-17,221864.84829911124,001001000000,1,,,,,,,29.9,52213518.39,Выброс,2.0,0.0
2026-01-04,89:06:030402:835,Здание,2015.0,Склад масел,Металлические,,,723.0,,1,Нежилое,,,"Ямало-Ненецкий автономный округ, муниципальный округ Тазовский район, территория Северо-Соленинское ГКМ",,,Площадь,Купля-продажа,,,2026-03-05,2026-03-17,221864.84829911124,001001000000,1,,,,,,,144.6,112755413.94,Выброс,2.0,0.0
2026-01-04,89:06:030402:836,Здание,2023.0,Склад теплый,Иное,,,723.0,,1,Нежилое,,,"Ямало-Ненецкий автономный округ, м.о. Тазовский район, тер Северо-Соленинское ГКМ",,,Площадь,Купля-продажа,,,2026-03-05,2026-03-17,221864.84829911124,001001000000,1,,,,,,,140.6,107114900.26,Выброс,2.0,0.0
2026-01-04,89:06:030402:867,Здание,2023.0,Служебно-эксплуатационный блок,Иное,,,704.0,,2,Нежилое,,,"Ямало-Ненецкий автономный округ, муниципальный округ Тазовский район, Северо-Соленинское ГКМ",,,Площадь,Купля-продажа,,,2026-03-05,2026-03-17,198431.9788415605,001001000000,1,,,,,,,502.4,99692226.17,,2.0,0.0
2026-01-04,89:06:030402:856,Здание,2023.0,КТП,Иное,,,706.0,,1,Нежилое,,,"Ямало-Ненецкий автономный округ, муниципальный округ Тазовский район, территория Северо-Соленинское ГКМ",,,Площадь,Купля-продажа,,,2026-03-05,2026-03-17,221864.84829911124,001001000000,1,,,,,,,78.3,50360740.33,Выброс,2.0,0.0
2026-01-04,89:06:030402:876,Здание,2023.0,Блок-бокс хранения пожарного инвентаря,Иное,,,1039.0,,1,Нежилое,,,"Ямало-Ненецкий автономный округ, муниципальный округ Тазовский район, Северо-Соленинское ГКМ",,,Площадь,Купля-продажа,,,2026-03-05,2026-03-17,221864.84829911124,001001000000,1,,,,,,,18.0,6961514.32,Выброс,2.0,0.0
2026-01-04,89:06:030402:839,Здание,2015.0,Станция насосная противопожарного водоснабжения,Иное,,,715.0,,1,Нежилое,,,"Ямало-Ненецкий автономный округ, муниципальный округ Тазовский район, территория Северо-Соленинское ГКМ",,,Площадь,Купля-продажа,,,2026-03-05,2026-03-17,221864.84829911124,001001000000,1,,,,,,,51.0,15207139.94,Выброс,2.0,0.0
2026-01-04,89:09:010110:403,Здание,2015.0,индивидуальный гараж,Кирпичные,,,303.0,,1,нежилое,,,"Ямало-Ненецкий автономный округ, г Лабытнанги, ул Автострадная, гаражная площадка №1, блок А, бокс №13",,,Площадь,Купля-продажа,,,2026-03-14,2026-03-18,32520.325203252032,001001000000,1,,,,,,,24.6,800000.0,,2.0,0.0
2026-01-04,89:06:030402:879,Здание,2023.0,Технологическая установка №1: Агрегатный блок подготовки топливного газа,Иное,,,701.0,,1,Нежилое,,,"Ямало-Ненецкий автономный округ, муниципальный округ Тазовский район, Северо-Соленинское ГКМ",,,Площадь,Купля-продажа,,,2026-03-05,2026-03-18,221864.84829911124,001001000000,1,,,,,,,10.1,78657034.0,Выброс,2.0,0.0
2026-01-04,89:04:020101:1799,Здание,2001.0,"Торговый павильон ""Босфор""",Из прочих материалов,,,405.0,,1,нежилое,,,"Ямало-Ненецкий автономный округ, р-н Надымский, пгт Пангоды, ул Ленина, строение 46а",,,Площадь,Купля-продажа,,,2026-03-17,2026-03-19,32128.5140562249,001001000000,1,,,,,,,124.5,4000000.0,,2.0,0.0
2026-01-04,89:11:030301:4313,Здание,2019.0,Здание для межсменного отдыха персонала,Из прочих материалов,,,507.0,,1,Нежилое,,,"Ямало-Ненецкий автономный округ, г Новый Уренгой, мкр Южный",,,Площадь,Купля-продажа,,,2026-02-16,2026-03-19,2828.8822947576655,001001000000,1,,,,,,,303.3,858000.0,,2.0,0.0
2026-01-04,89:14:010129:1969,Здание,2025.0,Блок 3,Иное,,,201.0,,2,Жилой дом,,,"Ямало-Ненецкий автономный округ, город Губкинский г.о, г Губкинский, мкр № 13, д 15Б",,,Площадь,Купля-продажа,,,2026-03-17,2026-03-19,111111.11111111111,001001000000,1,,,,,,,108.9,12100000.0,,2.0,0.0
2026-01-04,89:05:030301:4599,Здание,2015.0,Жилой дом,Из прочих материалов,,,202.0,,1,Жилой дом,,,"Ямало-Ненецкий автономный округ, городской округ город Губкинский, город Губкинский, переулок Тихий, дом 3",,,Площадь,Купля-продажа,,,2026-03-14,2026-03-20,63788.027477919524,001001000000,1,,,,,,,101.9,6500000.0,,2.0,0.0
2026-01-04,89:10:010308:343,Здание,2023.0,Гараж,Железобетонные,,,303.0,,1,Нежилое,,,"Ямало-Ненецкий автономный округ, Надымский район муниципальный округ, город Надым, р-н ВОС, ГСК Маховик, гараж №28",,,Площадь,Купля-продажа,,,2026-03-19,2026-03-20,10457.51633986928,001001000000,1,,,,,,,76.5,800000.0,,2.0,0.0
2026-01-04,89:03:040101:369,Здание,2007.0,Гараж,Кирпичные,,,303.0,,1,нежилое,,,"Ямало-Ненецкий автономный округ, р-н Ямальский, с Яр-Сале, Промзона Южная 6/4",,,Площадь,Купля-продажа,,,2026-03-13,2026-03-20,5535.055350553505,001001000000,1,,,,,,,27.1,150000.0,,2.0,0.0
2026-01-04,89:05:020125:952,Здание,2014.0,Здание: жилой дом,Из мелких бетонных блоков,,,202.0,,2,жилое,,,"Ямало-Ненецкий автономный округ, р-н Пуровский, г Тарко-Сале, ул Кедровая, д 21",,,Площадь,Купля-продажа,,,2026-03-19,2026-03-23,83399.52343129467,001001000000,1,,,,,,,251.8,21000000.0,,2.0,0.0
2026-01-04,89:08:030201:937,Здание,2014.0,Гараж,Сборно-щитовые,,,303.0,,1,нежилое,,,"Ямало-Ненецкий автономный округ, г Салехард, ул Восход, площадка 5, строение 1, бокс 8",,,Площадь,Купля-продажа,,,2026-03-20,2026-03-23,56081.08108108108,001001000000,1,,,,,,,37.0,2075000.0,,2.0,0.0
2026-01-04,89:12:110405:272,Здание,1984.0,"Спортивное сооружение ""Центр бильярдного спорта ""Маяк""",Кирпичные; Из прочих материалов,,,806.0,,1,нежилое,,,"Ямало-Ненецкий автономный округ, г Ноябрьск, ул Интернационалистов",,,Площадь,Купля-продажа,,,2020-02-29,2026-03-23,3444.3168771526985,001001000000,1,,,,,,,348.4,1200000.0,,2.0,0.0
2026-01-04,89:04:010701:342,Здание,1990.0,"Магазин ""Смешанные товары"" №20",Рубленые,,,402.0,,1,нежилое,,,"Ямало-Ненецкий автономный округ, Надымский р-н, пгт Заполярный",,,Площадь,Купля-продажа,,,2026-03-19,2026-03-23,7341.772151898735,001001000000,1,,,,,,,395.0,2900000.0,,2.0,0.0
2026-01-04,89:06:030402:849,Здание,2022.0,Общежитие на 100 человек с медпунктом,Иное,,,518.0,,2,Нежилое,,,"Ямало-Ненецкий автономный округ, муниципальный округ Тазовский район, Северо-Соленинское ГКМ",,,Площадь,Купля-продажа,,,2026-03-05,2026-03-24,148583.30205864387,001001000000,1,,,,,,,1637.0,243230865.47,,2.0,0.0
2026-01-04,89:04:020301:3673,Здание,2025.0,Гараж,Бетонные,,,303.0,,1,Гараж,,,"Ямало-Ненецкий автономный округ, муниципальный округ Надымский район, поселок Приозерный, улица ФК-2, гараж 25л",,,Площадь,Купля-продажа,,,2026-03-20,2026-03-24,4424.778761061946,001001000000,1,,,,,,,45.2,200000.0,,2.0,0.0
2026-01-04,89:04:020301:1990,Здание,2017.0,гараж,Смешанные,,,303.0,,1,нежилое,,,"Ямало-Ненецкий автономный округ, р-н Надымский, п Приозерный, ул ФК-2, гараж 44",,,Площадь,Купля-продажа,,,2026-03-21,2026-03-25,5847.953216374269,001001000000,1,,,,,,,34.2,200000.0,,2.0,0.0
2026-01-04,89:11:030301:1974,Здание,1995.0,гараж,Из прочих материалов,,,303.0,,1,нежилое,,,"Ямало-Ненецкий автономный округ, г Новый Уренгой, Восточная промзона, гараж №194",,,Площадь,Купля-продажа,,,2026-03-21,2026-03-26,41884.8167539267,001001000000,1,,,,,,,19.1,800000.0,,2.0,0.0
2026-01-04,89:05:020301:5506,Здание,2006.0,Индивидуальный гараж,Из прочих материалов,,,302.0,,1,нежилое,,,"Ямало-Ненецкий автономный округ, р-н Пуровский, пгт Уренгой, мкр-н Геолог, район жилого дома 32, Бокс 6",,,Площадь,Купля-продажа,,,2026-03-21,2026-03-26,16666.666666666668,001001000000,1,,,,,,,36.0,600000.0,,2.0,0.0
2026-01-04,89:10:000000:1359,Здание,2013.0,Центр мелкооптовой и розничной торговли,Каменные,,,403.0,,2,нежилое,,,"Ямало-Ненецкий автономный округ, муниципальный район Надымский, город Надым, проезд 13-й, строение 12",,,Площадь,Купля-продажа,,,2026-03-16,2026-03-27,18209.167920196345,001001000000,1,,,,,,,1263.1,23000000.0,,2.0,0.0
2026-01-04,89:10:010306:4212,Здание,2015.0,Пристрой 2,Бетонные,,,403.0,,1,нежилое,,,"Ямало-Ненецкий автономный округ, г Надым, промзона",,,Площадь,Купля-продажа,,,2026-03-16,2026-03-27,40983.60655737705,001001000000,1,,,,,,,73.2,3000000.0,,2.0,0.0
2026-01-04,89:05:030201:1051,Здание,1992.0,индивидуальный жилой дом,Смешанные,,,202.0,,2,жилое,,,"Ямало-Ненецкий автономный округ, р-н Пуровский, п Ханымей, ул Восточная, д 14",,,Площадь,Купля-продажа,,,2026-03-24,2026-03-29,42328.04232804233,001002000000,1,,,,,,,132.3,5600000.0,,2.0,0.0
2026-01-04,89:12:110908:81,Здание,1999.0,Гараж,Кирпичные,,,303.0,,1,нежилое,,,"Ямало-Ненецкий автономный округ, г Ноябрьск, ул Магистральная, блок 61, район микрорайона 8, ГК Пелей-8",,,Площадь,Купля-продажа,,,2026-03-25,2026-03-30,29661.01694915254,001001000000,1,,,,,,,23.6,700000.0,,2.0,0.0
2026-01-04,89:10:010307:753,Здание,2016.0,,Смешанные,,,704.0,,1,Нежилое,,,"Ямало-Ненецкий автономный округ, г Надым, ул Заводская, промбаза СУ-1, ОАО ""Надымдорстрой""",,,Площадь,Купля-продажа,,,2026-03-28,2026-03-30,34427.5420336269,001001000000,1,,,,,,,124.9,4300000.0,,2.0,0.0
2026-01-04,89:12:120102:829,Здание,2018.0,дачный жилой дом,Смешанные,,,202.0,,2,жилое,,,"Ямало-Ненецкий автономный округ, г Ноябрьск, 29-й км окружной автомобильной дороги ""Подъезд к г. Ноябрьску"", проезд 11, участок 32",,,Площадь,Купля-продажа,,,2026-03-27,2026-03-30,5861.513687600644,001001000000,1,,,,,,,62.1,364000.0,,2.0,0.0
2026-01-04,89:09:000000:3568,Здание,1979.0,Здание,Из прочих материалов,,,202.0,,1,жилое,,,"Ямало-Ненецкий автономный округ, г Лабытнанги, ул Почтовая, д 3а",,,Площадь,Купля-продажа,,,2026-03-27,2026-03-30,17605.6338028169,001001000000,1,,,,,,,56.8,1000000.0,,2.0,0.0
2026-01-04,89:10:000000:3689,Здание,2015.0,Гараж №120,Железобетонные,,,303.0,,1,Нежилое,,,"Ямало-Ненецкий автономный округ, муниципальный округ Надымский район, город Надым, улица Ямальская, строение 24/3, помещение 120",,,Площадь,Купля-продажа,,,2026-03-26,2026-03-31,11835.205992509364,001001000000,1,,,,,,,26.7,316000.0,,2.0,0.0
2026-01-04,89:04:020401:1173,Здание,2015.0,Индивидуальный гараж,Из прочих материалов,,,303.0,,1,Нежилое,,,"Ямало-Ненецкий автономный округ, муниципальный округ Надымский район, поселок Ягельный, строение 144",,,Площадь,Купля-продажа,,,2026-03-26,2026-03-31,8974.358974358975,001001000000,1,,,,,,,39.0,350000.0,,2.0,0.0
2025-04-01,89:11:060201:1479,Помещение,2015.0,,,1,,303.0,,,Нежилое,11:0,02:071,"Ямало-Ненецкий автономный округ, г Новый Уренгой, Северная промзона, панель ""А"", ГЭК ""Василек"", гараж №286",,,площадь,Купля-продажа,,,2025-02-14,2025-03-06,34504.06007604563,001001000000,1,,,,,,,26.3,907456.78,,3.0,0.0
2025-04-01,89:12:000000:5533,Помещение,2015.0,Гараж,,1,,303.0,,,Нежилое,12:0,02:071,"Ямало-Ненецкий автономный округ, г Ноябрьск, ГК Ханто-1, ряд 5, гараж 47",,,площадь,Купля-продажа,,,2025-03-27,2025-03-31,8333.333333333334,001001000000,1,,,,,,,24.0,200000.0,,3.0,0.0
2025-11-01,89:11:050103:1051,Помещение,1987.0,однокомнатная квартира,Железобетонные,4,,101.0,89:11:050103:255,9,Жилое,,,"Ямало-Ненецкий автономный округ, г Новый Уренгой, мкр Мирный, д 7, корп 1, кв 153",,,площадь,Купля-продажа,,,2018-05-12,2025-09-16,93243.24324324324,001003000000,1,,,,,,,37.0,3450000.0,,3.0,0.0
2026-01-01,89:10:010107:494,Помещение,1973.0,Квартира,Из прочих материалов,3,,101.0,89:10:010107:285,5,Жилое,,,"Ямало-Ненецкий автономный округ, г Надым, ул Полярная, д 15, кв 72",,,площадь,Купля-продажа,,,2025-10-13,2025-10-14,35211.2676056338,Собственность,1,,,,,,,28.4,1000000.0,,3.0,0.0
2026-01-01,89:12:110705:957,Помещение,1984.0,двухкомнатная квартира,Крупнопанельные,4,,101.0,89:12:110705:184,5,Жилое,,,"Ямало-Ненецкий автономный округ, г Ноябрьск, ул Дзержинского, д 31, кв 25",,,площадь,Купля-продажа,,,2025-11-12,2025-11-14,149510.76320939334,Общая долевая собственность,1,,,,,,,51.1,7640000.0,,3.0,0.0
2026-01-04,89:05:000000:10118,Помещение,2015.0,Гараж №52,,1,,303.0,,,Нежилое,,,"Ямало-Ненецкий автономный округ, р-н Пуровский, г Тарко-Сале, район Промбазы АООТ НК""Таркосаленефтегаз"", гараж №52",,,Площадь,Купля-продажа,,,2026-03-26,2026-03-30,4545.454545454545,001001000000,1,,,,,,,22.0,100000.0,,3.0,0.0
2025-04-01,89:11:020203:1909,Помещение,2015.0,Помещение,Из мелких бетонных блоков; Кирпичные,5,2013.0,610.0,89:11:020203:1821,6,Нежилое,11:0,04:010,"Ямало-Ненецкий автономный округ, г Новый Уренгой, ул Таежная, д 30А, пом 16-20, 25-30 на поэтажном плане",,,площадь,Купля-продажа,,,2024-12-10,2025-01-09,26315.633343221594,001001000000,1,,,,,,,337.1,8871000.0,,3.0,0.0
2025-04-01,89:14:010112:447,Помещение,2009.0,"Жилое помещение расположено в многоквартирном доме, признанное аварийным и подлежащим сносу или реконструкции. Постановление Администрации города Губкинского ""О признании многоквартирного жилого дома № 42 микрорайона 12 города Губкинского аварийным и подлежащим реконструкции"" от 28.06.2024 № 1632",Крупнопанельные; Смешанные,3,2009.0,101.0,89:14:010112:117,6,Жилое,14:0,04:040,"Ямало-Ненецкий автономный округ, г Губкинский, мкр 12-й, д 42, кв 17",,,площадь,Купля-продажа,,,2024-12-23,2025-01-09,171412.37647058823,001001000000,1,,,,,,,42.5,7285026.0,,3.0,0.0
2025-04-01,89:11:050102:8542,Помещение,2005.0,Нежилое помещение,Монолитные; Из прочих материалов,7,2005.0,610.0,89:11:050102:316,9,Нежилое,11:0,03:024,"Ямало-Ненецкий автономный округ, г Новый Уренгой, мкр Восточный, д 2, корп 3, номер помещения на поэтажном плане 36",,,площадь,Купля-продажа,,,2024-12-25,2025-01-10,90800.0,001001000000,1,,,,,,,25.0,2270000.0,,3.0,0.0
2025-04-01,89:11:020306:754,Помещение,1983.0,квартира в многоквартирном доме,Крупнопанельные,2,1983.0,101.0,89:11:020301:179,9,Жилое,11:0,02:061,"Ямало-Ненецкий автономный округ, г Новый Уренгой, ул Геологоразведчиков, д 2б, общ.3, кв 208",,,площадь,Купля-продажа,,,2024-12-28,2025-01-10,64935.06493506493,001001000000,1,,,,,,,30.8,2000000.0,,3.0,0.0
2025-04-01,89:11:030101:1755,Помещение,2013.0,Квартира,Кирпичные,5,,101.0,89:11:030101:1655,10,Жилое,11:0,02:061,"Ямало-Ненецкий автономный округ, г Новый Уренгой, пр-кт Губкина, д 28, кв 201",,,площадь,Купля-продажа,,,2024-12-28,2025-01-10,182634.73053892216,001001000000,1,,,,,,,33.4,6100000.0,,3.0,0.0
2025-04-01,89:12:000000:5001,Помещение,2015.0,Гараж,,1,,303.0,,,Нежилое,12:0,02:071,"Ямало-Ненецкий автономный округ, г Ноябрьск, ГК ""Ханто-1"", ряд 34, гараж 20",,,площадь,Купля-продажа,,,2024-12-28,2025-01-10,25000.0,001001000000,1,,,,,,,24.0,600000.0,,3.0,0.0
2025-04-01,89:12:110616:3317,Помещение,2015.0,гараж,,1,,303.0,,,Нежилое,12:0,02:071,"Ямало-Ненецкий автономный округ, г Ноябрьск, ул.Холмогорская, гараж 35, мкр.""М""",,,площадь,Купля-продажа,,,2024-12-30,2025-01-10,49791.0447761194,001001000000,1,,,,,,,33.5,1668000.0,,3.0,0.0
2025-04-01,89:10:010109:1012,Помещение,2015.0,гараж,,1,,303.0,,,Нежилое,10:0,02:071,"Ямало-Ненецкий автономный округ, г Надым, ул Сенькина, район химчистки, ГСК ""Ямал"", гараж №86",,,площадь,Купля-продажа,,,2024-12-25,2025-01-10,13888.888888888889,001001000000,1,,,,,,,28.8,400000.0,,3.0,0.0
2025-04-01,89:03:010401:1215,Помещение,2015.0,помещение: квартира,Деревянные,3,2015.0,205.0,89:03:010401:1195,3,Жилое,3:1,02:014,"Ямало-Ненецкий автономный округ, р-н Ямальский, с Сеяха, ул Бамовская, д 5, кв 21",,,площадь,Купля-продажа,,,2024-12-20,2025-01-10,137693.69999999998,001001000000,1,,,,,,,58.1,8000003.97,,3.0,0.0
2025-04-01,89:04:020103:369,Помещение,2004.0,Двухкомнатная квартира,Кирпичные,03,2004.0,101.0,89:04:020101:2805,5,Жилое,4:0,02:014,"Ямало-Ненецкий автономный округ, муниципальный округ Надымский район, поселок городского типа Пангоды, улица Ленина, дом 44А, квартира 26",,,площадь,Купля-продажа,,,2024-12-30,2025-01-10,63218.3908045977,001001000000,1,,,,,,,52.2,3300000.0,,3.0,0.0
2025-04-01,89:12:110601:4823,Помещение,2008.0,Квартира в многоквартирном доме,Смешанные,1,,101.0,89:12:110601:4773,11,Жилое,12:0,02:061,"Ямало-Ненецкий автономный округ, г Ноябрьск, ул Советская, д 104, кв 55",,,площадь,Купля-продажа,,,2025-01-09,2025-01-10,113815.78947368421,001001000000,1,,,,,,,38.0,4325000.0,,3.0,0.0
2025-04-01,89:05:020301:10023,Помещение,2015.0,,Кирпичные,5,2020.0,101.0,89:05:020301:9948,6,Жилое,5:1,02:051,"Ямало-Ненецкий автономный округ, м.р-н Пуровский , г.п. поселок Уренгой, пгт Уренгой, мкр 1-й, д. 8, кв 32",,,площадь,Купля-продажа,,,2024-12-27,2025-01-13,125631.76895306859,001001000000,1,,,,,,,55.4,6960000.0,,3.0,0.0
2025-04-01,89:10:010306:2031,Помещение,2017.0,гараж №451,Железобетонные,1,2017.0,303.0,89:10:010306:1638,1,Нежилое,10:0,02:071,"Ямало-Ненецкий автономный округ, г Надым, тер. ГСК Пилот, строен 14, гараж №451",,,площадь,Купля-продажа,,,2024-09-30,2025-01-13,11322.463768115942,001001000000,1,,,,,,,110.4,1250000.0,,3.0,0.0
2025-04-01,89:14:010104:160,Помещение,2015.0,"Жилое помещение расположено в многоквартирном доме, признанном аварийным и подлежащим сносу или реконструкции. Постановление №2165 от 19.09.2024г. «Об изъятии для муниципальных нужд городского округа город Губкинский Ямало-Ненецкого автономного округа земельного участка и находящихся на нем объектов недвижимого имущества в связи с признанием многоквартирного дома №10 микрорайона 4 города Губкинского аварийным и подлежащим сносу», выданное Администрацией города Губкинского.",Смешанные,2,,205.0,89:14:010104:96,2,Жилое,14:0,02:014,"Ямало-Ненецкий автономный округ, г Губкинский, мкр 4-й, д 10, кв 5",,,площадь,Купля-продажа,,,2024-12-13,2025-01-13,107644.44444444444,001001000000,1,,,,,,,45.0,4844000.0,,3.0,0.0
2025-04-01,89:04:020103:462,Помещение,2016.0,Помещение,Смешанные,4,2016.0,101.0,89:04:020103:419,5,Жилое,4:0,02:051,"Ямало-Ненецкий автономный округ, р-н Надымский, пгт Пангоды, проезд Газовиков, д 2, кв 41",,,площадь,Купля-продажа,,,2025-01-04,2025-01-13,59952.03836930455,001001000000,1,,,,,,,41.7,2500000.0,,3.0,0.0
2025-04-01,89:14:010104:1006,Помещение,1987.0,«Жилое помещение расположенное в многоквартирном доме признано аварийным и подлежащим сносу или реконструкции» (Постановление Администрации города Губкинского «О признании многоквартирного дома № 15 микрорайона 4 города Губкинского аварийным и подлежащим сносу» №1151 от 08.07.2020 г.),Деревянные,2,,205.0,89:14:010104:1179,2,Жилое,14:0,02:014,"Ямало-Ненецкий автономный округ, г Губкинский, мкр 4-й, д 15, кв 6",,,площадь,Купля-продажа,,,2024-11-14,2025-01-13,107845.84980237154,001001000000,1,,,,,,,75.9,8185500.0,,3.0,0.0
2025-04-01,89:12:110702:2000,Помещение,1997.0,однокомнатная квартира,Железобетонные,5,,101.0,89:12:110702:4312,5,Жилое,12:0,02:061,"Ямало-Ненецкий автономный округ, г Ноябрьск, ул Ленина, д 88а, кв 44",,,площадь,Купля-продажа,,,2025-01-10,2025-01-13,123822.71468144044,001001000000,1,,,,,,,36.1,4470000.0,,3.0,0.0
2025-04-01,89:12:110709:3450,Помещение,1996.0,трёхкомнатная квартира,Железобетонные,9,,101.0,89:12:110709:3119,9,Жилое,12:0,02:061,"Ямало-Ненецкий автономный округ, г Ноябрьск, ул Высоцкого, д 22, кв 70",,,площадь,Купля-продажа,,,2025-01-13,2025-01-13,104281.00987925357,001001000000,1,,,,,,,91.1,9500000.0,,3.0,0.0
2025-04-01,89:04:020101:8230,Помещение,2015.0,Гараж №4,,1,,303.0,,,Нежилое,4:0,02:071,"Ямало-Ненецкий автономный округ, р-н Надымский, п Пангоды, ул Звездная (в районе примыкания улицы Звездная к улице Энергетиков), Кооператив по строительству и эксплуатации гаражей для автотранспорта «Таежный-2001», ряд 14, Гараж № 4",,,площадь,Купля-продажа,,,2024-11-17,2025-01-13,21181.556195965415,001001000000,1,,,,,,,34.7,735000.0,,3.0,0.0
2025-04-01,89:11:020305:258,Помещение,2015.0,гараж 35,,1,,303.0,,,Нежилое,11:0,02:071,"Ямало-Ненецкий автономный округ, г Новый Уренгой, ул 26 Съезда КПСС, 5, гараж 35",,,площадь,Купля-продажа,,,1998-04-02,2025-01-13,582.0105820105821,001001000000,1,,,,,,,18.9,11000.0,,3.0,0.0
2025-04-01,89:08:010204:1803,Помещение,2019.0,,Смешанные,4,2019.0,101.0,89:08:010204:1779,9,Жилое,8:0,02:061,"Ямало-Ненецкий автономный округ, городской округ город Салехард, г Салехард, ул Республики, д 81, кв 55",,,площадь,Купля-продажа,,,2024-12-26,2025-01-13,82582.58258258259,001001000000,1,,,,,,,66.6,5500000.0,,3.0,0.0
2025-04-01,89:12:110513:210,Помещение,1989.0,Квартира,Деревянные,1,1989.0,201.0,89:12:110513:43,1,Жилое,12:0,02:011,"Ямало-Ненецкий автономный округ, г Ноябрьск, ул Багульная, д 115/1, кв 4",,,площадь,Купля-продажа,,,2025-01-13,2025-01-14,102022.05882352941,001001000000,1,,,,,,,54.4,5550000.0,,3.0,0.0
2025-04-01,89:14:010112:458,Помещение,2009.0,"Жилое помещение расположено в многоквартирном доме, признанное аварийным и подлежащим сносу или реконструкции. Постановление Администрации города Губкинского ""О признании многоквартирного жилого дома № 42 микрорайона 12 города Губкинского аварийным и подлежащим реконструкции"" от 28.06.2024 № 1632",Крупнопанельные; Смешанные,1,2009.0,101.0,89:14:010112:117,6,Жилое,14:0,04:040,"Ямало-Ненецкий автономный округ, г Губкинский, мкр 12-й, д 42, кв 5",,,площадь,Купля-продажа,,,2024-12-19,2025-01-14,165568.18181818182,001001000000,1,,,,,,,44.0,7285000.0,,3.0,0.0
2025-04-01,89:13:010106:900,Помещение,2012.0,Квартира,Из прочих материалов,2,,205.0,89:13:010106:1735,3,Жилое,13:0,02:014,"Ямало-Ненецкий автономный округ, г Муравленко, ул Нефтяников, д 3, кв 7",,,площадь,Купля-продажа,,,2025-01-09,2025-01-14,32854.20944558521,001001000000,1,,,,,,,48.7,1600000.0,,3.0,0.0
2025-04-01,89:05:000000:9572,Помещение,2015.0,Гараж,,1,,303.0,,,Нежилое,5:0,02:071,"Ямало-Ненецкий автономный округ, р-н Пуровский, г Тарко-Сале, Район промбазы НГРЭИС, ряд 3, уч.20",,,площадь,Купля-продажа,,,2024-12-30,2025-01-14,30769.23076923077,001001000000,1,,,,,,,26.0,800000.0,,3.0,0.0
2025-04-01,89:13:010109:168,Помещение,2015.0,Гараж,,1,,303.0,,,Нежилое,13:0,02:071,"Ямало-Ненецкий автономный округ, г Муравленко, ул Дружбы Народов, микрорайон 8-а, гаражный комплекс 2, корп 1, Бокс №6",,,площадь,Купля-продажа,,,2024-12-25,2025-01-14,18331.3125,001001000000,1,,,,,,,19.2,351961.2,,3.0,0.0
2025-04-01,89:10:010106:600,Помещение,2016.0,гараж,Железобетонные,1,2017.0,303.0,89:10:010106:232,1,Нежилое,10:0,02:071,"Ямало-Ненецкий автономный округ, Надымский м.р-н, г.п. город Надым, г Надым, ул Юбилейная, стр. 1, корп 2, гараж 27",,,площадь,Купля-продажа,,,2025-01-13,2025-01-15,10902.255639097744,001001000000,1,,,,,,,26.6,290000.0,,3.0,0.0
2025-04-01,89:11:050303:960,Помещение,2022.0,Квартира №131,Смешанные,7,,101.0,89:11:050303:934,13,Жилое,11:0,02:060,"Ямало-Ненецкий автономный округ, г Новый Уренгой, мкр Славянский, д 1/4, кв 131",,,площадь,Купля-продажа,,,2025-01-14,2025-01-15,146540.02713704205,001001000000,1,,,,,,,73.7,10800000.0,,3.0,0.0
2025-04-01,89:12:110709:1672,Помещение,1992.0,Квартира в многоквартирном доме,Крупнопанельные,5,1992.0,101.0,89:12:110709:227,5,Жилое,12:0,02:061,"Ямало-Ненецкий автономный округ, г Ноябрьск, ул Высоцкого, д 34Б, кв 59",,,площадь,Купля-продажа,,,2024-12-27,2025-01-15,69182.38993710691,001001000000,1,,,,,,,79.5,5500000.0,,3.0,0.0
2025-04-01,89:04:020101:6572,Помещение,2002.0,Двухкомнатная квартира,Кирпичные,1,2002.0,101.0,89:04:020101:785,6,Жилое,4:0,02:061,"Ямало-Ненецкий автономный округ, р-н Надымский, пгт Пангоды, ул Мира, д 15, кв 2",,,площадь,Купля-продажа,,,2025-01-13,2025-01-15,68901.30353817504,001001000000,1,,,,,,,53.7,3700000.0,,3.0,0.0
2025-04-01,89:12:110406:2248,Помещение,2018.0,Нежилое помещение,Кирпичные,2,2019.0,303.0,89:12:110406:1180,2,Нежилое,12:0,02:071,"Ямало-Ненецкий автономный округ, городской округ город Ноябрьск, город Ноябрьск, улица Муравленко, дом 6в, помещение 6/7",,,площадь,Купля-продажа,,,2025-01-11,2025-01-15,5813.9534883720935,001001000000,1,,,,,,,17.2,100000.0,,3.0,0.0
2025-04-01,89:11:070101:6528,Помещение,2015.0,,,1,,303.0,,,Нежилое,11:0:1,02:071,"Ямало-Ненецкий автономный округ, г Новый Уренгой, жилрайон Лимбяяха, ГСК ""Сибур"", гараж №18",,,площадь,Купля-продажа,,,2025-01-11,2025-01-15,8888.888888888889,001001000000,1,,,,,,,22.5,200000.0,,3.0,0.0
2025-04-01,89:12:110614:1906,Помещение,2015.0,,Из мелких бетонных блоков,4,2022.0,101.0,89:12:110614:1877,5,Жилое,12:0,02:050,"Ямало-Ненецкий автономный округ, городской округ город Ноябрьск, город Ноябрьск, улица Холмогорская, дом 68, квартира 30",,,площадь,Купля-продажа,,,2025-01-16,2025-01-16,141666.66666666666,001001000000,1,,,,,,,30.0,4250000.0,,3.0,0.0
2025-04-01,89:11:020201:1355,Помещение,2007.0,двухкомнатная квартира,Крупнопанельные,2,2007.0,101.0,89:11:020201:373,9,Жилое,11:0,02:051,"Ямало-Ненецкий автономный округ, г Новый Уренгой, мкр Оптимистов, д 3, корп 1, кв 68",,,площадь,Купля-продажа,,,2025-01-14,2025-01-16,153846.15384615384,001001000000,1,,,,,,,57.2,8800000.0,,3.0,0.0
2025-04-01,89:05:020108:186,Помещение,2002.0,Однокомнатная квартира,Кирпичные,4,2002.0,205.0,89:05:020108:68,5,Жилое,5:0,02:014,"Ямало-Ненецкий автономный округ, р-н Пуровский, г Тарко-Сале, мкр Геолог, д 8, кв 23",,,площадь,Купля-продажа,,,2025-01-14,2025-01-16,168582.3754789272,001001000000,1,,,,,,,52.2,8800000.0,,3.0,0.0
2025-04-01,89:14:010126:1206,Помещение,2022.0,,Бетонные,1,,101.0,89:14:010126:1197,6,Жилое,14:0,02:051,"Ямало-Ненецкий автономный округ, город Губкинский, микрорайон № 15, дом 20, квартира 60",,,площадь,Купля-продажа,,,2025-01-13,2025-01-16,141148.3253588517,001001000000,1,,,,,,,41.8,5900000.0,,3.0,0.0
2025-04-01,89:11:050103:1498,Помещение,1989.0,квартира в многоквартирном доме,Железобетонные,3,1989.0,101.0,89:11:050103:269,11,Жилое,11:0,02:061,"Ямало-Ненецкий автономный округ, г Новый Уренгой, мкр Мирный, д 2, корп 4, кв 89",,,площадь,Купля-продажа,,,2025-01-16,2025-01-17,126373.62637362638,001001000000,1,,,,,,,36.4,4600000.0,,3.0,0.0
2025-04-01,89:04:020101:6372,Помещение,1991.0,Квартира,Кирпичные,4,1991.0,101.0,89:04:020101:2416,5,Жилое,4:0,02:051,"Ямало-Ненецкий автономный округ, р-н Надымский, пгт Пангоды, ул Ленина, д 6а, кв 13",,,площадь,Купля-продажа,,,2025-01-15,2025-01-17,62857.142857142855,001001000000,1,,,,,,,70.0,4400000.0,,3.0,0.0
2025-04-01,89:12:110406:187,Помещение,1997.0,Квартира,Кирпичные,2,1997.0,205.0,89:12:110406:115,4,Жилое,12:0,02:061,"Ямало-Ненецкий автономный округ, г Ноябрьск, ул Муравленко, д 8, кв 6, микрорайон Западный",,,площадь,Купля-продажа,,,2025-01-16,2025-01-17,96153.84615384616,001001000000,1,,,,,,,46.8,4500000.0,,3.0,0.0
2025-04-01,89:08:020105:484,Помещение,1991.0,Помещение: комната,Смешанные,1,1991.0,507.0,89:08:020105:281,2,Жилое,8:0,02:051,"Ямало-Ненецкий автономный округ, г Салехард, ул Чупрова, д 20, к.7",,,площадь,Купля-продажа,,,2025-01-14,2025-01-17,76555.02392344498,001001000000,1,,,,,,,20.9,1600000.0,,3.0,0.0
2025-04-01,89:08:010104:509,Помещение,2001.0,Помещение: квартира,Из прочих материалов,4,2001.0,101.0,89:08:010104:215,5,Жилое,8:0,02:014,"Ямало-Ненецкий автономный округ, г Салехард, ул Манчинского, д 18, кв 53",,,площадь,Купля-продажа,,,2025-01-15,2025-01-17,141579.73174366617,001003000000,1,,,,,,,67.1,9500000.0,,3.0,0.0
2025-04-01,89:13:010110:732,Помещение,2015.0,Гараж,,1,,303.0,,,Нежилое,13:0,02:071,"Ямало-Ненецкий автономный округ, г Муравленко, ул Дружбы народов,  Гаражный кооператив ""Автогаз"", гараж №18",,,площадь,Купля-продажа,,,2025-01-15,2025-01-17,20361.99095022624,001001000000,1,,,,,,,22.1,450000.0,,3.0,0.0
2025-04-01,89:01:010101:1098,Помещение,2017.0,квартира,Сборно-щитовые,1,2017.0,205.0,89:01:010101:1095,3,Жилое,1:1,02:014,"Ямало-Ненецкий автономный округ, р-н Шурышкарский, с Шурышкары, ул Мира, д 13, кв 4",,,площадь,Купля-продажа,,,2025-01-17,2025-01-20,73313.78299120234,001001000000,1,,,,,,,34.1,2500000.0,,3.0,0.0
2025-04-01,89:11:010201:2069,Помещение,2011.0,Гараж,Железобетонные,1,2011.0,303.0,89:11:010201:260,2,Нежилое,11:0,02:071,"Ямало-Ненецкий автономный округ, городской округ город Новый Уренгой, город Новый Уренгой, улица Магистральная, дом 48, ОПГК ""Юг-Регион-Авто"", гараж №114",,,площадь,Купля-продажа,,,2024-09-16,2025-01-20,287405.6014535957,001001000000,1,,,,,,,23.1,8000000.0,Выброс,3.0,0.0
2025-04-01,89:03:040101:1067,Помещение,2015.0,Помещение: квартира,Кирпичные,1,2012.0,205.0,89:03:040101:987,3,Жилое,3:0,02:014,"Ямало-Ненецкий автономный округ, р-н Ямальский, с Яр-Сале, ул Советская, д 52, кв 2",,,площадь,Купля-продажа,,,2025-01-15,2025-01-20,89453.86064030131,001001000000,1,,,,,,,53.1,4750000.0,,3.0,0.0
2025-04-01,89:08:030101:236,Помещение,1977.0,Помещение: двухкомнатная квартира,Рубленые,1,1977.0,205.0,89:08:030101:116,2,Жилое,8:0,02:014,"Ямало-Ненецкий автономный округ, г Салехард, ул Чапаева, д 21, кв 3",,,площадь,Купля-продажа,,,2024-12-20,2025-01-20,107000.0,001001000000,1,,,,,,,52.2,5585400.0,,3.0,0.0
2025-04-01,89:13:010216:616,Помещение,2015.0,Гаражный бокс,,1,,303.0,,,Нежилое,13:0,02:071,"Ямало-Ненецкий автономный округ, город Муравленко, улица Губкина, дом 55/5, помещение 158",,,площадь,Купля-продажа,,,2025-01-16,2025-01-20,13901.34529147982,001001000000,1,,,,,,,22.3,310000.0,,3.0,0.0
2025-04-01,89:12:000000:18020,Помещение,2015.0,Квартира,,6,,101.0,,,Жилое,12:0,02:061,"Ямало-Ненецкий автономный округ, г Ноябрьск, ул Магистральная, д 95, кв 601а",,,площадь,Купля-продажа,,,2025-01-20,2025-01-21,91549.2957746479,001001000000,1,,,,,,,28.4,2600000.0,,3.0,0.0
2025-04-01,89:12:110808:162,Помещение,2015.0,гараж №62,,1,,303.0,,,Нежилое,12:0,02:071,"Ямало-Ненецкий автономный округ, г Ноябрьск, ГК ""Ханто-1"", ряд 42, гараж № 62",,,площадь,Купля-продажа,,,2025-01-18,2025-01-22,32500.0,001001000000,1,,,,,,,24.0,780000.0,,3.0,0.0
2025-04-01,89:10:010109:646,Помещение,2015.0,Гараж № 12,,1,,303.0,,,Нежилое,10:0,02:071,"Ямало-Ненецкий автономный округ, муниципальный округ Надымский район, город Надым, улица Заводская, строение 1/1, помещение 3",,,площадь,Купля-продажа,,,2025-01-19,2025-01-22,10107.334525939177,001001000000,1,,,,,,,55.9,565000.0,,3.0,0.0
2025-04-01,89:08:010108:264,Помещение,2007.0,Бокс №10,Крупнопанельные,1,2007.0,303.0,89:08:010108:186,1,Нежилое,8:0,04:090,"Ямало-Ненецкий автономный округ, г Салехард, Кирпичная ул, бокс 10, площадка 27 строение 2",,,площадь,Купля-продажа,,,2025-01-20,2025-01-22,85551.33079847909,001001000000,1,,,,,,,26.3,2250000.0,,3.0,0.0
2025-04-01,89:08:010304:3557,Помещение,2015.0,,Металлические,1,2020.0,303.0,89:08:010304:3552,1,Нежилое,8:0,04:092,"Ямало-Ненецкий автономный округ, город Салехард, улица Игарская, земельный участок №62, гаражный бокс 5",,,площадь,Купля-продажа,,,2025-01-22,2025-01-22,40955.631399317404,001001000000,1,,,,,,,58.6,2400000.0,,3.0,0.0
2025-04-01,89:11:030204:1274,Помещение,2015.0,Гараж,,1,,303.0,,,Нежилое,11:0,02:071,"Ямало-Ненецкий автономный округ, г Новый Уренгой, Восточная промзона, ГК ""Союз"", гараж №19",,,площадь,Купля-продажа,,,2024-01-20,2025-01-22,24875.621890547263,001001000000,1,,,,,,,20.1,500000.0,,3.0,0.0
2025-04-01,89:10:000000:2831,Помещение,2015.0,Гараж № 20,,1,,303.0,,,Нежилое,10:0,02:071,"Ямало-Ненецкий автономный округ, г Надым, проезд №14",,,площадь,Купля-продажа,,,2024-06-18,2025-01-22,7291.666666666666,001001000000,1,,,,,,,28.8,210000.0,,3.0,0.0
2025-04-01,89:09:010209:176,Помещение,2006.0,Квартира 3,Из прочих материалов,2,2006.0,101.0,89:09:010209:100,5,Жилое,9:0,02:051,"Ямало-Ненецкий автономный округ, г Лабытнанги, ул Дзержинского, д 48, кв 3",,,площадь,Купля-продажа,,,2025-01-20,2025-01-23,153700.18975332068,001003000000,1,,,,,,,52.7,8100000.0,,3.0,0.0
2025-04-01,89:09:010105:383,Помещение,1986.0,Квартира,Деревянные,2,,205.0,89:09:010105:111,2,Жилое,9:0,02:014,"Ямало-Ненецкий автономный округ, городской округ город Лабытнанги, город Лабытнанги, переулок Таежный, дом 35а, квартира 7",,,площадь,Купля-продажа,,,2025-01-22,2025-01-23,70392.1568627451,001001000000,1,,,,,,,51.0,3590000.0,,3.0,0.0
2025-04-01,89:14:010109:4675,Помещение,2024.0,,Иное,3,,101.0,89:14:010109:4564,6,Жилое,14:0,02:051,"Ямало-Ненецкий автономный округ, г Губкинский, микрорайон 9, д 43, кв 17",,,площадь,Купля-продажа,,,2025-01-20,2025-01-24,118990.90909090909,001001000000,1,,,,,,,33.0,3926700.0,,3.0,0.0
2025-04-01,89:14:010103:182,Помещение,1986.0,помещение: однокомнатная квартира,Смешанные,2,1986.0,205.0,89:14:010103:84,2,Жилое,14:0,02:014,"Ямало-Ненецкий автономный округ, г Губкинский, мкр 3-й, д 19, кв 8",,,площадь,Купля-продажа,,,2025-01-20,2025-01-24,104156.49867374005,001001000000,1,,,,,,,37.7,3926700.0,,3.0,0.0
2025-04-01,89:08:010204:3547,Помещение,2024.0,,Бетонные,6,,101.0,89:08:010204:3436,9,Жилое,8:0,02:060,"Ямало-Ненецкий автономный округ, городской округ город Салехард, город Салехард, улица Зои Космодемьянской, дом 17, квартира 28",,,площадь,Купля-продажа,,,2025-01-20,2025-01-24,96286.10729023383,001001000000,1,,,,,,,72.7,7000000.0,,3.0,0.0
2025-04-01,89:08:040201:169,Помещение,1967.0,Помещение: квартира,Рубленые,2,1967.0,205.0,89:08:040201:123,2,Жилое,8:0,02:014,"Ямало-Ненецкий автономный округ, г Салехард, ул Ангальский Мыс, д 35, кв 5",,,площадь,Купля-продажа,,,2025-01-15,2025-01-27,107807.72845953003,001001000000,1,,,,,,,38.3,4129036.0,,3.0,0.0
2025-04-01,89:08:020201:2522,Помещение,2024.0,,Бетонные,3,,101.0,89:08:020201:2290,8,Жилое,8:0,02:051,"Ямало-Ненецкий автономный округ, городской округ город Салехард, город Салехард, мкр.Обдорский, дом 3, корпус 1,кв.12",,,площадь,Купля-продажа,,,2025-01-15,2025-01-27,117302.15909090909,001001000000,1,,,,,,,35.2,4129036.0,,3.0,0.0
2025-04-01,89:08:010303:451,Помещение,1981.0,"Жилое помещение расположено в многоквартирном доме, признанном аварийным и подлежащим сносу или реконструкции",Рубленые,1,1981.0,205.0,89:08:010303:115,2,Жилое,8:0,02:051,"Ямало-Ненецкий автономный округ, г Салехард, ул Республики, д 122а, кв 6",,,площадь,Купля-продажа,,,2024-12-28,2025-01-27,122240.67647058824,001001000000,1,,,,,,,34.0,4156183.0,,3.0,0.0
2025-04-01,89:12:000000:4780,Помещение,2015.0,Гараж,,1,,303.0,,,Нежилое,12:0,02:071,"Ямало-Ненецкий автономный округ, г Ноябрьск, ГК Пелей-5, ряд 60а, гараж 7",,,площадь,Купля-продажа,,,2025-01-24,2025-01-27,31250.0,001001000000,1,,,,,,,24.0,750000.0,,3.0,0.0
2025-04-01,89:11:050105:2394,Помещение,2007.0,,Кирпичные,1,2007.0,107.0,89:11:050105:145,6,Нежилое,11:0,02:051,"Ямало-Ненецкий автономный округ, г Новый Уренгой, мкр Юбилейный, д 4, корп 2А",,,площадь,Купля-продажа,,,2025-01-24,2025-01-27,134282.2857142857,001001000000,1,,,,,,,59.5,7989796.0,,3.0,0.0
2025-04-01,89:11:020201:2087,Помещение,2009.0,квартира в многоквартирном доме,Монолитные; Железобетонные,6,2009.0,101.0,89:11:020201:1882,8,Жилое,11:0,02:061,"Ямало-Ненецкий автономный округ, г Новый Уренгой, мкр Оптимистов, д 4, корп 3, кв 104",,,площадь,Купля-продажа,,,2025-01-24,2025-01-27,170786.51685393258,001001000000,1,,,,,,,44.5,7600000.0,,3.0,0.0
2025-04-01,89:14:010109:1387,Помещение,1997.0,помещение: однокомнатная квартира,Из легкобетонных панелей,1,1997.0,101.0,89:14:010109:169,9,Жилое,14:0,02:061,"Ямало-Ненецкий автономный округ, г Губкинский, мкр 9-й, д 3, кв 39",,,площадь,Купля-продажа,,,2025-01-24,2025-01-27,147453.0831099196,001001000000,1,,,,,,,37.3,5500000.0,,3.0,0.0
2025-04-01,89:05:020301:7770,Помещение,2015.0,Квартира,,1,,201.0,,,Жилое,5:1,02:031,"Ямало-Ненецкий автономный округ, р-н Пуровский, пгт Уренгой, мкр-н Молодёжный, д 5, кв 4",,,площадь,Купля-продажа,,,2025-01-25,2025-01-28,39024.39024390244,001001000000,1,,,,,,,82.0,3200000.0,,3.0,0.0
2025-04-01,89:10:010306:2520,Помещение,2017.0,Здание - Гараж,Железобетонные,1,2017.0,303.0,89:10:010306:1682,1,Нежилое,10:0,02:071,"Ямало-Ненецкий автономный округ, г Надым, территория КССГ ""Автостоп"", строение 1, гараж №388",,,площадь,Купля-продажа,,,2025-01-27,2025-01-28,17175.57251908397,001001000000,1,,,,,,,52.4,900000.0,,3.0,0.0
2025-04-01,89:09:010104:111,Помещение,1989.0,двухкомнатная квартира,Сборно-щитовые,2,,205.0,89:09:010104:663,2,Жилое,9:0,02:014,"Ямало-Ненецкий автономный округ, г Лабытнанги, ул Магистральная, д 31, корп А, кв 5",,,площадь,Купля-продажа,,,2025-01-27,2025-01-28,77946.7680608365,001001000000,1,,,,,,,52.6,4100000.0,,3.0,0.0
2025-04-01,89:05:020301:8573,Помещение,2015.0,участок №16,,1,,303.0,,,Нежилое,5:1,02:071,"Ямало-Ненецкий автономный округ, р-н Пуровский, пгт Уренгой, южная часть поселка, ряд 14, участок №16",,,площадь,Купля-продажа,,,2024-03-21,2025-01-28,21250.0,001001000000,1,,,,,,,40.0,850000.0,,3.0,0.0
2025-04-01,89:11:030204:1295,Помещение,2015.0,,,1,,303.0,,,Нежилое,11:0,02:071,"Ямало-Ненецкий автономный округ, г Новый Уренгой, Восточная промзона, ГК ""Союз"", гараж №12",,,площадь,Купля-продажа,,,2025-01-26,2025-01-28,32407.407407407405,001001000000,1,,,,,,,21.6,700000.0,,3.0,0.0
2025-04-01,89:11:050103:2312,Помещение,1991.0,Квартира,Крупнопанельные,1,1991.0,107.0,89:11:050103:298,9,Нежилое,11:0,02:061,"Ямало-Ненецкий автономный округ, г Новый Уренгой, мкр Мирный, д 1, корп 6, кв 72",,,площадь,Купля-продажа,,,2025-01-28,2025-01-29,131934.03298350825,001001000000,1,,,,,,,66.7,8800000.0,,3.0,0.0
2025-04-01,89:14:010124:601,Помещение,2015.0,гараж,,1,,303.0,,,Нежилое,14:0,02:071,"Ямало-Ненецкий автономный округ, г Губкинский, гаражный массив 11, блок 6/Д, бокс 8",,,площадь,Купля-продажа,,,2025-01-28,2025-01-29,33191.48936170213,001001000000,1,,,,,,,23.5,780000.0,,3.0,0.0
2025-04-01,89:11:050202:741,Помещение,2015.0,гараж,,1,,303.0,,,Нежилое,11:0,02:071,"Ямало-Ненецкий автономный округ, г Новый Уренгой, Северная коммунальная зона, Гаражно-эксплуатационный кооператив Василёк, гараж №229",,,площадь,Купля-продажа,,,2025-01-28,2025-01-29,34875.44483985765,001001000000,1,,,,,,,28.1,980000.0,,3.0,0.0
2025-04-01,89:14:010103:589,Помещение,1987.0,"квартира, жилое помещение расположено в многоквартирном доме, признанном аварийным и подлежащим сносу",Смешанные,1,1987.0,205.0,89:14:010103:105,2,Жилое,14:0,02:014,"Ямало-Ненецкий автономный округ, г Губкинский, мкр 3-й, д 26, кв 5",,,площадь,Купля-продажа,,,2025-01-24,2025-01-29,104123.35958005249,001001000000,1,,,,,,,38.1,3967100.0,,3.0,0.0
2025-04-01,89:14:010109:4654,Помещение,2024.0,,Иное,2,,101.0,89:14:010109:4564,6,Жилое,14:0,02:051,"Ямало-Ненецкий автономный округ, г Губкинский, микрорайон 9, д 43, кв 50",,,площадь,Купля-продажа,,,2025-01-24,2025-01-29,114325.64841498558,001001000000,1,,,,,,,34.7,3967100.0,,3.0,0.0
2025-04-01,89:14:010109:4711,Помещение,2024.0,,Иное,4,,101.0,89:14:010109:4564,6,Жилое,14:0,02:051,"Ямало-Ненецкий автономный округ, г Губкинский, микрорайон 9, д 43, кв 68",,,площадь,Купля-продажа,,,2025-01-13,2025-01-30,43228.22822822823,001001000000,1,,,,,,,33.3,1439500.0,,3.0,0.0
2025-04-01,89:14:010119:122,Помещение,2007.0,"Жилое помещение расположено в многоквартирном доме, признанном аварийным и подлежащим сносу или реконструкции",Смешанные,1,2007.0,507.0,89:14:010119:58,2,Жилое,14:0,02:014,"Ямало-Ненецкий автономный округ, г Губкинский, мкр 10-й, д 19, к 9",,,площадь,Купля-продажа,,,2025-01-13,2025-01-30,119958.33333333333,001001000000,1,,,,,,,12.0,1439500.0,,3.0,0.0
2025-04-01,89:14:010109:4583,Помещение,2024.0,,Иное,5,,101.0,89:14:010109:4564,6,Жилое,14:0,02:051,"Ямало-Ненецкий автономный округ, г Губкинский, микрорайон 9, д 43, кв 129",,,площадь,Купля-продажа,,,2024-12-17,2025-01-30,41727.27272727273,001001000000,1,,,,,,,33.0,1377000.0,,3.0,0.0
2025-04-01,89:14:010101:627,Помещение,1992.0,"Жилое помещение расположено в многоквартирном доме, признанном аварийным и подлежащим сносу или реконструкции. Распоряжение ""О признании многоквартирного дома 47 микрорайона 11 города Губкинского аварийным и подлежащим сносу"" №1842 от 25.11.2019 года",Бетонные,1,1992.0,205.0,89:14:010101:143,2,Жилое,14:0,02:014,"Ямало-Ненецкий автономный округ, г Губкинский, мкр 11-й, д 47, к 13",,,площадь,Купля-продажа,,,2024-12-17,2025-01-30,114750.0,001001000000,1,,,,,,,12.0,1377000.0,,3.0,0.0
2025-04-01,89:05:020111:355,Помещение,1984.0,Помещение: однокомнатная квартира,Сборно-щитовые,1,1984.0,205.0,89:05:020111:280,2,Жилое,5:0,02:014,"Ямало-Ненецкий автономный округ, р-н Пуровский, г Тарко-Сале, ул Таежная, д 1, кв 2",,,площадь,Купля-продажа,,,2024-12-28,2025-01-30,165434.78260869565,001001000000,1,,,,,,,41.4,6849000.0,,3.0,0.0
2025-04-01,89:05:020130:2256,Помещение,2023.0,Квартира,Бетонные,4,,101.0,89:05:020130:2144,6,Жилое,5:0,02:050,"Ямало-Ненецкий автономный округ, муниципальный округ Пуровский район, город Тарко-Сале, микрорайон Южный, дом 7, квартира 82",,,площадь,Купля-продажа,,,2024-12-28,2025-01-30,98278.68852459016,001001000000,1,,,,,,,48.8,4796000.0,,3.0,0.0
2025-04-01,89:08:010302:385,Помещение,1974.0,"Жилое помещение расположено в многоквартирном доме, признанном аварийным и подлежащим сносу или реконструкции",Рубленые,02,1974.0,205.0,89:08:010302:240,2,Жилое,8:0,02:014,"Ямало-Ненецкий автономный округ, г Салехард, ул Мира, д 44, кв 4",,,площадь,Купля-продажа,,,2025-01-28,2025-01-31,21060.791967871486,001001000000,1,,,,,,,49.8,1048827.44,,3.0,0.0
2025-04-01,89:14:010111:761,Помещение,1992.0,"комната - ""Жилое помещение расположено в многоквартирном доме, признанном аварийным и подлежащим сносу или реконструкции"" (Постановление Администрации города Губкинского ""О признании многоквартирного жилого дома №47 микрорайона 11 города Губкинского аварийным и подлежащим сносу"" №1842 от 25.11.2019г.)",Бетонные,2,1992.0,205.0,89:14:010101:143,2,Жилое,14:0,02:014,"Ямало-Ненецкий автономный округ, г Губкинский, мкр 11, д 47, к.45",,,площадь,Купля-продажа,,,2024-12-17,2025-01-31,114750.0,001001000000,1,,,,,,,12.0,1377000.0,,3.0,0.0
2025-04-01,89:05:020123:931,Помещение,1982.0,"Жилое помещение расположено в многоквартирном доме, признанном аварийным и подлежащим сносу или реконструкции",Сборно-щитовые,1,1982.0,205.0,89:05:020123:208,2,Жилое,5:0,02:014,"Ямало-Ненецкий автономный округ, р-н Пуровский, г Тарко-Сале, ул Сеноманская, д 8а, кв 24",,,площадь,Купля-продажа,,,2025-01-23,2025-01-31,111408.14713896457,001001000000,1,,,,,,,36.7,4088679.0,,3.0,0.0
2025-04-01,89:12:160103:794,Помещение,2016.0,квартира,Кирпичные,1,2017.0,205.0,89:12:160103:738,4,Жилое,12:0:2,02:014,"Ямало-Ненецкий автономный округ, г Ноябрьск, мкр Вынгапуровский, ул Полярная, д 13, кв 2",,,площадь,Купля-продажа,,,2025-01-29,2025-01-31,81920.90395480227,001001000000,1,,,,,,,35.4,2900000.0,,3.0,0.0
2025-04-01,89:04:020101:7940,Помещение,2015.0,Гараж №21,,1,,303.0,,,Нежилое,4:0,02:071,"Ямало-Ненецкий автономный округ, р-н Надымский, пгт Пангоды, ул Звездная, в районе примыкания улицы Звездная к улице Энергетиков, КСЭГ ""Таёжный-2001"", ряд 5, гараж № 21",,,площадь,Купля-продажа,,,2025-01-24,2025-01-31,10121.457489878543,001001000000,1,,,,,,,24.7,250000.0,,3.0,0.0
2025-04-01,89:08:020104:292,Помещение,1988.0,Помещение: квартира,Рубленые,2,1988.0,205.0,89:08:020104:154,2,Жилое,8:0,02:014,"Ямало-Ненецкий автономный округ, г Салехард, ул Маяковского, д 10, кв 7",,,площадь,Купля-продажа,,,2025-01-28,2025-01-31,100371.74721189591,001001000000,1,,,,,,,53.8,5400000.0,,3.0,0.0
2025-04-01,89:11:020208:225,Помещение,2005.0,однокомнатная квартира,Из прочих материалов,6,2005.0,101.0,89:11:020208:141,11,Жилое,11:0,02:061,"Ямало-Ненецкий автономный округ, г Новый Уренгой, ул Сибирская, д 67, кв 61, 8 квартал МЭВ",,,площадь,Купля-продажа,,,2025-02-03,2025-02-03,127182.04488778055,001001000000,1,,,,,,,40.1,5100000.0,,3.0,0.0
2025-04-01,89:10:010110:162,Помещение,2015.0,Помещение,,1,,303.0,,,Нежилое,10:0,02:071,"Ямало-Ненецкий автономный округ, г Надым, ЭЗСМ вдоль дороги на КОС, ГСК ""Строитель-96"", гараж №28",,,площадь,Купля-продажа,,,2025-01-30,2025-02-03,4784.6889952153115,001001000000,1,,,,,,,41.8,200000.0,,3.0,0.0
2025-04-01,89:11:050105:1766,Помещение,2015.0,однокомнатная квартира,,4,,101.0,,,Жилое,11:0,02:061,"Ямало-Ненецкий автономный округ, г Новый Уренгой, мкр Юбилейный, д 1, корп 1а, кв 9",,,площадь,Купля-продажа,,,2025-02-03,2025-02-04,159305.99369085173,001001000000,1,,,,,,,31.7,5050000.0,,3.0,0.0
2025-04-01,89:08:030202:887,Помещение,2015.0,Гараж,,1,,303.0,,,Нежилое,8:0,02:071,"Ямало-Ненецкий автономный округ, г Салехард, ул Б.Кнунянца, бокс № 4",,,площадь,Купля-продажа,,,2025-02-03,2025-02-04,27777.777777777777,001001000000,1,,,,,,,54.0,1500000.0,,3.0,0.0
2025-04-01,89:10:010102:1893,Помещение,1987.0,Квартира,Железобетонные,5,1987.0,101.0,89:10:010102:314,5,Жилое,10:0,02:051,"Ямало-Ненецкий автономный округ, г Надым, поселок Лесной, д 14, кв 16",,,площадь,Купля-продажа,,,2025-02-04,2025-02-05,47285.46409807356,001001000000,1,,,,,,,57.1,2700000.0,,3.0,0.0
2025-04-01,89:10:010209:619,Помещение,2019.0,,Железобетонные,4,,101.0,89:10:010209:585,11,Жилое,10:0,02:051,"Ямало-Ненецкий автономный округ, г Надым, микрорайон Олимпийский, д 6, кв 12",,,площадь,Купля-продажа,,,2025-02-04,2025-02-05,78947.36842105263,001001000000,1,,,,,,,57.0,4500000.0,,3.0,0.0
2025-04-01,89:04:020301:1339,Помещение,1990.0,Квартира,Деревянные,1,1990.0,205.0,89:04:020301:981,2,Жилое,4:0,02:014,"Ямало-Ненецкий автономный округ, р-н Надымский, п Приозерный, ул ФК-2, д 2/8, кв 9",,,площадь,Купля-продажа,,,2025-02-04,2025-02-05,4734.848484848485,001001000000,1,,,,,,,52.8,250000.0,,3.0,0.0
2025-04-01,89:14:010102:2941,Помещение,2024.0,Квартира,Из мелких бетонных блоков; Кирпичные,1,,101.0,89:14:010102:2931,6,Жилое,14:0,02:051,"Ямало-Ненецкий автономный округ, Городской округ город Губкинский, город Губкинский, микрорайон 2, дом 2, квартира 18",,,площадь,Купля-продажа,,,2025-02-03,2025-02-05,122270.74235807861,001001000000,1,,,,,,,22.9,2800000.0,,3.0,0.0
2025-04-01,89:10:010208:3262,Помещение,1989.0,трехкомнатная квартира на пятом этаже жилого дома,Крупнопанельные,5,1989.0,101.0,89:10:010208:713,10,Жилое,10:0,02:061,"Ямало-Ненецкий автономный округ, г Надым, ул Зверева, д 44, кв 207",,,площадь,Купля-продажа,,,2025-02-03,2025-02-05,110207.100591716,001001000000,1,,,,,,,67.6,7450000.0,,3.0,0.0
2025-04-01,89:11:050202:2209,Помещение,1995.0,Гараж 115,Из прочих материалов,1,1995.0,303.0,89:11:050202:176,2,Нежилое,11:0,02:071,"Ямало-Ненецкий автономный округ, г Новый Уренгой, Северная Коммунальная Зона, ПГСК ""Гараж"", гараж №115",,,площадь,Купля-продажа,,,2025-01-30,2025-02-05,67871.4859437751,001001000000,1,,,,,,,24.9,1690000.0,,3.0,0.0
2025-04-01,89:11:010303:637,Помещение,2015.0,гараж,,1,,303.0,,,Нежилое,11:0,02:071,"Ямало-Ненецкий автономный округ, г Новый Уренгой, район аэропорта, Гаражно-эксплуатационный кооператив ""Авиатор"", гараж Д-15",,,площадь,Купля-продажа,,,2022-03-10,2025-02-06,14170.04048582996,001001000000,1,,,,,,,49.4,700000.0,,3.0,0.0
2025-04-01,89:13:010111:316,Помещение,1999.0,Помещение: двухкомнатная квартира,Из легкобетонных панелей,2,1999.0,101.0,89:13:010111:74,5,Жилое,13:0,02:051,"Ямало-Ненецкий автономный округ, г Муравленко, ул Муравленко, д 36, кв 7",,,площадь,Купля-продажа,,,2025-02-04,2025-02-06,101867.57215619694,001001000000,1,,,,,,,58.9,6000000.0,,3.0,0.0
2025-04-01,89:11:010202:113,Помещение,2015.0,Гараж,,1,,303.0,,,Нежилое,11:0,02:071,"Ямало-Ненецкий автономный округ, г Новый Уренгой, Западная промзона, панель ""Е"", ПГСК Булгар, гараж № 64",,,площадь,Купля-продажа,,,2025-02-04,2025-02-06,61032.86384976526,001001000000,1,,,,,,,21.3,1300000.0,,3.0,0.0
2025-04-01,89:10:010306:1392,Помещение,2015.0,Помещение,,1,,303.0,,,Нежилое,10:0,02:071,"Ямало-Ненецкий автономный округ, г Надым, проезд 8, район котельной № 2, КССГ ""Автостоп"", гараж № 435",,,площадь,Купля-продажа,,,2025-02-01,2025-02-06,21653.543307086617,001001000000,1,,,,,,,50.8,1100000.0,,3.0,0.0
2025-04-01,89:14:010109:761,Помещение,2000.0,помещение: однокомнатная квартира,Из легкобетонных панелей,3,2000.0,101.0,89:14:010109:149,9,Жилое,14:0,02:061,"Ямало-Ненецкий автономный округ, г Губкинский, мкр 9-й, д 12, кв 12",,,площадь,Купля-продажа,,,2025-02-04,2025-02-06,158385.09316770185,001001000000,1,,,,,,,32.2,5100000.0,,3.0,0.0
2025-04-01,89:08:010107:1725,Помещение,2015.0,Гаражный бокс №8,Из прочих материалов,1,2022.0,307.0,89:08:010107:1717,1,Нежилое,8:0,02:071,"Ямало-Ненецкий автономный округ, г Салехард, ул Лесозаводская, пом 8",,,площадь,Купля-продажа,,,2025-02-06,2025-02-07,57377.049180327864,001001000000,1,,,,,,,36.6,2100000.0,,3.0,0.0
2025-04-01,89:14:010102:2980,Помещение,2024.0,Квартира,Из мелких бетонных блоков; Кирпичные,4,,101.0,89:14:010102:2931,6,Жилое,14:0,02:051,"Ямало-Ненецкий автономный округ, Городской округ город Губкинский, город Губкинский, микрорайон 2, дом 2, квартира 53",,,площадь,Купля-продажа,,,2025-02-05,2025-02-07,170000.0,001003000000,1,,,,,,,39.3,6681000.0,,3.0,0.0
2025-04-01,89:09:050109:71,Помещение,1990.0,Помещение: двухкомнатная квартира,Кирпичные,2,1990.0,205.0,89:09:050101:52,2,Жилое,9:0:1,02:051,"Ямало-Ненецкий автономный округ, г Лабытнанги, ул Орлова, д 32, кв 20",,,площадь,Купля-продажа,,,2025-02-05,2025-02-07,41322.31404958678,001001000000,1,,,,,,,48.4,2000000.0,,3.0,0.0
2025-04-01,89:14:010102:2965,Помещение,2024.0,Квартира,Из мелких бетонных блоков; Кирпичные,1,,101.0,89:14:010102:2931,6,Жилое,14:0,02:051,"Ямало-Ненецкий автономный округ, Городской округ город Губкинский, город Губкинский, микрорайон 2, дом 2, квартира 39",,,площадь,Купля-продажа,,,2025-02-07,2025-02-11,175000.0,001001000000,1,,,,,,,44.3,7752500.0,,3.0,0.0
2025-04-01,89:07:010101:3680,Помещение,1999.0,квартира,Из прочих материалов,01-02,1999.0,201.0,89:07:010101:1681,2,Жилое,7:0,02:014,"Ямало-Ненецкий автономный округ, р-н Красноселькупский, с Красноселькуп, ул Полярная, д 24, кв 4",,,площадь,Купля-продажа,,,2025-02-10,2025-02-12,49522.67303102626,001001000000,1,,,,,,,83.8,4150000.0,,3.0,0.0
2025-04-01,89:11:020207:285,Помещение,2014.0,квартира,Бетонные,2,2015.0,101.0,89:11:020207:280,7,Жилое,11:0,02:061,"Ямало-Ненецкий автономный округ, г Новый Уренгой, район Южный, мкр Тундровый, д 2, кв 38",,,площадь,Купля-продажа,,,2025-02-10,2025-02-12,159482.75862068968,001001000000,1,,,,,,,34.8,5550000.0,,3.0,0.0
2025-04-01,89:10:010202:950,Помещение,1985.0,Помещение,Крупнопанельные,4,1985.0,101.0,89:10:010203:399,7,Жилое,10:0,02:061,"Ямало-Ненецкий автономный округ, г Надым, ул Пионерская, д 1, кв 15",,,площадь,Купля-продажа,,,2025-02-06,2025-02-12,85144.92753623187,001001000000,1,,,,,,,55.2,4700000.0,,3.0,0.0
2025-04-01,89:14:010102:2979,Помещение,2024.0,Квартира,Из мелких бетонных блоков; Кирпичные,4,,101.0,89:14:010102:2931,6,Жилое,14:0,02:051,"Ямало-Ненецкий автономный округ, Городской округ город Губкинский, город Губкинский, микрорайон 2, дом 2, квартира 52",,,площадь,Купля-продажа,,,2025-02-07,2025-02-12,175000.0,001001000000,1,,,,,,,36.7,6422500.0,,3.0,0.0
2025-04-01,89:11:020205:3013,Помещение,2015.0,,,1,,303.0,,,Нежилое,11:0,02:071,"Ямало-Ненецкий автономный округ, г Новый Уренгой, Транспортников проезд, 7 строение, мкр. Заозерный, ГЭК ""Аккорд"", гараж №200",,,площадь,Купля-продажа,,,2025-02-08,2025-02-12,10638.297872340425,001001000000,1,,,,,,,23.5,250000.0,,3.0,0.0
2025-04-01,89:11:050202:782,Помещение,2015.0,гараж,,"1, подземная этажность 1",,303.0,,,Нежилое,11:0,02:071,"Ямало-Ненецкий автономный округ, г Новый Уренгой, Северная коммунальная зона, Потребительский гаражный кооператив Гараж, гараж №67",,,площадь,Купля-продажа,,,2025-02-08,2025-02-12,37593.984962406015,001001000000,1,,,,,,,53.2,2000000.0,,3.0,0.0
2025-04-01,89:12:000000:3631,Помещение,2015.0,Гараж,,1,,303.0,,,Нежилое,12:0,02:071,"Ямало-Ненецкий автономный округ, г Ноябрьск, ГК Ханто-2, ряд 14, гараж 24",,,площадь,Купля-продажа,,,2025-02-11,2025-02-13,29166.666666666668,001001000000,1,,,,,,,24.0,700000.0,,3.0,0.0
2025-04-01,89:11:050201:296,Помещение,2015.0,гараж,,1,,303.0,,,Нежилое,11:0,02:071,"Ямало-Ненецкий автономный округ, г Новый Уренгой, Северная промзона, Потребительский гаражный кооператив ""ЛАДА-97"", гараж №28",,,площадь,Купля-продажа,,,2025-02-11,2025-02-13,58309.03790087464,001001000000,1,,,,,,,34.3,2000000.0,,3.0,0.0
2025-04-01,89:08:010303:1469,Помещение,2015.0,,Иное,3,2024.0,101.0,89:08:010303:1278,9,Жилое,8:0,02:061,"Ямало-Ненецкий автономный округ, г Салехард, ул Республики, д 106, кв 87",,,площадь,Купля-продажа,,,2025-02-05,2025-02-14,175115.2073732719,001001000000,1,,,,,,,65.1,11400000.0,,3.0,0.0
2025-04-01,89:13:010105:2101,Помещение,2015.0,,Из мелких бетонных блоков,1,2020.0,101.0,89:13:010105:2079,5,Жилое,13:0,02:014,"Ямало-Ненецкий автономный округ, городской округ город Муравленко, город Муравленко, улица Украинских строителей, дом 22, квартира 2",,,площадь,Купля-продажа,,,2025-02-11,2025-02-14,90625.0,001001000000,1,,,,,,,32.0,2900000.0,,3.0,0.0
2025-04-01,89:11:010201:788,Помещение,2011.0,Гараж,Железобетонные,1,2011.0,303.0,89:11:010201:260,2,Нежилое,11:0,02:071,"Ямало-Ненецкий автономный округ, г Новый Уренгой, Западная промзона, панель ""Ж"", ОПГК ""Юг-Регион-Авто"", гараж № 286",,,площадь,Купля-продажа,,,2025-02-12,2025-02-14,51601.42348754448,001001000000,1,,,,,,,28.1,1450000.0,,3.0,0.0
2025-04-01,89:11:020203:3505,Помещение,2023.0,,Бетонные,9,,101.0,89:11:020203:3229,10,Жилое,11:0,02:061,"Ямало-Ненецкий автономный округ, городской округ Новый Уренгой, г.Новый Уренгой, ул.Сибирская, дом 31А, кв.347",,,площадь,Купля-продажа,,,2025-02-12,2025-02-14,150877.19298245615,001001000000,1,,,,,,,57.0,8600000.0,,3.0,0.0
2025-04-01,89:11:020203:3765,Помещение,2023.0,,Из мелких бетонных блоков,5,,101.0,89:11:020203:3730,11,Жилое,11:0,02:061,"Ямало-Ненецкий автономный округ, городской округ город Новый Уренгой, город Новый Уренгой, улица Таежная, дом 76А, квартира 129",,,площадь,Купля-продажа,,,2025-02-13,2025-02-17,155109.4890510949,001001000000,1,,,,,,,54.8,8500000.0,,3.0,0.0
2025-04-01,89:08:010301:2353,Помещение,2018.0,,Из мелких бетонных блоков,1,2018.0,303.0,89:08:010301:2333,1,Нежилое,8:0,04:092,"Ямало-Ненецкий автономный округ, Городской округ город Салехард, г Салехард, Площадка №13, Строение 26, Помещение 18",,,площадь,Купля-продажа,,,2025-02-13,2025-02-17,64214.04682274248,001001000000,1,,,,,,,29.9,1920000.0,,3.0,0.0
2025-04-01,89:14:010102:2978,Помещение,2024.0,Квартира,Из мелких бетонных блоков; Кирпичные,4,,101.0,89:14:010102:2931,6,Жилое,14:0,02:051,"Ямало-Ненецкий автономный округ, Городской округ город Губкинский, город Губкинский, микрорайон 2, дом 2, квартира 51",,,площадь,Купля-продажа,,,2025-02-13,2025-02-17,175000.0,001003000000,1,,,,,,,40.2,7035000.0,,3.0,0.0
2025-04-01,89:11:020302:1606,Помещение,1984.0,трёхкомнатная квартира,Из мелких бетонных блоков,2,1984.0,101.0,89:11:020302:191,10,Жилое,11:0,02:061,"Ямало-Ненецкий автономный округ, г Новый Уренгой, ул 26 Съезда КПСС, д 6, кв 5",,,площадь,Купля-продажа,,,2025-02-15,2025-02-17,142384.10596026492,001001000000,1,,,,,,,60.4,8600000.0,,3.0,0.0
2025-04-01,89:06:010104:1917,Помещение,2016.0,Квартира,Из мелких бетонных блоков,2,2016.0,205.0,89:06:010104:1885,3,Жилое,6:0,02:051,"Ямало-Ненецкий автономный округ, р-н Тазовский, п Тазовский, ул Ленина, д 1, кв 21",,,площадь,Купля-продажа,,,2025-02-13,2025-02-17,164383.56164383562,001001000000,1,,,,,,,36.5,6000000.0,,3.0,0.0
2025-04-01,89:12:110617:2042,Помещение,1988.0,Комната,Смешанные,2,1988.0,507.0,89:12:110617:431,2,Жилое,12:0,02:061,"Ямало-Ненецкий автономный округ, г Ноябрьск, ул Северная, д 4, к 21",,,площадь,Купля-продажа,,,2025-02-14,2025-02-17,164373.46153846153,001001000000,1,,,,,,,26.0,4273710.0,,3.0,0.0
2025-04-01,89:12:110606:2660,Помещение,2022.0,,Из мелких бетонных блоков,1,,101.0,89:12:110606:2648,6,Жилое,12:0,02:051,"Ямало-Ненецкий автономный округ, город Ноябрьск г о, г Ноябрьск, ул Республики, д 44, кв 19",,,площадь,Купля-продажа,,,2025-02-13,2025-02-17,71174.37722419928,001001000000,1,,,,,,,56.2,4000000.0,,3.0,0.0
2025-04-01,89:11:050103:3906,Помещение,1989.0,однокомнатная квартира,Железобетонные,8,1989.0,101.0,89:11:050103:3044,11,Жилое,11:0,02:061,"Ямало-Ненецкий автономный округ, г Новый Уренгой, мкр Мирный, д 5, корп 2, кв 110",,,площадь,Купля-продажа,,,2025-02-15,2025-02-17,192307.6923076923,001001000000,1,,,,,,,36.4,7000000.0,,3.0,0.0
2025-04-01,89:11:000000:6503,Помещение,2015.0,гараж,,1,,303.0,,,Нежилое,11:0,02:071,"Ямало-Ненецкий автономный округ, г Новый Уренгой, Северная Коммунальная Зона, Гаражный кооператив ""Автодом"", гараж № 67",,,площадь,Купля-продажа,,,2025-02-14,2025-02-18,83333.33333333334,001001000000,1,,,,,,,22.2,1850000.0,,3.0,0.0
2025-04-01,89:14:010102:2977,Помещение,2024.0,Квартира,Из мелких бетонных блоков; Кирпичные,4,,101.0,89:14:010102:2931,6,Жилое,14:0,02:051,"Ямало-Ненецкий автономный округ, Городской округ город Губкинский, город Губкинский, микрорайон 2, дом 2, квартира 50",,,площадь,Купля-продажа,,,2025-02-14,2025-02-18,175000.0,001001000000,1,,,,,,,38.3,6702500.0,,3.0,0.0
2025-04-01,89:12:000000:3789,Помещение,2015.0,Гараж,,1,,303.0,,,Нежилое,12:0,02:071,"Ямало-Ненецкий автономный округ, г Ноябрьск, ГК Ханто-2, ряд 23, гараж 34",,,площадь,Купля-продажа,,,2025-02-14,2025-02-18,25000.0,001001000000,1,,,,,,,24.0,600000.0,,3.0,0.0
2025-04-01,89:12:110709:1402,Помещение,1991.0,двухкомнатная квартира,Крупнопанельные,4,1991.0,101.0,89:12:110709:222,5,Жилое,12:0,02:061,"Ямало-Ненецкий автономный округ, г Ноябрьск, ул Цоя, д 9б, кв 40",,,площадь,Купля-продажа,,,2025-02-11,2025-02-18,116959.0643274854,001001000000,1,,,,,,,51.3,6000000.0,,3.0,0.0
2025-04-01,89:11:030101:2087,Помещение,2015.0,квартира,Из прочих материалов,7,2015.0,101.0,89:11:030101:1892,11,Жилое,11:0,02:061,"Ямало-Ненецкий автономный округ, г Новый Уренгой, район Южный, пр-кт Губкина, д 26, кв 181",,,площадь,Купля-продажа,,,2025-02-13,2025-02-18,183212.9963898917,001001000000,1,,,,,,,55.4,10150000.0,,3.0,0.0
2025-04-01,89:05:030301:3032,Помещение,1996.0,квартира,Смешанные,2,1996.0,205.0,89:05:030301:2056,3,Жилое,14:0:1,02:014,"Ямало-Ненецкий автономный округ, городской округ город Губкинский, город Губкинский, территория Пурпе-1, улица Российская, дом 11, квартира 9",,,площадь,Купля-продажа,,,2025-02-14,2025-02-18,63739.37677053825,001001000000,1,,,,,,,70.6,4500000.0,,3.0,0.0
2025-04-01,89:05:020105:711,Помещение,2015.0,Нежилое помещение,Из мелких бетонных блоков,техническое подполье,2014.0,209.0,89:05:020105:209,4,Нежилое,5:0,02:014,"Российская Федерация, Ямало-Ненецкий автономный округ, Пуровский район, г. Тарко-Сале, ул. Геологов, д. 12, пом 2П, помещение 2",,,площадь,Купля-продажа,,,2025-02-14,2025-02-18,36572.62277951933,001001000000,1,,,,,,,95.7,3500000.0,,3.0,0.0
2025-04-01,89:08:010201:1751,Помещение,2008.0,Помещение: квартира,Монолитные,5,2008.0,101.0,89:08:010201:400,8,Жилое,8:0,02:051,"Ямало-Ненецкий автономный округ, г Салехард, ул Ямальская, д 1, кв 52",,,площадь,Купля-продажа,,,2025-02-14,2025-02-18,218855.21885521887,001001000000,1,,,,,,,29.7,6500000.0,,3.0,0.0
2025-04-01,89:05:000000:11244,Помещение,2015.0,Гаражный бокс,,1,,303.0,,,Нежилое,5:0,02:071,"Ямало-Ненецкий автономный округ, р-н Пуровский, г Тарко-Сале, Район Бани, ряд №3, участок №61",,,площадь,Купля-продажа,,,2025-02-13,2025-02-18,44554.455445544554,001001000000,1,,,,,,,20.2,900000.0,,3.0,0.0
2025-04-01,89:09:110401:483,Помещение,2015.0,бокс 22,,1,,303.0,,,Нежилое,9:2,02:071,"Ямало-Ненецкий автономный округ, р-н Приуральский, п Харп, кв-л Северный, гаражная площадка №2, блок Б, бокс №22",,,площадь,Купля-продажа,,,2025-02-14,2025-02-18,59845.55984555985,001001000000,1,,,,,,,25.9,1550000.0,,3.0,0.0
2025-04-01,89:11:020303:2446,Помещение,1984.0,"нежилое помещение: Консультативно-диагностический медицинский центр ""Семья плюс""",Из мелких бетонных блоков,1,1984.0,107.0,89:11:020303:198,9,Нежилое,11:0,02:061,"Ямало-Ненецкий автономный округ, г Новый Уренгой, просп Ленинградский, д 10",,,площадь,Купля-продажа,,,2025-02-14,2025-02-18,200668.89632107023,001001000000,1,,,,,,,59.8,12000000.0,,3.0,0.0
2025-04-01,89:08:010107:1841,Помещение,2024.0,,Бетонные,1,,303.0,89:08:010107:1837,1,Нежилое,8:0,02:071,"Ямало-Ненецкий автономный округ, городской округ город Салехард, город Салехард, ул Лесозаводская, гаражный бокс №4",,,площадь,Купля-продажа,,,2025-02-07,2025-02-18,71428.57142857143,001001000000,1,,,,,,,34.3,2450000.0,,3.0,0.0
2025-04-01,89:11:050203:356,Помещение,2015.0,часть здания: гараж,,1,,303.0,,,Нежилое,11:0,02:071,"Ямало-Ненецкий автономный округ, г Новый Уренгой, Северная Коммунальная Зона, Потребительский гаражно-строительный кооператив ""За рулем"", гараж № 80",,,площадь,Купля-продажа,,,2025-02-14,2025-02-18,53941.908713692945,001001000000,1,,,,,,,24.1,1300000.0,,3.0,0.0
2025-04-01,89:12:000000:3858,Помещение,2015.0,Гараж,,1,,303.0,,,Нежилое,12:0,02:071,"Ямало-Ненецкий автономный округ, г Ноябрьск, ГК Ханто-2, ряд 47, гараж 58",,,площадь,Купля-продажа,,,2025-02-14,2025-02-18,21666.666666666668,001001000000,1,,,,,,,24.0,520000.0,,3.0,0.0
2025-04-01,89:08:010304:1211,Помещение,1993.0,Помещение: квартира,Деревянные,1,1993.0,205.0,89:08:010304:806,1,Жилое,8:0,02:014,"Ямало-Ненецкий автономный округ, г Салехард, ул Деповская, д 11, кв 2",,,площадь,Купля-продажа,,,2025-02-15,2025-02-18,96541.78674351584,001001000000,1,,,,,,,34.7,3350000.0,,3.0,0.0
2025-04-01,89:12:110707:2317,Помещение,1985.0,двухкомнатная квартира,Железобетонные,3,1985.0,101.0,89:12:110707:2047,5,Жилое,12:0,02:061,"Ямало-Ненецкий автономный округ, г Ноябрьск, ул Ленина, д 70, кв 81",,,площадь,Купля-продажа,,,2025-02-18,2025-02-19,156314.69979296066,001003000000,1,,,,,,,48.3,7550000.0,,3.0,0.0
2025-04-01,89:06:010102:1855,Помещение,2023.0,,Из мелких бетонных блоков,2,,205.0,89:06:010102:1846,4,Жилое,6:0,02:014,"Ямало-Ненецкий автономный округ, муниципальный округ Тазовский район, поселок Тазовский, улица Взлетная, дом 4, квартира 17",,,площадь,Купля-продажа,,,2025-02-18,2025-02-19,168421.05263157896,001003000000,1,,,,,,,47.5,8000000.0,,3.0,0.0
2025-04-01,89:10:010208:5881,Помещение,1975.0,квартира,Крупнопанельные,4,1975.0,101.0,89:10:010208:776,5,Жилое,10:0,02:051,"Ямало-Ненецкий автономный округ, город Надым, улица Зверева, дом 4, квартира 81",,,площадь,Купля-продажа,,,2025-02-18,2025-02-19,51940.6392694064,001001000000,1,,,,,,,87.6,4550000.0,,3.0,0.0
2025-04-01,89:11:000000:7536,Помещение,2005.0,Гараж,Из прочих материалов,1,2005.0,303.0,89:11:000000:2252,1,Нежилое,11:0,02:071,"Ямало-Ненецкий автономный округ, г Новый Уренгой, Северная коммунальная зона, ПГЭК ""Трасса"" гаражная ячейка №355",,,площадь,Купля-продажа,,,2025-02-18,2025-02-19,74468.08510638298,001001000000,1,,,,,,,28.2,2100000.0,,3.0,0.0
2025-04-01,89:11:080201:6493,Помещение,2015.0,Гараж 55,,1,,303.0,,,Нежилое,11:0:2,02:071,"Ямало-Ненецкий автономный округ, г Новый Уренгой, район Коротчаево, ул Речников, ГСЭК ""Ауди"", гараж №55",,,площадь,Купля-продажа,,,2025-02-18,2025-02-19,23668.63905325444,001001000000,1,,,,,,,33.8,800000.0,,3.0,0.0
2025-04-01,89:14:020103:518,Помещение,2015.0,гараж,,1,,303.0,,,Нежилое,14:0,02:071,"Ямало-Ненецкий автономный округ, г Губкинский, промышленная зона, панель № 5, ГСК ""СФЕРА"", блок № 21, гараж № 450",,,площадь,Купля-продажа,,,2025-02-18,2025-02-19,19873.817034700314,001001000000,1,,,,,,,31.7,630000.0,,3.0,0.0
2025-04-01,89:04:020201:1213,Помещение,1983.0,Квартира,Деревянные,2,1983.0,205.0,89:04:020201:750,2,Жилое,4:0,03:080,"Ямало-Ненецкий автономный округ, р-н Надымский, п Лонгъюган, д 19, кв 11",,,площадь,Купля-продажа,,,2025-02-15,2025-02-19,8982.035928143712,001001000000,1,,,,,,,66.8,600000.0,,3.0,0.0
2025-04-01,89:12:000000:4322,Помещение,2015.0,Гараж,,1,,303.0,,,Нежилое,12:0,02:071,"Ямало-Ненецкий автономный округ, г Ноябрьск, ГК Ханто-2, ряд 11, гараж 46",,,площадь,Купля-продажа,,,2025-02-15,2025-02-19,29166.666666666668,001001000000,1,,,,,,,24.0,700000.0,,3.0,0.0
2025-04-01,89:10:000000:3263,Помещение,2015.0,Гараж,,1,,303.0,,,Нежилое,10:0,02:071,"Ямало-Ненецкий автономный округ, г Надым, за административным зданием ОАО Надымспецсвармонтаж вдоль автодороги Надым-Аэропорт, гараж №2",,,площадь,Купля-продажа,,,2024-11-21,2025-02-19,12555.066079295155,001001000000,1,,,,,,,22.7,285000.0,,3.0,0.0
2025-04-01,89:08:000000:2440,Помещение,2015.0,Гараж,,1,,303.0,,,Нежилое,8:0,02:071,"Ямало-Ненецкий автономный округ, г Салехард, ул Зои Космодемьянской, площадка 14, строение 2, бокс 17",,,площадь,Купля-продажа,,,2025-02-16,2025-02-19,39215.686274509804,001001000000,1,,,,,,,25.5,1000000.0,,3.0,0.0
2025-04-01,89:12:110903:257,Помещение,2015.0,гараж №4,,1,,303.0,,,Нежилое,12:0,02:071,"Ямало-Ненецкий автономный округ, г Ноябрьск, гск ГПК Магистраль, ряд № 4, гараж № 4",,,площадь,Купля-продажа,,,2025-02-15,2025-02-19,10452.961672473868,001001000000,1,,,,,,,28.7,300000.0,,3.0,0.0
2025-04-01,89:12:110703:396,Помещение,1991.0,Квартира,Крупнопанельные,2,1991.0,101.0,89:12:110703:243,5,Жилое,12:0,02:061,"Ямало-Ненецкий автономный округ, г Ноябрьск, ул Советская, д 98А, кв 48",,,площадь,Купля-продажа,,,2025-02-15,2025-02-19,123046.875,001001000000,1,,,,,,,51.2,6300000.0,,3.0,0.0
2025-04-01,89:11:050103:1384,Помещение,1989.0,однокомнатная квартира,Железобетонные,5,1989.0,101.0,89:11:050103:266,11,Жилое,11:0,02:061,"Ямало-Ненецкий автономный округ, г Новый Уренгой, мкр Мирный, д 2, корп 4, кв 58",,,площадь,Купля-продажа,,,2025-02-19,2025-02-20,165289.2561983471,001003000000,1,,,,,,,36.3,6000000.0,,3.0,0.0
2025-04-01,89:11:050103:3787,Помещение,1989.0,помещение: трёхкомнатная квартира,Железобетонные,3,1989.0,101.0,89:11:050103:282,11,Жилое,11:0,02:061,"Ямало-Ненецкий автономный округ, г Новый Уренгой, мкр Мирный, д 5, корп 3, кв 12",,,площадь,Купля-продажа,,,2025-02-18,2025-02-20,58224.163027656476,001001000000,1,,,,,,,68.7,4000000.0,,3.0,0.0
2025-04-01,89:13:010104:1148,Помещение,1986.0,трёхкомнатная квартира,Крупнопанельные,5,1986.0,101.0,89:13:010104:163,5,Жилое,13:0,02:051,"Ямало-Ненецкий автономный округ, г Муравленко, ул Комсомольская, д 1, кв 30",,,площадь,Купля-продажа,,,2025-02-18,2025-02-20,88055.1301684533,001001000000,1,,,,,,,65.3,5750000.0,,3.0,0.0
2025-04-01,89:11:020204:1600,Помещение,2015.0,Квартира,Из прочих материалов,4,2024.0,101.0,89:11:020204:1555,10,Жилое,11:0,02:061,"Ямало-Ненецкий автономный округ, город Новый Уренгой, микрорайон Созидателей, дом 2 корпус 4, квартира 49",,,площадь,Купля-продажа,,,2025-02-18,2025-02-20,218045.11278195487,001001000000,1,,,,,,,26.6,5800000.0,,3.0,0.0
2025-04-01,89:12:110707:1477,Помещение,1984.0,Помещение: однокомнатная квартира,Крупнопанельные,1,1984.0,101.0,89:12:110707:203,5,Жилое,12:0,02:061,"Ямало-Ненецкий автономный округ, г Ноябрьск, ул Ленина, д 68, кв 48",,,площадь,Купля-продажа,,,2025-02-14,2025-02-20,86340.20618556702,001001000000,1,,,,,,,38.8,3350000.0,,3.0,0.0
2025-04-01,89:10:010207:1799,Помещение,1987.0,Двухкомнатная квартира,Железобетонные,7,1987.0,101.0,89:10:010208:643,9,Жилое,10:0,02:061,"Ямало-Ненецкий автономный округ, г Надым, ул Зверева, д 47, кв 53",,,площадь,Купля-продажа,,,2025-02-20,2025-02-21,85610.20036429873,001003000000,1,,,,,,,54.9,4700000.0,,3.0,0.0
2025-04-01,89:11:020202:628,Помещение,1988.0,,Железобетонные,5,1988.0,101.0,89:11:020202:113,6,Жилое,11:0,02:051,"Ямало-Ненецкий автономный округ, городской округ город Новый Уренгой, город Новый Уренгой, микрорайон Юбилейный, дом 2 корпус 3, квартира 69",,,площадь,Купля-продажа,,,2025-02-18,2025-02-21,152873.5632183908,001001000000,1,,,,,,,43.5,6650000.0,,3.0,0.0
2025-04-01,89:12:110704:756,Помещение,2013.0,Квартира,Монолитные,9,,101.0,89:12:110704:249,10,Жилое,12:0,02:061,"Ямало-Ненецкий автономный округ, г Ноябрьск, ул Советская, д 106, кв 402",,,площадь,Купля-продажа,,,2025-02-19,2025-02-21,143695.01466275658,001001000000,1,,,,,,,34.1,4900000.0,,3.0,0.0
2025-04-01,89:13:010102:920,Помещение,1987.0,Квартира,Крупнопанельные,3,,101.0,89:13:010102:251,5,Жилое,13:0,02:051,"Ямало-Ненецкий автономный округ, г Муравленко, ул Ленина, д 95, кв 39",,,площадь,Купля-продажа,,,2025-02-21,2025-02-24,111367.12749615977,001001000000,1,,,,,,,65.1,7250000.0,,3.0,0.0
2025-04-01,89:13:010111:890,Помещение,1995.0,двухкомнатная квартира,Крупнопанельные,3,,101.0,89:13:010111:182,5,Жилое,13:0,02:051,"Ямало-Ненецкий автономный округ, городской округ город Муравленко, город Муравленко, улица Российская, дом 42, квартира 39",,,площадь,Купля-продажа,,,2024-12-12,2025-02-24,53697.00787401575,001001000000,1,,,,,,,50.8,2727808.0,,3.0,0.0
2025-04-01,89:10:000000:3358,Помещение,2015.0,Гараж №1,,2,,303.0,,,Нежилое,10:0,02:071,"Ямало-Ненецкий автономный округ, г Надым, ул Зверева, гараж №1, Союз кооперативов ""Поиск""",,,площадь,Купля-продажа,,,2025-02-21,2025-02-25,29126.21359223301,001001000000,1,,,,,,,41.2,1200000.0,,3.0,0.0
2025-04-01,89:08:010301:4507,Помещение,2015.0,Гаражный бокс №3,Иное,1,2024.0,303.0,89:08:010301:4504,1,Нежилое,8:0,02:071,"Ямало-Ненецкий автономный округ, городской округ город Салехард, город Салехард, территория Площадка N13, земельный участок 34/9",,,площадь,Купля-продажа,,,2025-02-20,2025-02-25,112.86681715575621,001001000000,1,,,,,,,88.6,10000.0,,3.0,0.0
2025-04-01,89:10:010301:262,Помещение,2017.0,Помещение,Железобетонные,1,2017.0,303.0,89:10:010301:249,1,Нежилое,10:0,02:071,"Ямало-Ненецкий автономный округ, г Надым, территория ГСК ""Прогресс"", строен 7, гараж №99",,,площадь,Купля-продажа,,,2025-02-21,2025-02-25,16260.162601626016,001001000000,1,,,,,,,24.6,400000.0,,3.0,0.0
2025-04-01,89:11:020203:3624,Помещение,2023.0,,Бетонные,Ц,,107.0,89:11:020203:3229,10,Нежилое,11:0,02:061,"Ямало-Ненецкий автономный округ, городской округ Новый Уренгой, г.Новый Уренгой, ул.Сибирская, дом 31А, помещение №77",,,площадь,Купля-продажа,,,2025-02-21,2025-02-25,129464.28571428572,001001000000,1,,,,,,,22.4,2900000.0,,3.0,0.0
2025-04-01,89:12:110702:2204,Помещение,1989.0,двухкомнатная квартира,Железобетонные,1,1989.0,101.0,89:12:110702:2426,6,Жилое,12:0,02:061,"Ямало-Ненецкий автономный округ, г Ноябрьск, ул 8 марта, д 8, кв 16",,,площадь,Купля-продажа,,,2025-02-24,2025-02-25,142857.14285714287,001001000000,1,,,,,,,52.5,7500000.0,,3.0,0.0
2025-04-01,89:12:110406:2115,Помещение,2015.0,,,2,,205.0,,,Жилое,12:0,02:014,"Ямало-Ненецкий автономный округ, городской округ город Ноябрьск, улица Сибирская, дом 191, квартира 13",,,площадь,Купля-продажа,,,2025-02-25,2025-02-26,132812.5,001001000000,1,,,,,,,25.6,3400000.0,,3.0,0.0
2025-04-01,89:14:020103:1002,Помещение,2015.0,гараж,,1,,303.0,,,Нежилое,14:0,02:071,"Ямало-Ненецкий автономный округ, г Губкинский, промышленная зона, ГСК ""Сфера"", Панель 5, блок №27, гараж №553",,,площадь,Купля-продажа,,,2025-02-24,2025-02-26,42698.0198019802,001001000000,1,,,,,,,40.4,1725000.0,,3.0,0.0
2025-04-01,89:10:010306:2849,Помещение,2017.0,,Железобетонные,1,2017.0,303.0,89:10:010306:1665,1,Нежилое,10:0,02:071,"Ямало-Ненецкий автономный округ, г Надым, территория КССГ ""Автостоп"", строение 7, гараж №95",,,площадь,Купля-продажа,,,2025-02-24,2025-02-26,18939.39393939394,001001000000,1,,,,,,,52.8,1000000.0,,3.0,0.0
2025-04-01,89:10:000000:3282,Помещение,2015.0,гараж,,1,,303.0,,,Нежилое,11:0,02:071,"Ямало-Ненецкий автономный округ, г Новый Уренгой, Восточная промзона, гараж №81",,,площадь,Купля-продажа,,,2025-02-24,2025-02-26,45811.51832460733,001001000000,1,,,,,,,19.1,875000.0,,3.0,0.0
2025-04-01,89:11:070101:3603,Помещение,2015.0,Гараж №10,,1,,303.0,,,Нежилое,11:0:1,02:071,"Ямало-Ненецкий автономный округ, г Новый Уренгой, район Лимбяяха, ГПК ""Ермак"", гараж № 10",,,площадь,Купля-продажа,,,2025-02-25,2025-02-27,27874.564459930316,001001000000,1,,,,,,,28.7,800000.0,,3.0,0.0
2025-04-01,89:10:010305:657,Помещение,2015.0,гараж,,1,,303.0,,,Нежилое,10:0,02:071,"Ямало-Ненецкий автономный округ, г.Надым, промзона, панель ""М"", ПК ГСК ""Харлей"", гараж №121",,,площадь,Купля-продажа,,,2025-02-25,2025-02-27,5813.953488372093,001001000000,1,,,,,,,51.6,300000.0,,3.0,0.0
2025-04-01,89:14:010129:1168,Помещение,2015.0,,Смешанные,4,2012.0,205.0,89:14:010129:371,4,Жилое,14:0,02:014,"Ямало-Ненецкий автономный округ, городской округ город Губкинский, город Губкинский, микрорайон № 13, дом 100, квартира 9",,,площадь,Купля-продажа,,,2025-02-24,2025-02-27,73746.31268436578,001001000000,1,,,,,,,67.8,5000000.0,,3.0,0.0
2025-04-01,89:08:010201:453,Помещение,2006.0,однокомнатная квартира,Монолитные,4,2006.0,101.0,89:08:010201:267,8,Жилое,8:0,02:014,"Ямало-Ненецкий автономный округ, г Салехард, ул Арктическая, д 2, кв 17",,,площадь,Купля-продажа,,,2025-02-27,2025-02-28,218120.8053691275,001001000000,1,,,,,,,29.8,6500000.0,,3.0,0.0
2025-04-01,89:05:030101:435,Помещение,2004.0,Квартира,Кирпичные,1,2004.0,201.0,89:05:030101:385,1,Жилое,5:1,02:014,"Ямало-Ненецкий автономный округ, р-н Пуровский, с Халясавэй, ул Школьная, д 7, кв 1",,,площадь,Купля-продажа,,,2025-02-27,2025-02-28,92592.5925925926,001001000000,1,,,,,,,59.4,5500000.0,,3.0,0.0
2025-04-01,89:12:110604:565,Помещение,2004.0,Трёхкомнатная квартира,Деревянные,1,,205.0,89:12:110601:4808,2,Жилое,12:0,02:061,"Ямало-Ненецкий автономный округ, городской округ город Ноябрьск, город Ноябрьск, улица Советская, дом 5, квартира 13",,,площадь,Купля-продажа,,,2025-02-25,2025-02-28,116757.67918088737,001001000000,1,,,,,,,58.6,6842000.0,,3.0,0.0
2025-04-01,89:13:010101:954,Помещение,1985.0,двухкомнатная квартира,Крупнопанельные,2,,205.0,89:13:010101:190,2,Жилое,13:0,02:014,"Ямало-Ненецкий автономный округ, г Муравленко, ул Губкина, д 32, кв 8",,,площадь,Купля-продажа,,,2025-02-27,2025-02-28,89211.6182572614,001003000000,1,,,,,,,48.2,4300000.0,,3.0,0.0
2025-04-01,89:12:110613:1835,Помещение,1983.0,Квартира в многоквартирном доме,Деревянные,2,1983.0,205.0,89:12:110612:98,2,Жилое,12:0,02:061,"Ямало-Ненецкий автономный округ, г Ноябрьск, ул Ленина, д 13, кв 8",,,площадь,Купля-продажа,,,2025-02-26,2025-02-28,117905.13833992094,001001000000,1,,,,,,,50.6,5966000.0,,3.0,0.0
2025-04-01,89:11:020302:1264,Помещение,1983.0,двухкомнатная квартира,Смешанные,2,1983.0,101.0,89:11:020302:180,5,Жилое,11:0,02:051,"Ямало-Ненецкий автономный округ, г Новый Уренгой, ул 26 Съезда КПСС, д 4, кв 13",,,площадь,Купля-продажа,,,2025-03-01,2025-03-03,137992.83154121865,001001000000,1,,,,,,,55.8,7700000.0,,3.0,0.0
2025-04-01,89:12:110709:1425,Помещение,1991.0,Квартира,Крупнопанельные,1,1991.0,101.0,89:12:110709:222,5,Жилое,12:0,02:061,"Ямало-Ненецкий автономный округ, городской округ город Ноябрьск, город Ноябрьск, улица Цоя, дом 9б, квартира 17",,,площадь,Купля-продажа,,,2025-02-27,2025-03-03,125000.0,001001000000,1,,,,,,,34.4,4300000.0,,3.0,0.0
2025-04-01,89:10:010107:733,Помещение,1971.0,Двухкомнатная квартира,Из прочих материалов,1,,101.0,89:10:010208:545,5,Жилое,10:0,02:051,"Ямало-Ненецкий автономный округ, г Надым, ул Зверева, д 1, кв 63",,,площадь,Купля-продажа,,,2025-02-26,2025-03-03,81018.51851851851,001001000000,1,,,,,,,43.2,3500000.0,,3.0,0.0
2025-04-01,89:14:010112:838,Помещение,2003.0,помещение: Кладовая,Из мелких бетонных блоков,1,2003.0,209.0,89:14:010102:96,3,Нежилое,14:0,02:014,"Ямало-Ненецкий автономный округ, г Губкинский, мкр 12, д 30, кладовая №10",,,площадь,Купля-продажа,,,2025-03-01,2025-03-04,60150.37593984962,001001000000,1,,,,,,,13.3,800000.0,,3.0,0.0
2025-04-01,89:14:010112:832,Помещение,2015.0,часть здания: Гараж,,1,,303.0,,,Нежилое,14:0,02:071,"Ямало-Ненецкий автономный округ, г Губкинский, мкр 12, д 30, гараж №10",,,площадь,Купля-продажа,,,2025-03-01,2025-03-04,32258.06451612903,001001000000,1,,,,,,,24.8,800000.0,,3.0,0.0
2025-04-01,89:10:010102:869,Помещение,1994.0,Двухкомнатная квартира,Смешанные,1,1994.0,101.0,89:10:010102:414,6,Жилое,10:0,02:051,"Ямало-Ненецкий автономный округ, г Надым, ул Ю.Топчева, д 9, кв 31",,,площадь,Купля-продажа,,,2025-02-28,2025-03-04,68421.05263157895,001001000000,1,,,,,,,57.0,3900000.0,,3.0,0.0
2025-04-01,89:05:000000:12217,Помещение,2015.0,Индивидуальный гараж,,1,,303.0,,,Нежилое,5:0,02:071,"Ямало-Ненецкий автономный округ, р-н Пуровский, г Тарко-Сале, Район ул Совхозная, ряд №3, гараж №37",,,площадь,Купля-продажа,,,2019-01-26,2025-03-04,10416.666666666666,001001000000,1,,,,,,,24.0,250000.0,,3.0,0.0
2025-04-01,89:11:020205:1833,Помещение,2015.0,Гараж 82,Железобетонные,1,,303.0,89:11:020205:378,1,Нежилое,11:0,02:071,"Ямало-Ненецкий автономный округ, г Новый Уренгой, п. Заозерный, ул. Строителей д. 2, ГК Заозерный, гараж № 82",,,площадь,Купля-продажа,,,2025-02-28,2025-03-04,38659.79381443299,001001000000,1,,,,,,,19.4,750000.0,,3.0,0.0
2025-04-01,89:11:020304:2122,Помещение,1984.0,трёхкомнатная квартира,Из прочих материалов,5,1984.0,101.0,89:11:020304:161,10,Жилое,11:0,02:061,"Ямало-Ненецкий автономный округ, г Новый Уренгой, пр-кт Ленинградский, д 8, кв 195",,,площадь,Купля-продажа,,,2025-03-03,2025-03-04,118443.31641285955,001001000000,1,,,,,,,59.1,7000000.0,,3.0,0.0
2025-04-01,89:08:010301:1230,Помещение,2015.0,бокс№ 28,,1,,303.0,,,Нежилое,8:0,02:071,"Ямало-Ненецкий автономный округ, г Салехард, Восточная часть города, площадка 13, строение 9, бокс 28",,,площадь,Купля-продажа,,,2025-02-27,2025-03-04,70175.43859649122,001001000000,1,,,,,,,28.5,2000000.0,,3.0,0.0
2025-04-01,89:09:010101:810,Помещение,2015.0,часть здания: гараж в капитальном исполнении,,1,,303.0,,,Нежилое,9:0,02:071,"Ямало-Ненецкий автономный округ, г Лабытнанги, ул Геологов, гаражная площадка №19, гараж (бокс) №52",,,площадь,Купля-продажа,,,2025-03-03,2025-03-05,93495.93495934959,001001000000,1,,,,,,,24.6,2300000.0,,3.0,0.0
2025-04-01,89:13:010107:125,Помещение,1989.0,Помещение: двухкомнатная квартира,Крупнопанельные,1,1989.0,101.0,89:13:010107:49,5,Жилое,13:0,02:051,"Ямало-Ненецкий автономный округ, городской округ город Муравленко, город Муравленко, улица Муравленко, дом 13, квартира 47",,,площадь,Купля-продажа,,,2025-03-03,2025-03-05,83333.33333333333,001001000000,1,,,,,,,48.0,4000000.0,,3.0,0.0
2025-04-01,89:13:010111:973,Помещение,1995.0,двухкомнатная квартира,Крупнопанельные,4,,101.0,89:13:010111:184,5,Жилое,13:0,02:051,"Ямало-Ненецкий автономный округ, г Муравленко, ул Российская, д 38, кв 25",,,площадь,Купля-продажа,,,2025-02-24,2025-03-05,97276.26459143969,001001000000,1,,,,,,,51.4,5000000.0,,3.0,0.0
2025-04-01,89:08:000000:2558,Помещение,2015.0,Гараж в капитальном исполнении,,1,,303.0,,,Нежилое,8:0,02:071,"Ямало-Ненецкий автономный округ, г Салехард, Площадка №16, строение 6, Бокс №12",,,площадь,Купля-продажа,,,2025-03-06,2025-03-06,38793.10344827586,001001000000,1,,,,,,,23.2,900000.0,,3.0,0.0
2025-04-01,89:04:011201:3225,Помещение,1992.0,"Помещение, расположенное в многоквартирном доме признанным аварийным и подлежащим сносу или реконструкции. Распоряжение Администрации Надымского района ""О признании многоквартирного дома аварийным и подлежащим сносу"" от 29.01.2025 №59-ркз",Сборно-щитовые,1,1992.0,201.0,89:04:011201:999,1,Жилое,4:0,02:031,"Ямало-Ненецкий  автономный округ, р-н Надымский, пос Правохеттинский, ул Газовиков, д 1а, кв 1",,,площадь,Купля-продажа,,,2025-03-06,2025-03-06,25873.2212160414,001001000000,1,,,,,,,77.3,2000000.0,,3.0,0.0
2025-04-01,89:12:110406:2233,Помещение,2018.0,Нежилое помещение,Кирпичные,2,2019.0,303.0,89:12:110406:1180,2,Нежилое,12:0,02:071,"Ямало-Ненецкий автономный округ, город Ноябрьск г.о., г Ноябрьск, ул Муравленко, д 6в, пом 28",,,площадь,Купля-продажа,,,2025-03-03,2025-03-06,8928.571428571428,001001000000,1,,,,,,,61.6,550000.0,,3.0,0.0
2025-04-01,89:11:050203:989,Помещение,2015.0,,,1,,303.0,,,Нежилое,11:0,02:071,"Ямало-Ненецкий автономный округ, г Новый Уренгой, Северная коммунальная зона, ПГСК ""За рулём 1"", гараж №21",,,площадь,Купля-продажа,,,2025-03-04,2025-03-06,30575.539568345324,001001000000,1,,,,,,,27.8,850000.0,,3.0,0.0
2025-04-01,89:08:010301:4512,Помещение,2015.0,Гаражный бокс №8,Иное,1,2024.0,303.0,89:08:010301:4504,1,Нежилое,8:0,02:071,"Ямало-Ненецкий автономный округ, городской округ город Салехард, город Салехард, территория Площадка N13, земельный участок 34/9",,,площадь,Купля-продажа,,,2025-02-20,2025-03-06,110.37527593818986,001001000000,1,,,,,,,90.6,10000.0,,3.0,0.0
2025-04-01,89:08:010301:4511,Помещение,2015.0,Гаражный бокс №7,Иное,1,2024.0,303.0,89:08:010301:4504,1,Нежилое,8:0,02:071,"Ямало-Ненецкий автономный округ, городской округ город Салехард, город Салехард, территория Площадка N13, земельный участок 34/9",,,площадь,Купля-продажа,,,2025-02-20,2025-03-06,111.73184357541899,001001000000,1,,,,,,,89.5,10000.0,,3.0,0.0
2025-04-01,89:08:010301:4510,Помещение,2015.0,Гаражный бокс №6,Иное,1,2024.0,303.0,89:08:010301:4504,1,Нежилое,8:0,02:071,"Ямало-Ненецкий автономный округ, городской округ город Салехард, город Салехард, территория Площадка N13, земельный участок 34/9",,,площадь,Купля-продажа,,,2025-02-20,2025-03-06,111.23470522803113,001001000000,1,,,,,,,89.9,10000.0,,3.0,0.0
2025-04-01,89:12:110613:266,Помещение,1993.0,двухкомнатная квартира,Железобетонные,3,1993.0,101.0,89:12:110613:78,5,Жилое,12:0,02:061,"Ямало-Ненецкий автономный округ, г Ноябрьск, ул Космонавтов, д 35, кв 9",,,площадь,Купля-продажа,,,2025-02-28,2025-03-06,121771.21771217711,001001000000,1,,,,,,,54.2,6600000.0,,3.0,0.0
2025-04-01,89:11:010303:1346,Помещение,1996.0,Гараж,Железобетонные,1,1996.0,303.0,89:11:010303:233,1,Нежилое,11:0,02:071,"Ямало-Ненецкий автономный округ, г Новый Уренгой, Западная промзона, (район аэропорта), Гаражный-кооператив ""Альтруист"", гараж №100",,,площадь,Купля-продажа,,,2025-03-04,2025-03-06,21739.130434782608,001001000000,1,,,,,,,27.6,600000.0,,3.0,0.0
2025-04-01,89:11:020102:2433,Помещение,2023.0,,Бетонные,6,2023.0,101.0,89:11:020102:2410,6,Жилое,11:0,02:051,"Ямало-Ненецкий автономный округ, городской округ город Новый Уренгой, город Новый Уренгой, улица Набережная, дом 46А, квартира 29",,,площадь,Купля-продажа,,,2025-02-28,2025-03-07,172044.0881763527,001003000000,1,,,,,,,49.9,8585000.0,,3.0,0.0
2025-04-01,89:06:010107:517,Помещение,2015.0,квартира в многоквартирном доме,Из прочих материалов,1,2013.0,205.0,89:06:010107:499,3,Жилое,6:0,02:061,"Ямало-Ненецкий автономный округ, р-н Тазовский, пгт Тазовский, ул Геофизиков, д 22 ""В"", кв 5",,,площадь,Купля-продажа,,,2025-02-24,2025-03-07,125313.28320802006,001003000000,1,,,,,,,39.9,5000000.0,,3.0,0.0
2025-04-01,89:12:160103:421,Помещение,1988.0,"Жилое помещение расположено в многоквартирном доме, признанном аварийным и подлежащим сносу или реконструкции",Деревянные,2,,205.0,89:12:160103:1800,1,Жилое,12:0:2,02:014,"Ямало-Ненецкий автономный округ, г Ноябрьск, мкр Вынгапуровский, ул Строителей, д 5, кв 12",,,площадь,Купля-продажа,,,2025-03-06,2025-03-07,116122.44897959183,001001000000,1,,,,,,,53.9,6259000.0,,3.0,0.0
2025-04-01,89:06:010104:602,Помещение,1994.0,"Жилое помещение расположено в многоквартирном доме, признанном аварийным и подлежит сносу или реконструкции",Деревянные,1,1994.0,205.0,89:06:010104:380,2,Жилое,6:0,02:051,"Ямало-Ненецкий автономный округ, р-н Тазовский, пгт Тазовский, мкр Геолог, д 9, кв 3",,,площадь,Купля-продажа,,,2024-11-06,2025-03-07,221431.22676579928,001001000000,1,,,,,,,53.8,11913000.0,,3.0,0.0
2025-04-01,89:13:010104:1463,Помещение,1986.0,Помещение: двухкомнатная квартира,Крупнопанельные,3,1986.0,101.0,89:13:010104:151,5,Жилое,13:0,02:061,"Ямало-Ненецкий автономный округ, г Муравленко, ул Ленина, д 56, кв 7",,,площадь,Купля-продажа,,,2025-03-11,2025-03-13,100479.84644913627,001001000000,1,,,,,,,52.1,5235000.0,,3.0,0.0
2025-04-01,89:14:010101:620,Помещение,1992.0,"комната - ""Жилое помещение расположено в многоквартирном доме, признанном аварийным и подлежащим сносу или реконструкции"" (Постановление Администрации города Губкинского ""О признании многоквартирного жилого дома № 47 микрорайона 11 города Губкинского аварийным и подлежащим сносу"" №1842 от 25.11.2019 г. года)",Бетонные,1,1992.0,205.0,89:14:010101:143,2,Жилое,14:0,02:014,"Ямало-Ненецкий автономный округ, г Губкинский, мкр 11-й, д 47, к 20",,,площадь,Купля-продажа,,,2025-03-06,2025-03-13,114750.0,001001000000,1,,,,,,,12.0,1377000.0,,3.0,0.0
2025-04-01,89:14:010109:4707,Помещение,2024.0,,Иное,4,,101.0,89:14:010109:4564,6,Жилое,14:0,02:051,"Ямало-Ненецкий автономный округ, г Губкинский, микрорайон 9, д 43, кв 64",,,площадь,Купля-продажа,,,2025-03-06,2025-03-13,39682.99711815562,001001000000,1,,,,,,,34.7,1377000.0,,3.0,0.0
2025-04-01,89:08:010201:1349,Помещение,2004.0,Помещение: квартира,Железобетонные,4,,101.0,89:08:010201:1364,8,Жилое,8:0,02:061,"Ямало-Ненецкий автономный округ, г Салехард, ул Арктическая, д 12, кв 28",,,площадь,Купля-продажа,,,2025-03-12,2025-03-13,216008.77192982455,001001000000,1,,,,,,,45.6,9850000.0,,3.0,0.0
2025-04-01,89:09:020106:188,Помещение,1979.0,"Жилое помещение расположено в многоквартирном доме, признанном аварийным и подлежащим сносу или реконструкции. Распоряжение ""О признании многоквартирных домов аварийными и подлежащими сносу и установлении сроков отселения из аварийных и подлежащих сносу многоквартирных домов"" №256 от 12.02.2024 года",Рубленые,2,1979.0,205.0,89:09:020106:177,2,Жилое,9:0,02:014,"Ямало-Ненецкий автономный округ, г Лабытнанги, ул Первомайская, д 5 А, кв 5",,,площадь,Купля-продажа,,,2025-03-05,2025-03-14,105124.37810945272,001001000000,1,,,,,,,80.4,8452000.0,,3.0,0.0
2025-04-01,89:11:050202:749,Помещение,2015.0,гараж,,1,,303.0,,,Нежилое,11:0,02:071,"Ямало-Ненецкий автономный округ, г Новый Уренгой, Северная коммунальная зона, Гаражный кооператив Мастер, гараж №96",,,площадь,Купля-продажа,,,2025-03-11,2025-03-14,46428.57142857143,001001000000,1,,,,,,,28.0,1300000.0,,3.0,0.0
2025-04-01,89:13:010105:1795,Помещение,2017.0,"Квартира расположена в многоквартирном доме, признанном аварийным и подлежащим реконструкции",Смешанные,1,2017.0,205.0,89:13:010105:1753,3,Жилое,13:0,02:014,"Ямало-Ненецкий автономный округ, г Муравленко, ул Украинских строителей, д 32, кв 42",,,площадь,Купля-продажа,,,2025-03-13,2025-03-14,120382.97872340426,001001000000,1,,,,,,,23.5,2829000.0,,3.0,0.0
2025-04-01,89:12:160103:165,Помещение,1990.0,"Помещение: двухкомнатная квартира расположена в многоквартирном доме, признанном аварийным и подлежащим сносу или реконструкции",Деревянные,,,205.0,89:12:160103:1750,2,Жилое,12:0:2,02:014,"Ямало-Ненецкий автономный округ, г Ноябрьск, мкр Вынгапуровский, ул 70 лет Октября, д 16, кв 9",,,площадь,Купля-продажа,,,2025-03-13,2025-03-14,119114.39114391143,001001000000,1,,,,,,,54.2,6456000.0,,3.0,0.0
2025-04-01,89:12:160102:202,Помещение,1987.0,"однокомнатная квартира, этаж 1, назначение: жилое",Деревянные; Сборно-щитовые,1,,205.0,89:12:160102:1065,2,Жилое,12:0:2,02:014,"Ямало-Ненецкий автономный округ, г Ноябрьск, мкр Вынгапуровский, ул Ленина, д 12а, кв 4",,,площадь,Купля-продажа,,,2025-03-12,2025-03-14,57522.123893805314,001001000000,1,,,,,,,33.9,1950000.0,,3.0,0.0
2025-04-01,89:12:110906:234,Помещение,2015.0,гараж №12,,1,,303.0,,,Нежилое,12:0,02:071,"Ямало-Ненецкий автономный округ, г Ноябрьск, ГК Пелей-5, ряд № 44, гараж № 12",,,площадь,Купля-продажа,,,2025-03-12,2025-03-14,30927.83505154639,001001000000,1,,,,,,,29.1,900000.0,,3.0,0.0
2025-04-01,89:12:110603:503,Помещение,1984.0,двухкомнатная квартира,Деревянные,1,1984.0,205.0,89:12:110603:166,2,Жилое,12:0,02:061,"Ямало-Ненецкий автономный округ, г Ноябрьск, ул Дружбы, д 10, кв 2",,,площадь,Купля-продажа,,,2025-03-13,2025-03-14,117056.13305613305,001001000000,1,,,,,,,48.1,5630400.0,,3.0,0.0
2025-04-01,89:11:050104:1830,Помещение,1988.0,квартира,Крупнопанельные,1,1988.0,101.0,89:11:050104:251,10,Жилое,11:0,02:061,"Ямало-Ненецкий автономный округ, г Новый Уренгой, мкр Советский, д 7, корп 1, кв 111",,,площадь,Купля-продажа,,,2025-03-13,2025-03-14,127627.62762762763,001001000000,1,,,,,,,66.6,8500000.0,,3.0,0.0
2025-04-01,89:12:160203:281,Помещение,2015.0,нежилое помещение (гараж),,1,,303.0,,,Нежилое,12:0:2,02:071,"Ямало-Ненецкий автономный округ, городской округ город Ноябрьск, город Ноябрьск, микрорайон Вынгапуровский, ГТ ""Формула-1"", ряд 1, гараж 19",,,площадь,Купля-продажа,,,2025-03-12,2025-03-14,7663.934426229509,001001000000,1,,,,,,,24.4,187000.0,,3.0,0.0
2025-04-01,89:11:020304:1445,Помещение,1985.0,однокомнатная квартира,Из мелких бетонных блоков,6,1985.0,101.0,89:11:020304:130,10,Жилое,11:0,02:061,"Ямало-Ненецкий автономный округ, г Новый Уренгой, ул Молодежная, д 9, кв 165",,,площадь,Купля-продажа,,,2025-03-12,2025-03-14,89171.97452229299,001001000000,1,,,,,,,31.4,2800000.0,,3.0,0.0
2025-04-01,89:05:020111:350,Помещение,1984.0,Однокомнатная квартира,Сборно-щитовые,1,1984.0,205.0,89:05:020111:280,2,Жилое,5:0,02:014,"Ямало-Ненецкий автономный округ, р-н Пуровский, г Тарко-Сале, ул Таежная, д 1, кв 4",,,площадь,Купля-продажа,,,2025-03-12,2025-03-17,132211.53846153847,001001000000,1,,,,,,,41.6,5500000.0,,3.0,0.0
2025-04-01,89:05:020121:143,Помещение,1981.0,"двухкомнатная квартира на втором этаже -  жилое помещение расположено в многоквартирном доме, признанном аварийным и подлежащим сносу или реконструкции  Постановление о признании многоквартирного дома, расположенного по адресу: Ямало-Ненецкий автономный округ, Пуровский район, город Тарко-Сале, улица Юбилейная, дом №25, аварийным и подлежащим сносу"" от 10.04.2019 года №198-РА",Сборно-щитовые,2,1981.0,205.0,89:05:020121:48,2,Жилое,5:0,02:014,"Ямало-Ненецкий автономный округ, р-н Пуровский, г Тарко-Сале, ул Юбилейная, д 25, кв 7",,,площадь,Купля-продажа,,,2025-03-07,2025-03-17,115466.89303904925,001001000000,1,,,,,,,58.9,6801000.0,,3.0,0.0
2025-04-01,89:14:010105:467,Помещение,2015.0,"Жилое помещение расположено в многоквартирном доме, признанном аварийным и подлежащим сносу или реконструкции",,1,,205.0,,,Жилое,14:0,02:014,"Ямало-Ненецкий автономный округ, г Губкинский, микрорайон 5, д 3, кв 2",,,площадь,Купля-продажа,,,2025-03-06,2025-03-17,108107.86106032906,001001000000,1,,,,,,,54.7,5913500.0,,3.0,0.0
2025-04-01,89:11:050105:1428,Помещение,1993.0,двухкомнатная квартира,Из прочих материалов,3,,101.0,89:11:050105:1286,9,Жилое,11:0,02:061,"Ямало-Ненецкий автономный округ, городской округ город Новый Уренгой, город Новый Уренгой, микрорайон Юбилейный, дом 3 корпус 5, квартира 11",,,площадь,Купля-продажа,,,2025-03-12,2025-03-17,139705.88235294117,001001000000,1,,,,,,,54.4,7600000.0,,3.0,0.0
2025-04-01,89:08:010201:2132,Помещение,2005.0,Четырехкомнатная квартира,Монолитные,4,2005.0,101.0,89:08:010201:260,7,Жилое,8:0,02:061,"Ямало-Ненецкий автономный округ, г Салехард, ул Арктическая, д 18, кв 23",,,площадь,Купля-продажа,,,2025-03-14,2025-03-17,161995.51569506727,001001000000,1,,,,,,,89.2,14450000.0,,3.0,0.0
2025-04-01,89:04:020101:5851,Помещение,1996.0,Двухкомнатная квартира,Смешанные,1,1996.0,101.0,89:04:020101:1956,5,Жилое,4:0,02:051,"Ямало-Ненецкий автономный округ, р-н Надымский, пгт Пангоды, ул Строителей, д 1, кв 1",,,площадь,Купля-продажа,,,2025-03-14,2025-03-17,70422.5352112676,001001000000,1,,,,,,,56.8,4000000.0,,3.0,0.0
2025-04-01,89:13:010112:613,Помещение,1993.0,однокомнатная квартира,Крупнопанельные,2,1993.0,101.0,89:13:010112:103,5,Жилое,13:0,02:061,"Ямало-Ненецкий автономный округ, г Муравленко, ул 70 лет Октября, д 28, кв 50",,,площадь,Купля-продажа,,,2025-03-15,2025-03-17,132748.5380116959,001001000000,1,,,,,,,34.2,4540000.0,,3.0,0.0
2025-04-01,89:05:030301:3919,Помещение,1990.0,Квартира,Из прочих материалов,1,1990.0,205.0,89:05:030301:2543,2,Жилое,14:0:1,02:061,"Ямало-Ненецкий автономный округ, городской округ город Губкинский, город Губкинский, территория Пурпе-1, улица Озерная, дом 4, квартира 9",,,площадь,Купля-продажа,,,2025-03-06,2025-03-17,97777.77777777778,001001000000,1,,,,,,,54.0,5280000.0,,3.0,0.0
2025-04-01,89:11:020209:520,Помещение,2015.0,"Жилое помещение расположено в многоквартирном доме, признанном аварийным и подлежащим сносу или реконструкции. Распоряжение ""О признании домов аварийными и подлежащими сносу"" №920-р от 21.05.2024 года",Из легкобетонных панелей,1,2012.0,205.0,89:11:020209:514,3,Жилое,11:0,02:014,"Ямало-Ненецкий автономный округ, г Новый Уренгой, ул Тундровая, д 10, кв 10",,,площадь,Купля-продажа,,,2025-03-13,2025-03-17,168766.38176638176,001001000000,1,,,,,,,35.1,5923700.0,,3.0,0.0
2025-04-01,89:12:110707:1694,Помещение,1985.0,Квартира в многоквартирном доме,Железобетонные,4,1985.0,101.0,89:12:110707:215,5,Жилое,12:0,02:061,"Ямало-Ненецкий автономный округ, г Ноябрьск, ул Ленина, д 78, кв 85",,,площадь,Купля-продажа,,,2025-03-13,2025-03-17,147859.92217898834,001001000000,1,,,,,,,51.4,7600000.0,,3.0,0.0
2025-04-01,89:10:010301:1008,Помещение,2015.0,Здание-гараж,,1,,303.0,,,Нежилое,10:0,02:071,"Ямало-Ненецкий автономный округ, г Надым, ЯНАО, г.Надым, 8 проезд, панель ""З"", ГСК ""Буревестник"", блок-бокс №2, гараж №15",,,площадь,Купля-продажа,,,2025-03-12,2025-03-17,13738.019169329073,001001000000,1,,,,,,,31.3,430000.0,,3.0,0.0
2025-04-01,89:11:020301:1051,Помещение,1981.0,,Крупнопанельные,4,1981.0,101.0,89:11:020301:181,9,Жилое,11:0,02:061,"Ямало-Ненецкий автономный округ, г Новый Уренгой, пр-кт Ленинградский, д 19, кв 51",,,площадь,Купля-продажа,,,2025-03-18,2025-03-18,154216.8674698795,001001000000,1,,,,,,,41.5,6400000.0,,3.0,0.0
2025-04-01,89:05:020301:8030,Помещение,2015.0,Гаражный бокс № 24,,1,,303.0,,,Нежилое,5:1,02:071,"Ямало-Ненецкий автономный округ, р-н Пуровский, пгт Уренгой, Шестой микрорайон (проектный), ряд №2, бокс №24",,,площадь,Купля-продажа,,,2025-03-14,2025-03-18,19444.444444444445,001001000000,1,,,,,,,36.0,700000.0,,3.0,0.0
2025-04-01,89:05:030301:5410,Помещение,2015.0,"Жилое помещение расположено в многоквартирном доме, признанном аварийным и подлежащим сносу или реконструкции",Иное,1,,205.0,89:05:030301:12932,2,Жилое,14:0:1,02:014,"Ямало-Ненецкий автономный округ, р-н Пуровский, пос Пурпе, мкр Молодёжный, ул Парковская, д 5, кв 4",,,площадь,Купля-продажа,,,2025-03-06,2025-03-18,97451.27436281859,001001000000,1,,,,,,,66.7,6500000.0,,3.0,0.0
2025-04-01,89:14:010105:401,Помещение,1988.0,"помещение: однокомнатная квартира , жилое помещение расположено в многоквартирном доме, признанном аварийным и подлежащим сносу",Смешанные,1,1988.0,205.0,89:14:010105:109,2,Жилое,14:0,02:014,"Ямало-Ненецкий автономный округ, г Губкинский, мкр 5-й, д 16, кв 12",,,площадь,Купля-продажа,,,2025-03-06,2025-03-18,69405.09915014164,001001000000,1,,,,,,,35.3,2450000.0,,3.0,0.0
2025-04-01,89:03:040108:788,Помещение,2006.0,Квартира №6,Кирпичные,2,2006.0,205.0,89:03:040108:121,3,Жилое,3:0,02:014,"Ямало-Ненецкий автономный округ, муниципальный округ Ямальский район, село Яр-Сале, улица Худи Сэроко, дом 27Б, квартира 6",,,площадь,Купля-продажа,,,2025-03-10,2025-03-18,166537.21003236246,001001000000,1,,,,,,,30.9,5145999.79,,3.0,0.0
2025-04-01,89:12:110707:2509,Помещение,1984.0,двухкомнатная квартира,Крупнопанельные,2,1984.0,101.0,89:12:110707:156,5,Жилое,12:0,02:061,"Ямало-Ненецкий автономный округ, г Ноябрьск, ул Дзержинского, д 12, кв 50",,,площадь,Купля-продажа,,,2025-03-17,2025-03-18,115618.6612576065,001001000000,1,,,,,,,49.3,5700000.0,,3.0,0.0
2025-04-01,89:10:010208:2550,Помещение,1989.0,Помещение: двухкомнатная квартира,Крупнопанельные,8,1989.0,101.0,89:10:010208:742,10,Жилое,10:0,02:061,"Ямало-Ненецкий автономный округ, г Надым, ул Зверева, д 41, кв 171",,,площадь,Купля-продажа,,,2025-03-17,2025-03-18,101818.18181818182,001001000000,1,,,,,,,55.0,5600000.0,,3.0,0.0
2025-04-01,89:12:110613:606,Помещение,1980.0,однокомнатная квартира,Крупнопанельные,2,1980.0,101.0,89:12:110613:87,5,Жилое,12:0,02:014,"Ямало-Ненецкий автономный округ, г Ноябрьск, ул Космонавтов, д 22, кв 65",,,площадь,Купля-продажа,,,2025-03-14,2025-03-18,158088.23529411765,001001000000,1,,,,,,,34.0,5375000.0,,3.0,0.0
2025-04-01,89:10:010109:1171,Помещение,2015.0,,,1,,303.0,,,Нежилое,10:0,02:071,"Ямало-Ненецкий автономный округ, г Надым, п Югра, ГСК ""Север -2002"", гараж № 56",,,площадь,Купля-продажа,,,2025-03-14,2025-03-18,23809.52380952381,001001000000,1,,,,,,,54.6,1300000.0,,3.0,0.0
2025-04-01,89:11:050103:4112,Помещение,1981.0,однокомнатная квартира,Сборно-щитовые,8,1981.0,101.0,89:11:050103:229,9,Жилое,11:0,02:061,"Ямало-Ненецкий автономный округ, г Новый Уренгой, мкр Мирный, д 6, корп 1, кв 82",,,площадь,Купля-продажа,,,2025-03-13,2025-03-18,154046.99738903396,001001000000,1,,,,,,,38.3,5900000.0,,3.0,0.0
2025-04-01,89:12:110709:3212,Помещение,2015.0,Однокомнатная квартира,Из прочих материалов,3,,101.0,89:12:110709:3158,9,Жилое,12:0,02:061,"Ямало-Ненецкий автономный округ, г Ноябрьск, ул Высоцкого, д 6, кв 126",,,площадь,Купля-продажа,,,2025-03-14,2025-03-18,114613.18051575932,001001000000,1,,,,,,,34.9,4000000.0,,3.0,0.0
2025-04-01,89:11:020302:1678,Помещение,1984.0,однокомнатная квартира,Бетонные,2,1984.0,101.0,89:11:020302:193,5,Жилое,11:0,02:051,"Ямало-Ненецкий автономный округ, г Новый Уренгой, ул Юбилейная, д 1д, кв 14",,,площадь,Купля-продажа,,,2025-03-14,2025-03-18,150523.56020942406,001001000000,1,,,,,,,38.2,5750000.0,,3.0,0.0
2025-04-01,89:05:000000:18117,Помещение,2017.0,квартира,Из прочих материалов,1,2017.0,101.0,89:05:000000:18093,5,Жилое,5:0,02:051,"Ямало-Ненецкий автономный округ, р-н Пуровский, г Тарко-Сале, мкр Геолог, д 5, кв 23",,,площадь,Купля-продажа,,,2025-03-10,2025-03-18,190332.3262839879,001001000000,1,,,,,,,33.1,6300000.0,,3.0,0.0
2025-04-01,89:02:020102:609,Помещение,2015.0,,,1,,303.0,,,Нежилое,2:0,02:071,"Ямало-Ненецкий автономный округ, Приуральский р-н, с Аксарка, переулок Школьный 7В, строение 4, бокс №7",,,площадь,Купля-продажа,,,2025-03-18,2025-03-19,28925.619834710746,001001000000,1,,,,,,,24.2,700000.0,,3.0,0.0
2025-04-01,89:11:020203:1214,Помещение,2004.0,двухкомнатная квартира,Бетонные,2,2004.0,205.0,89:11:020203:329,2,Жилое,11:0,02:014,"Ямало-Ненецкий автономный округ, г Новый Уренгой, ул Таежная, д 52А, кв 22",,,площадь,Купля-продажа,,,2025-03-14,2025-03-19,80434.78260869565,001001000000,1,,,,,,,46.0,3700000.0,,3.0,0.0
2025-04-01,89:12:110609:403,Помещение,1981.0,Комната,Каркасно-обшивные,2,1981.0,205.0,89:12:110609:61,2,Жилое,12:0,03:024,"Ямало-Ненецкий автономный округ, г Ноябрьск, ул Космонавтов, д 7, к 36",,,площадь,Купля-продажа,,,2025-03-17,2025-03-19,149735.44973544974,001001000000,1,,,,,,,18.9,2830000.0,,3.0,0.0
2025-04-01,89:12:110906:221,Помещение,2015.0,гараж №6,,1,,303.0,,,Нежилое,12:0,02:071,"Ямало-Ненецкий автономный округ, г Ноябрьск, ГК Пелей-5, ряд №51-52, гараж №6",,,площадь,Купля-продажа,,,2025-03-18,2025-03-19,16666.666666666668,001001000000,1,,,,,,,24.0,400000.0,,3.0,0.0
2025-04-01,89:11:020209:625,Помещение,2015.0,квартира в многоквартирном доме,Из легкобетонных панелей,3,2012.0,205.0,89:11:020209:512,3,Жилое,11:0,02:014,"Ямало-Ненецкий автономный округ, г Новый Уренгой, ул Тундровая, д 8, кв 18",,,площадь,Купля-продажа,,,2025-03-18,2025-03-19,58055.15239477503,001001000000,1,,,,,,,68.9,4000000.0,,3.0,0.0
2025-04-01,89:09:010209:439,Помещение,2015.0,однокомнатная квартира,Деревянные,1,,205.0,89:09:010209:120,2,Жилое,9:0,02:014,"Ямало-Ненецкий автономный округ, г Лабытнанги, ул Первомайская, д 71, кв 12",,,площадь,Купля-продажа,,,2025-03-17,2025-03-19,106060.60606060606,001001000000,1,,,,,,,33.0,3500000.0,,3.0,0.0
2025-04-01,89:12:160103:296,Помещение,1988.0,однокомнатная квартира на первом этаже жилого дома,Деревянные,1,,205.0,89:12:160103:1722,2,Жилое,12:0:2,02:014,"Ямало-Ненецкий автономный округ, г Ноябрьск, мкр Вынгапуровский, ул Ленина, д 37, кв 1",,,площадь,Купля-продажа,,,2025-03-18,2025-03-19,110146.6275659824,001001000000,1,,,,,,,34.1,3756000.0,,3.0,0.0
2025-04-01,89:12:110603:917,Помещение,1983.0,Помещение: двухкомнатная квартира,Смешанные,1,1983.0,205.0,89:12:110601:861,2,Жилое,12:0,02:061,"Ямало-Ненецкий автономный округ, г Ноябрьск, ул Советская, д 30б, кв 9",,,площадь,Купля-продажа,,,2025-03-17,2025-03-19,110000.0,001001000000,1,,,,,,,55.1,6061000.0,,3.0,0.0
2025-04-01,89:14:010112:441,Помещение,2009.0,"Жилое помещение признано аварийным и подлежащим сносу или реконструкции. Постановление ""О признании многоквартирного жилого дома №42 микрорайона 12 города Губкинского аварийным и подлежащим реконструкции"" №1632 от 28.06.2024 года",Крупнопанельные; Смешанные,5,2009.0,101.0,89:14:010112:117,6,Жилое,14:0,04:040,"Ямало-Ненецкий автономный округ, г Губкинский, мкр 12-й, д 42, кв 25",,,площадь,Купля-продажа,,,2025-03-17,2025-03-19,160512.48357424443,001001000000,1,,,,,,,76.1,12215000.0,,3.0,0.0
2025-04-01,89:12:110603:896,Помещение,1989.0,квартира,Деревянные,1,,205.0,89:12:110603:2916,2,Жилое,12:0:2,02:014,"Ямало-Ненецкий автономный округ, г Ноябрьск, п Вынгапуровский, ул 70 лет Октября, д 34, кв 4",,,площадь,Купля-продажа,,,2025-03-17,2025-03-19,116446.88644688645,001001000000,1,,,,,,,54.6,6358000.0,,3.0,0.0
2025-04-01,89:04:020101:4678,Помещение,1992.0,Квартира,Из прочих материалов,1,1992.0,205.0,89:04:020101:1576,2,Жилое,4:0,02:061,"Ямало-Ненецкий автономный округ, р-н Надымский, пгт Пангоды, ул Энергетиков, д 37, кв 5",,,площадь,Купля-продажа,,,2025-03-15,2025-03-19,21341.463414634145,001001000000,1,,,,,,,49.2,1050000.0,,3.0,0.0
2025-04-01,89:12:000000:8669,Помещение,2015.0,Гараж,,1,,303.0,,,Нежилое,12:0:2,02:071,"Ямало-Ненецкий автономный округ, г Ноябрьск, мкр. Вынгапуровский, ГТ ""Мечта"", гараж 24",,,площадь,Купля-продажа,,,2025-03-15,2025-03-19,4166.666666666667,001001000000,1,,,,,,,28.8,120000.0,,3.0,0.0
2025-04-01,89:14:010112:1006,Помещение,1990.0,комната,Смешанные,2,1990.0,507.0,89:14:010112:116,2,Жилое,14:0,02:014,"Ямало-Ненецкий автономный округ, г Губкинский, мкр 12-й, д 4, к 27",,,площадь,Купля-продажа,,,2025-03-11,2025-03-20,83250.0,001001000000,1,,,,,,,12.0,999000.0,,3.0,0.0
2025-04-01,89:11:050103:3232,Помещение,2015.0,однокомнатная квартира,,3,,101.0,,,Жилое,11:0,02:061,"Ямало-Ненецкий автономный округ, г Новый Уренгой, мкр Мирный, д 1, корп 5, кв 10",,,площадь,Купля-продажа,,,2025-03-19,2025-03-20,128686.32707774799,001001000000,1,,,,,,,37.3,4800000.0,,3.0,0.0
2025-04-01,89:11:050104:1894,Помещение,1988.0,,Крупнопанельные,6,1988.0,101.0,89:11:050104:251,10,Жилое,11:0,02:061,"Ямало-Ненецкий автономный округ, г Новый Уренгой, мкр Советский, д 7, корп 1, кв 24",,,площадь,Купля-продажа,,,2025-03-18,2025-03-20,166666.66666666666,001001000000,1,,,,,,,67.2,11200000.0,,3.0,0.0
2025-04-01,89:12:000000:3750,Помещение,2015.0,Гараж,,1,,303.0,,,Нежилое,12:0,02:071,"Ямало-Ненецкий автономный округ, г Ноябрьск, ГК Ханто-2, ряд 7, гараж 25",,,площадь,Купля-продажа,,,2025-03-18,2025-03-20,20833.333333333332,001001000000,1,,,,,,,24.0,500000.0,,3.0,0.0
2025-04-01,89:09:010103:286,Помещение,1981.0,Помещение: однокомнатная квартира,Из прочих материалов,1,,205.0,89:09:010103:425,2,Жилое,9:0,02:014,"Ямало-Ненецкий автономный округ, г Лабытнанги, пер Космонавтов, д 26, кв 8",,,площадь,Купля-продажа,,,2025-03-19,2025-03-21,77720.20725388601,001001000000,1,,,,,,,38.6,3000000.0,,3.0,0.0
2025-04-01,89:13:010111:1794,Помещение,2016.0,Квартира,Из мелких бетонных блоков,5,2016.0,101.0,89:13:010111:1693,7,Жилое,13:0,02:051,"Ямало-Ненецкий автономный округ, г Муравленко, ул 70 лет Октября, д 45, кв 101",,,площадь,Купля-продажа,,,2025-03-20,2025-03-21,117318.43575418995,001001000000,1,,,,,,,17.9,2100000.0,,3.0,0.0
2025-04-01,89:08:010205:752,Помещение,1973.0,"Жилое помещение расположено в многоквартирном доме, признанном аварийным и подлежащим сносу или реконструкции",Кирпичные,2,1973.0,205.0,89:08:010107:354,3,Жилое,8:0,02:014,"Ямало-Ненецкий автономный округ, г Салехард, ул Республики, д 70, кв 6",,,площадь,Купля-продажа,,,2025-01-28,2025-03-21,233637.9296875,001001000000,1,,,,,,,51.2,11962262.0,,3.0,0.0
2025-04-01,89:12:110609:410,Помещение,1981.0,Комната,Каркасно-обшивные,1,1981.0,205.0,89:12:110609:61,2,Жилое,12:0,03:024,"Ямало-Ненецкий автономный округ, г Ноябрьск, ул Космонавтов, д 7, к 18",,,площадь,Купля-продажа,,,2025-03-20,2025-03-21,168131.86813186813,001001000000,1,,,,,,,18.2,3060000.0,,3.0,0.0
2025-04-01,89:14:010105:309,Помещение,1987.0,"жилое помещение, расположенное в многоквартирном жилом доме, признанном аварийным и подлежащим сносу",Деревянные,2,1987.0,205.0,89:14:010105:100,2,Жилое,14:0,02:051,"Ямало-Ненецкий автономный округ, г Губкинский, мкр 5-й, д 36, кв 9",,,площадь,Купля-продажа,,,2025-03-20,2025-03-21,97994.72295514512,001001000000,1,,,,,,,37.9,3714000.0,,3.0,0.0
2025-04-01,89:08:000000:1472,Помещение,2015.0,Гараж,,1,,303.0,,,Нежилое,8:0,02:071,"Ямало-Ненецкий автономный округ, г Салехард, ул Броднева, площадка №16, строен.3, бокс 5",,,площадь,Купля-продажа,,,2025-03-18,2025-03-21,52966.101694915254,001001000000,1,,,,,,,47.2,2500000.0,,3.0,0.0
2025-04-01,89:11:020203:3293,Помещение,2023.0,,Бетонные,5,,101.0,89:11:020203:3229,10,Жилое,11:0,02:061,"Ямало-Ненецкий автономный округ, городской округ Новый Уренгой, г.Новый Уренгой, ул.Сибирская, дом 31А, кв.22",,,площадь,Купля-продажа,,,2025-03-20,2025-03-21,177664.97461928934,001001000000,1,,,,,,,39.4,7000000.0,,3.0,0.0
2025-04-01,89:10:010206:1981,Помещение,1988.0,Двухкомнатная квартира,Крупнопанельные,5,1988.0,101.0,89:10:010208:636,9,Жилое,10:0,02:061,"Ямало-Ненецкий автономный округ, г Надым, ул Зверева, д 38, кв 118",,,площадь,Купля-продажа,,,2025-03-19,2025-03-21,90252.70758122744,001001000000,1,,,,,,,55.4,5000000.0,,3.0,0.0
2025-04-01,89:10:000000:2568,Помещение,2015.0,Гараж,,1,,303.0,,,Нежилое,10:0,02:071,"Ямало-Ненецкий автономный округ, г Надым, р-н База НСМУ треста ""Надымстройгаздобыча"", гараж №10",,,площадь,Купля-продажа,,,2025-03-08,2025-03-21,13071.8954248366,001001000000,1,,,,,,,15.3,200000.0,,3.0,0.0
2025-04-01,89:11:050101:2214,Помещение,2017.0,Квартира,Из мелких бетонных блоков,5,2017.0,101.0,89:11:050101:2142,14,Жилое,11:0,02:061,"Ямало-Ненецкий автономный округ, г Новый Уренгой, мкр Дружба, д 4, корп 2, кв 72",,,площадь,Купля-продажа,,,2025-03-20,2025-03-21,243781.09452736317,001001000000,1,,,,,,,20.1,4900000.0,,3.0,0.0
2025-04-01,89:11:030301:2706,Помещение,2015.0,гараж,,1,,303.0,,,Нежилое,11:0,02:071,"Ямало-Ненецкий автономный округ, г Новый Уренгой, Восточная промзона, гараж IV/175, южнее ул. Промышленная, Гаражный кооператив ""Потвор""",,,площадь,Купля-продажа,,,2025-03-19,2025-03-21,4784.6889952153115,001001000000,1,,,,,,,20.9,100000.0,,3.0,0.0
2025-04-01,89:14:010109:658,Помещение,1995.0,помещение: однокомнатная квартира,Из легкобетонных панелей,2,1995.0,101.0,89:14:010109:147,9,Жилое,14:0,02:051,"Ямало-Ненецкий автономный округ, г Губкинский, мкр 9-й, д 9, кв 8",,,площадь,Купля-продажа,,,2025-03-20,2025-03-21,135638.29787234042,001001000000,1,,,,,,,37.6,5100000.0,,3.0,0.0
2025-04-01,89:12:000000:10370,Помещение,1998.0,гараж,Смешанные,1,1998.0,303.0,89:12:000000:678,1,Нежилое,12:0,02:071,"Ямало-Ненецкий автономный округ, г. Ноябрьск, Промзона, Панель IX, Подсобное хозяйство, гараж №6",,,площадь,Купля-продажа,,,2025-03-21,2025-03-24,6993.006993006993,001001000000,1,,,,,,,28.6,200000.0,,3.0,0.0
2025-04-01,89:12:000000:10371,Помещение,1998.0,гараж,Смешанные,1,1998.0,303.0,89:12:000000:678,1,Нежилое,12:0,02:071,"Ямало-Ненецкий автономный округ, г. Ноябрьск, Промзона, Панель IX, Подсобное хозяйство, гараж №8",,,площадь,Купля-продажа,,,2025-03-21,2025-03-24,7142.857142857143,001001000000,1,,,,,,,28.0,200000.0,,3.0,0.0
2025-04-01,89:05:020301:7067,Помещение,1988.0,Однокомнатная квартира на втором этаже,Сборно-щитовые,2,,205.0,89:05:020301:8618,2,Жилое,5:1,02:014,"Ямало-Ненецкий автономный округ, р-н Пуровский, пгт Уренгой, Пятый микрорайон, д 11, кв 14",,,площадь,Купля-продажа,,,2025-03-21,2025-03-24,77461.13989637306,001001000000,1,,,,,,,38.6,2990000.0,,3.0,0.0
2025-04-01,89:11:050103:3879,Помещение,1989.0,трёхкомнатная квартира,Крупнопанельные,8,1989.0,101.0,89:11:050103:297,11,Жилое,11:0,02:061,"Ямало-Ненецкий автономный округ, городской округ город Новый Уренгой, город Новый Уренгой, микрорайон Мирный, дом 5 корпус 1, квартира 29",,,площадь,Купля-продажа,,,2025-03-21,2025-03-24,138931.29770992367,001001000000,1,,,,,,,65.5,9100000.0,,3.0,0.0
2025-04-01,89:14:010102:2936,Помещение,2024.0,Квартира,Из мелких бетонных блоков; Кирпичные,5,,101.0,89:14:010102:2931,6,Жилое,14:0,02:051,"Ямало-Ненецкий автономный округ, Городской округ город Губкинский, город Губкинский, микрорайон 2, дом 2, квартира 13",,,площадь,Купля-продажа,,,2025-03-21,2025-03-24,175000.0,001001000000,1,,,,,,,35.3,6177500.0,,3.0,0.0
2025-04-01,89:12:160102:389,Помещение,1987.0,"«Жилое помещение, расположено в многоквартирном доме, признанном аварийным и подлежащим сносу или реконструкции»",Смешанные,2,1987.0,205.0,89:12:110601:645,2,Жилое,12:0:2,02:014,"Ямало-Ненецкий автономный округ, г Ноябрьск, мкр Вынгапуровский, ул Энтузиастов, д 31б, кв 15",,,площадь,Купля-продажа,,,2025-03-21,2025-03-24,116920.98092643051,001001000000,1,,,,,,,73.4,8582000.0,,3.0,0.0
2025-04-01,89:04:020101:8930,Помещение,2004.0,Гараж №10,Железобетонные; Кирпичные,1,2004.0,303.0,89:04:020101:1297,1,Нежилое,4:0,02:071,"Ямало-Ненецкий автономный округ, р-н Надымский, пгт Пангоды, территория ГСК ""Фрегат"", строение 3, помещение 10",,,площадь,Купля-продажа,,,2025-03-20,2025-03-24,9649.122807017544,001001000000,1,,,,,,,22.8,220000.0,,3.0,0.0
2025-04-01,89:12:110808:222,Помещение,2015.0,Гараж 60,,1,,303.0,,,Нежилое,12:0,02:071,"Ямало-Ненецкий автономный округ, г Ноябрьск, ГК Ханто-1, ряд 42, гараж 60",,,площадь,Купля-продажа,,,2025-03-19,2025-03-24,34403.66972477064,001001000000,1,,,,,,,21.8,750000.0,,3.0,0.0
2025-04-01,89:12:160102:430,Помещение,1987.0,Помещение: двухкомнатная квартира,Деревянные,,1987.0,205.0,89:12:110601:988,2,Жилое,12:0:2,02:014,"Ямало-Ненецкий автономный округ, г Ноябрьск, мкр Вынгапуровский, ул Энтузиастов, д 11, кв 6",,,площадь,Купля-продажа,,,2025-03-21,2025-03-24,116739.52641165756,001001000000,1,,,,,,,54.9,6409000.0,,3.0,0.0
2025-04-01,89:12:110601:3014,Помещение,1988.0,Помещение: однокомнатная квартира,Смешанные,1,1988.0,205.0,89:12:110601:547,2,Жилое,12:0,02:014,"Ямало-Ненецкий автономный округ, г Ноябрьск, ул Энтузиастов, д 47 А, кв 1",,,площадь,Купля-продажа,,,2025-03-21,2025-03-24,120285.71428571429,001001000000,1,,,,,,,35.0,4210000.0,,3.0,0.0
2025-04-01,89:14:010109:1887,Помещение,2015.0,помещение,Смешанные,Цокольный этаж,2014.0,107.0,89:14:010109:1811,5,Нежилое,14:0,02:051,"Ямало-Ненецкий автономный округ, г Губкинский, мкр 9-й, д 32",,,площадь,Купля-продажа,,,2024-01-26,2025-03-25,36106.87022900763,001001000000,1,,,,,,,78.6,2838000.0,,3.0,0.0
2025-04-01,89:14:010104:752,Помещение,1987.0,"квартира, жилое помещение расположено в многоквартирном доме, признанном аварийным и подлежащим сносу",Смешанные,1,1987.0,205.0,89:14:010104:129,2,Жилое,14:0,05:012,"Ямало-Ненецкий автономный округ, г Губкинский, мкр 4-й, д 13, кв 11",,,площадь,Купля-продажа,,,2025-03-24,2025-03-25,108913.21357285429,001001000000,1,,,,,,,50.1,5456552.0,,3.0,0.0
2025-04-01,89:12:110707:2789,Помещение,1982.0,Комната,Смешанные,2,1982.0,205.0,89:12:110707:216,2,Жилое,12:0,02:061,"Ямало-Ненецкий автономный округ, г Ноябрьск, ул Ленина, д 14, к 40",,,площадь,Купля-продажа,,,2025-03-11,2025-03-25,198189.47368421053,001001000000,1,,,,,,,19.0,3765600.0,,3.0,0.0
2025-04-01,89:14:010104:517,Помещение,1987.0,"двухкомнатная квартира- жилое помещение расположено в многоквартирном доме, признанном аварийным и подлежащим сносу или реконструкции Постановление «Об изъятии для муниципальных нужд городского округа город Губкинский ЯмалоНенецкого автономного округа земельного участка и находящихся на нем объектов недвижимого имущества в связи с признанием многоквартирного дома № 6 микрорайона 4 города Губкинского аварийным и подлежащим сносу"" от 19.09.2024 года №2169",Смешанные,1,1987.0,205.0,89:14:010104:118,2,Жилое,14:0,02:014,"Ямало-Ненецкий автономный округ, г Губкинский, мкр 4-й, д 6, кв 2",,,площадь,Купля-продажа,,,2025-03-19,2025-03-25,108569.35353535354,001001000000,1,,,,,,,49.5,5374183.0,,3.0,0.0
2025-04-01,89:12:110405:1087,Помещение,1988.0,Квартира,Деревянные,1,1988.0,205.0,89:12:110405:2507,2,Жилое,12:0,02:014,"Ямало-Ненецкий автономный округ, г Ноябрьск, ул Энтузиастов, д 51б, кв 19",,,площадь,Купля-продажа,,,2025-03-24,2025-03-25,120000.00000000001,001001000000,1,,,,,,,37.8,4536000.0,,3.0,0.0
2025-04-01,89:05:030301:3339,Помещение,1990.0,"Жилое помещение расположено в многоквартирном доме, признанном аварийным и подлежащим сносу или реконструкции",Смешанные,2,1990.0,205.0,89:05:030301:1460,2,Жилое,14:0:1,02:061,"Ямало-Ненецкий автономный округ, городской округ город Губкинский, город Губкинский, территория Пурпе-1, улица Озерная, дом 2, квартира 11",,,площадь,Купля-продажа,,,2025-03-21,2025-03-26,98300.0,001001000000,1,,,,,,,54.0,5308200.0,,3.0,0.0
2025-04-01,89:11:020302:986,Помещение,1983.0,Квартира 3,Из мелких бетонных блоков,1,1983.0,101.0,89:11:020302:168,9,Жилое,11:0,02:061,"Ямало-Ненецкий автономный округ, г Новый Уренгой, пр-кт Ленинградский, д 5, корп А, кв 3",,,площадь,Купля-продажа,,,2025-03-25,2025-03-26,171090.04739336492,001001000000,1,,,,,,,42.2,7220000.0,,3.0,0.0
2025-04-01,89:08:010204:562,Помещение,2013.0,Помещение: квартира,Из мелких бетонных блоков,8,2014.0,101.0,89:08:010204:473,9,Жилое,8:0,02:061,"Ямало-Ненецкий автономный округ, г Салехард, ул Республики, д 75, кв 113",,,площадь,Купля-продажа,,,2025-03-24,2025-03-26,173697.27047146403,001001000000,1,,,,,,,40.3,7000000.0,,3.0,0.0
2025-04-01,89:12:160102:384,Помещение,1987.0,"«Жилое помещение, расположено в многоквартирном доме, признанном аварийным и подлежащим сносу или реконструкции»",Смешанные,1,1987.0,205.0,89:12:110601:645,2,Жилое,12:0:2,02:014,"Ямало-Ненецкий автономный округ, г Ноябрьск, мкр Вынгапуровский, ул Энтузиастов, д 31б, кв 12",,,площадь,Купля-продажа,,,2025-03-25,2025-03-26,118994.08284023669,001001000000,1,,,,,,,33.8,4022000.0,,3.0,0.0
2025-04-01,89:12:110613:1392,Помещение,1981.0,однокомнатная квартира,Крупнопанельные,1,1981.0,101.0,89:12:110613:119,6,Жилое,12:0,02:061,"Ямало-Ненецкий автономный округ, г Ноябрьск, ул Холмогорская, д 82/81, кв 18",,,площадь,Купля-продажа,,,2025-03-24,2025-03-26,145728.6432160804,001001000000,1,,,,,,,39.8,5800000.0,,3.0,0.0
2025-04-01,89:12:110614:856,Помещение,1988.0,"«Жилое помещение, расположено в многоквартирном доме, признанном аварийным и подлежащим сносу или реконструкции»",Рубленые,1,1988.0,205.0,89:12:110615:267,1,Жилое,12:0,02:061,"Ямало-Ненецкий автономный округ, г Ноябрьск, ул 60 лет СССР, д 43а, кв 20",,,площадь,Купля-продажа,,,2025-03-22,2025-03-26,100000.0,001001000000,1,,,,,,,45.0,4500000.0,,3.0,0.0
2025-04-01,89:05:020301:7531,Помещение,2015.0,Квартира,Из прочих материалов,1,2009.0,205.0,89:05:020301:6361,2,Жилое,5:1,02:014,"Ямало-Ненецкий автономный округ, р-н Пуровский, пгт Уренгой, Пятый микрорайон, д 46, кв 24",,,площадь,Купля-продажа,,,2025-03-26,2025-03-27,95808.38323353294,001001000000,1,,,,,,,33.4,3200000.0,,3.0,0.0
2025-04-01,89:11:070101:6498,Помещение,1988.0,,Крупнопанельные,2,1988.0,101.0,89:11:070101:1272,5,Жилое,11:0:1,02:051,"Ямало-Ненецкий автономный округ, г Новый Уренгой, мкр Приозёрный, д 4, кв 50",,,площадь,Купля-продажа,,,2025-03-26,2025-03-27,102022.05882352941,001001000000,1,,,,,,,54.4,5550000.0,,3.0,0.0
2025-04-01,89:04:020301:1596,Помещение,1991.0,Квартира,Деревянные,1,1991.0,205.0,89:04:020301:838,2,Жилое,4:0,02:014,"Ямало-Ненецкий автономный округ, р-н Надымский, пос Приозерный, ФК-2, д 2/10, кв 13",,,площадь,Купля-продажа,,,2025-03-26,2025-03-27,13059.701492537313,001001000000,1,,,,,,,53.6,700000.0,,3.0,0.0
2025-04-01,89:11:070101:3590,Помещение,1993.0,Гаражная ячейка 54,Крупнопанельные,1,1993.0,303.0,89:11:070101:1328,1,Нежилое,11:0:1,02:071,"Ямало-Ненецкий автономный округ, г Новый Уренгой, район Лимбяяха, гаражный потребительский кооператив ""Ермак"", гараж №54",,,площадь,Купля-продажа,,,2025-03-26,2025-03-27,33707.86516853933,001001000000,1,,,,,,,26.7,900000.0,,3.0,0.0
2025-04-01,89:10:010107:1177,Помещение,1974.0,Однокомнатная квартира,Железобетонные,4,1974.0,101.0,89:10:010107:302,5,Жилое,10:0,02:051,"Ямало-Ненецкий автономный округ, муниципальный округ Надымский район, город Надым, улица Полярная, дом 9, квартира 13",,,площадь,Купля-продажа,,,2025-03-26,2025-03-27,63414.634146341465,001001000000,1,,,,,,,28.7,1820000.0,,3.0,0.0
2025-04-01,89:10:010201:697,Помещение,1975.0,Квартира,Крупнопанельные,3,1975.0,101.0,89:10:010201:359,5,Жилое,10:0,02:051,"Ямало-Ненецкий автономный округ, г Надым, ул Комсомольская, д 12/2, кв 32",,,площадь,Купля-продажа,,,2025-03-26,2025-03-27,102430.55555555555,001003000000,1,,,,,,,28.8,2950000.0,,3.0,0.0
2025-04-01,89:14:010102:2985,Помещение,2024.0,Квартира,Из мелких бетонных блоков; Кирпичные,5,,101.0,89:14:010102:2931,6,Жилое,14:0,02:051,"Ямало-Ненецкий автономный округ, Городской округ город Губкинский, город Губкинский, микрорайон 2, дом 2, квартира 58",,,площадь,Купля-продажа,,,2025-03-26,2025-03-27,175000.0,001001000000,1,,,,,,,39.4,6895000.0,,3.0,0.0
2025-04-01,89:05:020124:1329,Помещение,1979.0,"Квартира - жилое помещение расположено в многоквартирном доме, признанном аварийным и подлежащим сносу или реконструкции Постановление о признании многоквартирного дома, расположенного по адресу: Ямало-Ненецкий автономный округ, Пуровский район, город Тарко-Сале, улица Юбилейная, дом №8, аварийным и подлежащим сносу"" от 07.05.2019 года №254-РА",Деревянные,2,1979.0,205.0,89:05:020124:126,2,Жилое,5:0,02:014,"Ямало-Ненецкий автономный округ, р-н Пуровский, г Тарко-Сале, ул Юбилейная, д 8, кв 13",,,площадь,Купля-продажа,,,2025-03-21,2025-03-27,123569.93736951983,001001000000,1,,,,,,,47.9,5919000.0,,3.0,0.0
2025-04-01,89:05:020130:2013,Помещение,2023.0,Квартира,Бетонные,4,,101.0,89:05:020130:1960,6,Жилое,5:0,02:050,"Ямало-Ненецкий автономный округ, муниципальный округ Пуровский район, город Тарко-Сале, микрорайон Южный, дом 5, квартира 146",,,площадь,Купля-продажа,,,2025-03-21,2025-03-27,140704.69798657717,001001000000,1,,,,,,,59.6,8386000.0,,3.0,0.0
2025-04-01,89:12:110615:1590,Помещение,1982.0,Комната,Деревянные,2,1982.0,507.0,89:12:110615:303,2,Жилое,12:0,03:024,"Ямало-Ненецкий автономный округ, г Ноябрьск, ул Космонавтов, д 57, к 27",,,площадь,Купля-продажа,,,2025-03-27,2025-03-28,201096.61835748793,001001000000,1,,,,,,,20.7,4162700.0,,3.0,0.0
2025-04-01,89:12:160102:271,Помещение,1987.0,Помещение: двухкомнатная квартира,Каркасно-засыпные,2,1987.0,205.0,89:12:110601:624,2,Жилое,12:0:2,02:014,"Ямало-Ненецкий автономный округ, г Ноябрьск, мкр Вынгапуровский, ул Энтузиастов, д 29, кв 14",,,площадь,Купля-продажа,,,2025-03-27,2025-03-28,116678.89908256881,001001000000,1,,,,,,,54.5,6359000.0,,3.0,0.0
2025-04-01,89:11:020208:742,Помещение,2006.0,двухкомнатная квартира,Крупнопанельные,6,2006.0,507.0,89:11:020208:140,11,Жилое,11:0,03:024,"Ямало-Ненецкий автономный округ, г Новый Уренгой, ул Сибирская, д 69, кв 102",,,площадь,Купля-продажа,,,2025-03-27,2025-03-28,148214.2857142857,001001000000,1,,,,,,,56.0,8300000.0,,3.0,0.0
2025-04-01,89:05:030201:2095,Помещение,1987.0,"Жилое помещение расположено в многоквартирном доме, признанном аварийным и подлежащим сносу или реконструкции",Сборно-щитовые,1,1987.0,205.0,89:05:030201:1323,1,Жилое,5:1,02:014,"Ямало-Ненецкий автономный округ, р-н Пуровский, п Ханымей, кв-л Комсомольский, д 10, кв 4",,,площадь,Купля-продажа,,,2025-03-12,2025-03-28,54999.12727272727,001001000000,1,,,,,,,27.5,1512476.0,,3.0,0.0
2025-04-01,89:12:110819:256,Помещение,2015.0,Гараж,,1,,303.0,,,Нежилое,12:0,02:071,"Ямало-Ненецкий автономный округ, г Ноябрьск, ГК Ханто-2, ряд 36, гараж 47",,,площадь,Купля-продажа,,,2025-03-26,2025-03-28,37500.0,001001000000,1,,,,,,,24.0,900000.0,,3.0,0.0
2025-04-01,89:12:110601:2727,Помещение,1986.0,Квартира в многоквартирном доме,Смешанные,2,1986.0,205.0,89:12:110601:368,2,Жилое,12:0:2,02:014,"Ямало-Ненецкий автономный округ, г Ноябрьск, мкр Вынгапуровский, ул Энтузиастов, д 13а, кв 15",,,площадь,Купля-продажа,,,2025-03-27,2025-03-28,115983.71777476254,001001000000,1,,,,,,,73.7,8548000.0,,3.0,0.0
2025-04-01,89:12:110505:206,Помещение,2015.0,Помещение: одна комната в двухкомнатной квартире,Из прочих материалов,1,,201.0,89:12:110505:998,1,Жилое,12:0,02:061,"Ямало-Ненецкий автономный округ, городской округ город Ноябрьск, город Ноябрьск, микрорайон П, дом 65, квартира 4, комната 1",,,площадь,Купля-продажа,,,2025-03-28,2025-03-31,287405.6014535957,001001000000,1,,,,,,,10.8,6867126.0,Выброс,3.0,0.0
2025-08-01,89:14:010103:208,Помещение,1986.0,"1-комнатная квартира - Жилое помещение расположено в многоквартирном доме, признанном аварийным и подлежащим сносу или реконструкции",Дощатые,1,,205.0,89:14:010103:85,2,Жилое,,,"Ямало-Ненецкий автономный округ, г Губкинский, мкр 3-й, д 21, кв 11",,,площадь,Купля-продажа,,,2025-03-28,2025-04-01,108478.94736842105,001001000000,1,,,,,,,38.0,4122200.0,,3.0,0.0
2025-08-01,89:12:110303:464,Помещение,1988.0,"Жилое помещение расположено в многоквартирном доме, признанном аварийным и подлежащим сносу или реконструкции",Смешанные,1,,205.0,89:12:110303:241,2,Жилое,,,"Ямало-Ненецкий автономный округ, г Ноябрьск, мкр Вынгапуровский, ул Строителей, д 11, кв 1",,,площадь,Купля-продажа,,,2025-03-31,2025-04-02,119823.00884955753,001001000000,1,,,,,,,33.9,4062000.0,,3.0,0.0
2025-08-01,89:05:030201:1572,Помещение,1987.0,"Жилое помещение расположено в многоквартирном доме, признанном аварийным и подлежащим сносу или реконструкции. Приказ № 26 от 31.01.2022г. «О признании многоквартирного дома, расположенного по адресу: Ямало-Ненецкий автономный округ, Пуровский район, поселок Ханымей, квартал Комсомольский, дом № 17, аварийным и подлежащим сносу», выданный Администрацией поселка Ханымей.",Сборно-щитовые,2,,205.0,89:05:030201:890,2,Жилое,,,"Ямало-Ненецкий автономный округ, р-н Пуровский, п Ханымей, кв-л Комсомольский, д 17, кв 15",,,площадь,Купля-продажа,,,2025-03-14,2025-04-02,55074.72144846797,001001000000,1,,,,,,,71.8,3954365.0,,3.0,0.0
2025-08-01,89:12:000000:4939,Помещение,2015.0,Гараж,,1,,303.0,,,Нежилое,,,"Ямало-Ненецкий автономный округ, г Ноябрьск, ГК Пелей-8, ряд 62, гараж 24",,,площадь,Купля-продажа,,,2025-04-01,2025-04-03,16666.666666666668,001001000000,1,,,,,,,24.0,400000.0,,3.0,0.0
2025-08-01,89:12:110710:2757,Помещение,1989.0,Квартира в многоквартирном доме,Из легкобетонных панелей,1,,101.0,89:12:110710:425,9,Жилое,,,"Ямало-Ненецкий автономный округ, г Ноябрьск, пр-кт Мира, д 78, кв 7",,,площадь,Купля-продажа,,,2025-04-11,2025-04-11,75555.55555555556,001001000000,1,,,,,,,45.0,3400000.0,,3.0,0.0
2025-08-01,89:11:050202:744,Помещение,2015.0,гараж,,"1, антресольный этаж",,303.0,,,Нежилое,,,"Ямало-Ненецкий автономный округ, г Новый Уренгой, Северная коммунальная зона, Гаражно-эксплуатационный кооператив Василёк, гараж №485",,,площадь,Купля-продажа,,,2018-06-19,2025-04-14,6721.82006204757,001001000000,1,,,,,,,96.7,650000.0,,3.0,0.0
2025-08-01,89:04:020101:4207,Помещение,1999.0,Квартира,Смешанные,2,,101.0,89:04:020101:2820,5,Жилое,,,"Ямало-Ненецкий автономный округ, р-н Надымский, пгт Пангоды, ул Энергетиков, д 39, кв 65",,,площадь,Купля-продажа,,,2025-04-09,2025-04-14,49865.229110512126,001001000000,1,,,,,,,37.1,1850000.0,,3.0,0.0
2025-08-01,89:09:010104:51,Помещение,1986.0,помещение: квартира,Смешанные,2,,205.0,89:09:010104:38,2,Жилое,,,"Ямало-Ненецкий автономный округ, г Лабытнанги, ул Школьная, д 39, кв 5",,,площадь,Купля-продажа,,,2025-03-27,2025-04-15,116616.31419939577,001001000000,1,,,,,,,33.1,3860000.0,,3.0,0.0
2025-08-01,89:10:010201:1331,Помещение,1974.0,Квартира,Крупнопанельные,3,,101.0,89:10:010201:367,5,Жилое,,,"Ямало-Ненецкий автономный округ, г Надым, ул Комсомольская, д 31, кв 52",,,площадь,Купля-продажа,,,2025-04-14,2025-04-15,58873.72013651877,001001000000,1,,,,,,,58.6,3450000.0,,3.0,0.0
2025-08-01,89:11:020103:1721,Помещение,2015.0,гараж,,1,,303.0,,,Нежилое,,,"Ямало-Ненецкий автономный округ, г Новый Уренгой, ПГК Форд, гараж №21",,,площадь,Купля-продажа,,,2025-04-07,2025-04-15,62761.506276150634,001001000000,1,,,,,,,23.9,1500000.0,,3.0,0.0
2025-08-01,89:12:000000:4631,Помещение,2015.0,Гараж,,1,,303.0,,,Нежилое,,,"Ямало-Ненецкий автономный округ, г Ноябрьск, ГК Ханто-2, ряд 6, гараж 4",,,площадь,Купля-продажа,,,2025-04-13,2025-04-15,20833.333333333332,001001000000,1,,,,,,,24.0,500000.0,,3.0,0.0
2025-08-01,89:11:010303:651,Помещение,2015.0,гараж,,1,,303.0,,,Нежилое,,,"Ямало-Ненецкий автономный округ, г Новый Уренгой, район аэропорта, Гаражно-эксплуатационный кооператив ""Авиатор"", гараж Г-8",,,площадь,Купля-продажа,,,2025-04-12,2025-04-15,21604.938271604937,001001000000,1,,,,,,,48.6,1050000.0,,3.0,0.0
2025-08-01,89:11:050303:1102,Помещение,2022.0,Квартира №26,Смешанные,4,,101.0,89:11:050303:934,13,Жилое,,,"Ямало-Ненецкий автономный округ, г Новый Уренгой, мкр Славянский, д 1/4, кв 26",,,площадь,Купля-продажа,,,2025-04-12,2025-04-15,170149.25373134328,001001000000,1,,,,,,,33.5,5700000.0,,3.0,0.0
2025-08-01,89:11:030301:2507,Помещение,2015.0,гараж,,1,,303.0,,,Нежилое,,,"Ямало-Ненецкий автономный округ, г Новый Уренгой, Восточная промзона, Потребительский гаражно-строительный кооператив Ладья, гараж №31",,,площадь,Купля-продажа,,,2025-04-11,2025-04-15,42402.826855123676,001001000000,1,,,,,,,28.3,1200000.0,,3.0,0.0
2025-08-01,89:11:030205:835,Помещение,2015.0,,,1,,303.0,,,Нежилое,,,"Ямало-Ненецкий автономный округ, г Новый Уренгой, ул Промысловая 24, Потребительский гаражный кооператив ""Магна"", гараж №89",,,площадь,Купля-продажа,,,2025-04-10,2025-04-15,53879.31034482759,001001000000,1,,,,,,,23.2,1250000.0,,3.0,0.0
2025-08-01,89:11:000000:6999,Помещение,2004.0,гараж,Из прочих материалов,1,,303.0,89:11:000000:2253,1,Нежилое,,,"Ямало-Ненецкий автономный округ, г Новый Уренгой, Северная коммунальная зона, ГЭК ""Берег"", гараж №156",,,площадь,Купля-продажа,,,2025-04-11,2025-04-15,60869.565217391304,001001000000,1,,,,,,,23.0,1400000.0,,3.0,0.0
2025-08-01,89:11:050202:867,Помещение,2015.0,гараж,,1,,303.0,,,Нежилое,,,"Ямало-Ненецкий автономный округ, г Новый Уренгой, Северная коммунальная зона, Потребительский гаражно-эксплуатационный кооператив Трасса, гараж №225",,,площадь,Купля-продажа,,,2025-04-11,2025-04-15,67901.23456790124,001001000000,1,,,,,,,24.3,1650000.0,,3.0,0.0
2025-08-01,89:10:010209:321,Помещение,2015.0,Помещение,Крупнопанельные,8,,101.0,89:10:010209:276,11,Жилое,,,"Ямало-Ненецкий автономный округ, г Надым, мкр Олимпийский, д 3, кв 45",,,площадь,Купля-продажа,,,2025-04-11,2025-04-15,53380.78291814946,001001000000,1,,,,,,,56.2,3000000.0,,3.0,0.0
2025-08-01,89:10:010305:418,Помещение,2016.0,Помещение,Железобетонные,1,,303.0,89:10:010305:404,1,Нежилое,,,"Ямало-Ненецкий автономный округ, г Надым, проезд 8-й, строен 21, гараж № 14",,,площадь,Купля-продажа,,,2025-04-11,2025-04-16,3831.4176245210724,001001000000,1,,,,,,,26.1,100000.0,,3.0,0.0
2025-08-01,89:13:010208:430,Помещение,2015.0,гараж,,1,,303.0,,,Нежилое,,,"Ямало-Ненецкий автономный округ, городской округ город Муравленко, город Муравленко, улица Ямальская, земельный участок 12а, гараж 45",,,площадь,Купля-продажа,,,2025-04-10,2025-04-16,11013.215859030837,001001000000,1,,,,,,,22.7,250000.0,,3.0,0.0
2025-08-01,89:12:000000:5032,Помещение,2015.0,Гараж,,1,,303.0,,,Нежилое,,,"Ямало-Ненецкий автономный округ, г Ноябрьск, ГК Ханто-1, ряд 41, гараж 64",,,площадь,Купля-продажа,,,2025-04-13,2025-04-16,25000.0,001001000000,1,,,,,,,24.0,600000.0,,3.0,0.0
2025-08-01,89:11:030101:5450,Помещение,2016.0,Помещение,Из мелких бетонных блоков,3,,603.0,89:11:030101:2676,6,Нежилое,,,"Ямало-Ненецкий автономный округ, городской округ город Новый Уренгой, город Новый Уренгой, проспект Губкина, дом 14А, помещение 36 на поэтажном плане",,,площадь,Купля-продажа,,,2025-04-16,2025-04-17,170000.0,001001000000,1,,,,,,,19.2,3264000.0,,3.0,0.0
2025-08-01,89:11:020103:4296,Помещение,2023.0,,Из мелких бетонных блоков,2,,101.0,89:11:020103:4129,8,Жилое,,,"Ямало-Ненецкий автономный округ, городской округ город Новый Уренгой, город Новый Уренгой, микрорайон Строителей, дом 4, квартира 8",,,площадь,Купля-продажа,,,2025-04-16,2025-04-17,159722.22222222222,001001000000,1,,,,,,,28.8,4600000.0,,3.0,0.0
2025-08-01,89:11:020102:2476,Помещение,2024.0,,Иное,3,,101.0,89:11:020102:2462,9,Жилое,,,"Ямало-Ненецкий автономный округ, городской округ город Новый Уренгой, город Новый Уренгой, улица Набережная, дом 43Б, квартира 21",,,площадь,Купля-продажа,,,2025-04-11,2025-04-17,181990.99999999997,001001000000,1,,,,,,,38.6,7024852.6,,3.0,0.0
2025-08-01,89:11:030204:200,Помещение,2015.0,Гараж 349,,1,,303.0,,,Нежилое,,,"Ямало-Ненецкий автономный округ, г Новый Уренгой, Восточная промзона, южнее ул. Промышленная, Гаражный кооператив ""Потвор"", гараж № 349",,,площадь,Купля-продажа,,,2025-04-16,2025-04-18,41452.99145299145,001001000000,1,,,,,,,23.4,970000.0,,3.0,0.0
2025-08-01,89:12:110818:225,Помещение,2015.0,Гараж,,1,,303.0,,,Нежилое,,,"Ямало-Ненецкий автономный округ, г Ноябрьск, ГК ""Ханто-2"", ряд 8, гараж № 54",,,площадь,Купля-продажа,,,2025-04-15,2025-04-18,10416.666666666666,001001000000,1,,,,,,,24.0,250000.0,,3.0,0.0
2025-08-01,89:12:110406:1178,Помещение,2015.0,,,4,,205.0,,,Жилое,,,"Ямало-Ненецкий автономный округ, г Ноябрьск, ул Рабочая, д 109а, кв 11",,,площадь,Купля-продажа,,,2025-04-16,2025-04-18,124444.44444444444,001001000000,1,,,,,,,22.5,2800000.0,,3.0,0.0
2025-08-01,89:10:000000:2441,Помещение,2015.0,Гараж №13,,1,,303.0,,,Нежилое,,,"Ямало-Ненецкий автономный округ, г Надым, Панель ""Р"", проезд 13-й, ГК Ольга-5, гараж №13",,,площадь,Купля-продажа,,,2025-04-15,2025-04-18,30188.67924528302,001001000000,1,,,,,,,26.5,800000.0,,3.0,0.0
2025-08-01,89:04:020201:1592,Помещение,2015.0,Гараж,,1,,303.0,,,Нежилое,,,"Ямало-Ненецкий автономный округ, р-н Надымский, п Лонгъюган, гараж 12",,,площадь,Купля-продажа,,,2025-04-15,2025-04-18,4166.666666666667,001001000000,1,,,,,,,24.0,100000.0,,3.0,0.0
2025-08-01,89:11:020304:713,Помещение,1983.0,однокомнатная квартира,Смешанные,7,,101.0,89:11:020304:111,9,Жилое,,,"Ямало-Ненецкий автономный округ, г Новый Уренгой, пр-кт Ленинградский, д 4а, кв 97",,,площадь,Купля-продажа,,,2025-04-18,2025-04-21,192926.04501607717,001001000000,1,,,,,,,31.1,6000000.0,,3.0,0.0
2025-08-01,89:11:050102:2471,Помещение,1994.0,квартира,Из легкобетонных панелей,1,,101.0,89:11:050102:381,10,Жилое,,,"Ямало-Ненецкий автономный округ, г Новый Уренгой, мкр Восточный, д 1, корп 6, кв 76",,,площадь,Купля-продажа,,,2025-04-18,2025-04-21,160550.45871559632,001001000000,1,,,,,,,65.4,10500000.0,,3.0,0.0
2025-08-01,89:10:010208:3294,Помещение,1989.0,Трёхкомнатная квартира,Крупнопанельные,4,,101.0,89:10:010208:713,10,Жилое,,,"Ямало-Ненецкий автономный округ, г Надым, ул Зверева, д 44, кв 56",,,площадь,Купля-продажа,,,2025-04-18,2025-04-21,62684.36578171092,001001000000,1,,,,,,,67.8,4250000.0,,3.0,0.0
2025-08-01,89:12:110709:2599,Помещение,2006.0,Квартира,Из мелких бетонных блоков,3,,101.0,89:12:110709:269,10,Жилое,,,"Ямало-Ненецкий автономный округ, г Ноябрьск, ул Советская, д 101, кв 11",,,площадь,Купля-продажа,,,2025-04-16,2025-04-21,134065.93406593407,001003000000,1,,,,,,,45.5,6100000.0,,3.0,0.0
2025-08-01,89:13:010107:1044,Помещение,2018.0,,Смешанные,3,,205.0,89:13:010107:1041,3,Жилое,,,"Ямало-Ненецкий автономный округ, г Муравленко, ул Дружбы народов, д 74а, кв 11",,,площадь,Купля-продажа,,,2025-04-18,2025-04-21,103497.61064162754,001001000000,1,,,,,,,63.9,6613497.32,,3.0,0.0
2025-08-01,89:13:010112:758,Помещение,1992.0,2-комнатная квартира,Крупнопанельные,1,,101.0,89:13:010112:109,5,Жилое,,,"Ямало-Ненецкий автономный округ, г Муравленко, ул 70 лет Октября, д 20, кв 1",,,площадь,Купля-продажа,,,2025-04-17,2025-04-21,104077.09446640317,001001000000,1,,,,,,,50.6,5266300.98,,3.0,0.0
2025-08-01,89:08:020201:2328,Помещение,2024.0,,Бетонные,4,,101.0,89:08:020201:2290,8,Жилое,,,"Ямало-Ненецкий автономный округ, городской округ город Салехард, город Салехард, мкр.Обдорский, дом 3, корпус 1, кв.232",,,площадь,Купля-продажа,,,2025-04-17,2025-04-21,200573.06590257882,001001000000,1,,,,,,,34.9,7000000.0,,3.0,0.0
2025-08-01,89:12:110804:293,Помещение,2015.0,гараж №67,,1,,303.0,,,Нежилое,,,"Ямало-Ненецкий автономный округ, г Ноябрьск, ГК Ханто-1, блок №2, гараж №67",,,площадь,Купля-продажа,,,2025-04-18,2025-04-22,39910.31390134529,001001000000,1,,,,,,,22.3,890000.0,,3.0,0.0
2025-08-01,89:10:010107:3857,Помещение,1976.0,Четырехкомнатная квартира,Крупнопанельные,4,,101.0,89:10:010107:202,5,Жилое,,,"Ямало-Ненецкий автономный округ, г Надым, ул Полярная, д 7, кв 9",,,площадь,Купля-продажа,,,2025-04-21,2025-04-22,51724.137931034486,001001000000,1,,,,,,,87.0,4500000.0,,3.0,0.0
2025-08-01,89:10:010306:1287,Помещение,2015.0,Гараж,,1,,303.0,,,Нежилое,,,"Ямало-Ненецкий автономный округ, г Надым, панель П, товарищество ""Ремонтник"", гараж №3",,,площадь,Купля-продажа,,,2025-04-19,2025-04-22,7741.935483870968,001001000000,1,,,,,,,31.0,240000.0,,3.0,0.0
2025-08-01,89:11:000000:7608,Помещение,2015.0,Гараж,,1,,303.0,,,Нежилое,,,"Ямало-Ненецкий автономный округ, г Новый Уренгой, район Лимбяяха, ГСК ""Соты"", гараж №4",,,площадь,Купля-продажа,,,2025-04-19,2025-04-22,10460.251046025105,001001000000,1,,,,,,,23.9,250000.0,,3.0,0.0
2025-08-01,89:04:010701:2216,Помещение,2018.0,Здание-гараж,Железобетонные,1,,303.0,89:04:010701:1258,1,Нежилое,,,"Ямало-Ненецкий автономный округ, муниципальный округ Надымский район, поселок городского типа Заполярный, территория гск Заполярный, строение 10, помещение 53",,,площадь,Купля-продажа,,,2025-04-19,2025-04-22,4166.666666666667,001001000000,1,,,,,,,24.0,100000.0,,3.0,0.0
2025-08-01,89:12:110103:548,Помещение,1983.0,однокомнатная квартира,Кирпичные,2,,101.0,89:12:110103:150,6,Жилое,,,"Ямало-Ненецкий автономный округ, г Ноябрьск, ул Транспортная, д 14, кв 5",,,площадь,Купля-продажа,,,2025-04-18,2025-04-22,122257.05329153605,001001000000,1,,,,,,,31.9,3900000.0,,3.0,0.0
2025-08-01,89:12:000000:8686,Помещение,2015.0,Гараж,,1,,303.0,,,Нежилое,,,"Ямало-Ненецкий автономный округ, г Ноябрьск, мкр Вынгапуровский, Промзона, район панели III, гараж 4",,,площадь,Купля-продажа,,,2025-04-18,2025-04-22,4076.0869565217395,001001000000,1,,,,,,,36.8,150000.0,,3.0,0.0
2025-08-01,89:10:010302:594,Помещение,2015.0,Часть здания: гараж,,1,,303.0,,,Нежилое,,,"Ямало-Ненецкий автономный округ, г Надым, пр.№8, ГСК Буревестник, гараж №3, блок-бокс 2",,,площадь,Купля-продажа,,,2025-04-17,2025-04-22,9225.09225092251,001001000000,1,,,,,,,27.1,250000.0,,3.0,0.0
2025-08-01,89:08:010205:308,Помещение,2001.0,Однокомнатная квартира,Кирпичные,3,,101.0,89:08:010205:129,6,Жилое,,,"Ямало-Ненецкий автономный округ, городской округ город Салехард, город Салехард, улица Республики, дом 78, квартира 29",,,площадь,Купля-продажа,,,2025-04-21,2025-04-22,152941.17647058822,001001000000,1,,,,,,,42.5,6500000.0,,3.0,0.0
2025-08-01,89:11:050202:1241,Помещение,2015.0,часть здания: гараж,,1,,303.0,,,Нежилое,,,"Ямало-Ненецкий автономный округ, г Новый Уренгой, Северная Коммунальная Зона, Потребительский гаражно-эксплуатационный кооператив ""Трасса"", гараж № 150",,,площадь,Купля-продажа,,,2025-04-18,2025-04-22,69124.42396313364,001001000000,1,,,,,,,21.7,1500000.0,,3.0,0.0
2025-08-01,89:12:110407:324,Помещение,2018.0,,Из мелких бетонных блоков,2,,205.0,89:12:110407:297,4,Жилое,,,"Ямало-Ненецкий автономный округ, г Ноябрьск, ул Муравленко, д 24, кв 33",,,площадь,Купля-продажа,,,2025-04-18,2025-04-22,127071.82320441988,001001000000,1,,,,,,,36.2,4600000.0,,3.0,0.0
2025-08-01,89:05:010101:836,Помещение,2007.0,Квартира,Кирпичные,2,,205.0,89:05:010101:484,3,Жилое,,,"Ямало-Ненецкий автономный округ, р-н Пуровский, с Самбург, ул Набережная, д 7, кв 24",,,площадь,Купля-продажа,,,2025-04-19,2025-04-22,76013.5135135135,001001000000,1,,,,,,,59.2,4500000.0,,3.0,0.0
2025-08-01,89:11:080201:6463,Помещение,2015.0,гараж,,1,,303.0,,,Нежилое,,,"Ямало-Ненецкий автономный округ, г Новый Уренгой, жилой район Коротчаево, пр-кт Мира, ГСЭК ""Автодорожник"", гараж №31",,,площадь,Купля-продажа,,,2025-04-18,2025-04-22,58823.529411764706,001001000000,1,,,,,,,37.4,2200000.0,,3.0,0.0
2025-08-01,89:05:020106:272,Помещение,2005.0,"Помещение подвала (№№ 5,6,7,8,9)",Бетонные,подвал,,209.0,89:05:020103:87,4,Нежилое,,,"Ямало-Ненецкий автономный округ, р-н Пуровский, г Тарко-Сале, ул Республики, д 33",,,площадь,Купля-продажа,,,2025-04-21,2025-04-23,1642.57555847569,001001000000,1,,,,,,,304.4,500000.0,,3.0,0.0
2025-08-01,89:12:110601:1650,Помещение,1997.0,двухкомнатная квартира,Кирпичные,2,,101.0,89:12:110601:903,5,Жилое,,,"Ямало-Ненецкий автономный округ, г Ноябрьск, ул Советская, д 80, кв 6",,,площадь,Купля-продажа,,,2025-04-21,2025-04-23,157894.73684210525,001001000000,1,,,,,,,47.5,7500000.0,,3.0,0.0
2025-08-01,89:14:010124:419,Помещение,2015.0,гараж,,1,,303.0,,,Нежилое,,,"Ямало-Ненецкий автономный округ, г Губкинский, гаражный массив 11, блок 6/М, бокс 17",,,площадь,Купля-продажа,,,2025-04-22,2025-04-24,33484.1628959276,001001000000,1,,,,,,,22.1,740000.0,,3.0,0.0
2025-08-01,89:14:020102:1280,Помещение,2020.0,Гараж,Из легкобетонных панелей,1,,303.0,89:14:020102:741,1,Нежилое,,,"Ямало-Ненецкий автономный округ, Городской округ город Губкинский, г Губкинский, территория Панель 2, стр 0033/3",,,площадь,Купля-продажа,,,2025-04-18,2025-04-24,31120.331950207466,001001000000,1,,,,,,,48.2,1500000.0,,3.0,0.0
2025-08-01,89:05:030301:4924,Помещение,1989.0,Однокомнатная квартира,Железобетонные,4,,101.0,89:05:030301:5831,5,Жилое,,,"Ямало-Ненецкий автономный округ, городской округ город Губкинский, город Губкинский, улица Железнодорожная, дом 3, квартира 85",,,площадь,Купля-продажа,,,2025-04-17,2025-04-25,128205.1282051282,001001000000,1,,,,,,,27.3,3500000.0,,3.0,0.0
2025-08-01,89:13:010111:1774,Помещение,2016.0,Квартира,Из мелких бетонных блоков,4,,101.0,89:13:010111:1693,7,Жилое,,,"Ямало-Ненецкий автономный округ, г Муравленко, ул 70 лет Октября, д 45, кв 81",,,площадь,Купля-продажа,,,2025-04-23,2025-04-28,136612.02185792348,001001000000,1,,,,,,,18.3,2500000.0,,3.0,0.0
2025-08-01,89:12:000000:5127,Помещение,2015.0,Гараж,,1,,303.0,,,Нежилое,,,"Ямало-Ненецкий автономный округ, г Ноябрьск, ГК Ханто-1, ряд 6, гараж 14",,,площадь,Купля-продажа,,,2025-04-23,2025-04-28,18750.0,001001000000,1,,,,,,,24.0,450000.0,,3.0,0.0
2025-08-01,89:12:000000:8715,Помещение,2015.0,Гараж,,1,,303.0,,,Нежилое,,,"Ямало-Ненецкий автономный округ, г Ноябрьск, ГК Пелей-5, ряд 36, гараж 20",,,площадь,Купля-продажа,,,2025-04-24,2025-04-28,7075.471698113208,001001000000,1,,,,,,,21.2,150000.0,,3.0,0.0
2025-08-01,89:12:110607:153,Помещение,2001.0,Квартира,Кирпичные,1; 2,,201.0,89:12:110607:105,2,Жилое,,,"Ямало-Ненецкий автономный округ, г Ноябрьск, ул Хвойная, д 3, кв 2, Вынгапуровский мкр",,,площадь,Купля-продажа,,,2025-04-25,2025-04-29,63667.23259762309,001003000000,1,,,,,,,117.8,7500000.0,,3.0,0.0
2025-08-01,89:12:000000:5497,Помещение,2015.0,Гараж,,1,,303.0,,,Нежилое,,,"Ямало-Ненецкий автономный округ, г Ноябрьск, ГК Ханто-1, ряд 12, гараж 27Б",,,площадь,Купля-продажа,,,2025-04-27,2025-04-29,20833.333333333332,001001000000,1,,,,,,,24.0,500000.0,,3.0,0.0
2025-08-01,89:10:010205:237,Помещение,1994.0,Четырёхкомнатная квартира,Кирпичные,7,,101.0,89:10:010205:171,11,Жилое,,,"Ямало-Ненецкий автономный округ, г Надым, пр-кт Ленинградский, д 1/1, кв 23",,,площадь,Купля-продажа,,,2025-04-17,2025-05-05,84530.85376162299,001001000000,1,,,,,,,118.3,10000000.0,,3.0,0.0
2025-08-01,89:11:070101:3696,Помещение,1993.0,Гараж №56,Крупнопанельные,1,,303.0,89:11:070101:1328,1,Нежилое,,,"Ямало-Ненецкий автономный округ, г Новый Уренгой, район Лимбяяха, ГПК ""Ермак"", гараж № 56",,,площадь,Купля-продажа,,,2025-05-05,2025-05-06,22775.80071174377,001001000000,1,,,,,,,28.1,640000.0,,3.0,0.0
2025-08-01,89:12:110703:2062,Помещение,1990.0,трёхкомнатная квартира,Железобетонные,3,,101.0,89:12:110703:104,5,Жилое,,,"Ямало-Ненецкий автономный округ, г Ноябрьск, ул Магистральная, д 115, кв 9",,,площадь,Купля-продажа,,,2025-05-05,2025-05-06,128048.78048780489,001001000000,1,,,,,,,65.6,8400000.0,,3.0,0.0
2025-08-01,89:12:110403:601,Помещение,2007.0,Квартира в многоквартирном доме,Смешанные,2,,205.0,89:12:110405:972,4,Жилое,,,"Ямало-Ненецкий автономный округ, г Ноябрьск, ул Интернационалистов, д 47, кв 41",,,площадь,Купля-продажа,,,2025-05-05,2025-05-06,65749.23547400611,001001000000,1,,,,,,,32.7,2150000.0,,3.0,0.0
2025-08-01,89:08:010304:1359,Помещение,1995.0,Помещение: трёхкомнатная квартира,Рубленые,2,,201.0,89:08:010304:895,2,Жилое,,,"Ямало-Ненецкий автономный округ, г Салехард, ул Игарская, д 36, кв 2",,,площадь,Купля-продажа,,,2025-05-07,2025-05-07,98591.54929577465,001001000000,1,,,,,,,71.0,7000000.0,,3.0,0.0
2025-08-01,89:14:010109:1133,Помещение,1998.0,однокомнатная квартира,Из легкобетонных панелей,5,,101.0,89:14:010109:162,5,Жилое,,,"Ямало-Ненецкий автономный округ, г Губкинский, мкр 9-й, д 21, кв 29",,,площадь,Купля-продажа,,,2025-05-06,2025-05-07,134770.88948787062,001001000000,1,,,,,,,37.1,5000000.0,,3.0,0.0
2025-08-01,89:09:000000:1075,Помещение,2015.0,часть здания: гараж в капитальном исполнении,,1,,303.0,,,Нежилое,,,"Ямало-Ненецкий автономный округ, г Лабытнанги, мкр 2, ул Студенческая, гаражная площадка №17, Бокс №6",,,площадь,Купля-продажа,,,2025-05-05,2025-05-07,59633.02752293578,001001000000,1,,,,,,,21.8,1300000.0,,3.0,0.0
2025-08-01,89:11:050103:2433,Помещение,1991.0,двухкомнатная квартира,Крупнопанельные,9,,101.0,89:11:050103:298,9,Жилое,,,"Ямало-Ненецкий автономный округ, г Новый Уренгой, мкр Мирный, д 1, корп 6, кв 35",,,площадь,Купля-продажа,,,2025-05-05,2025-05-12,126838.23529411765,001003000000,1,,,,,,,54.4,6900000.0,,3.0,0.0
2025-08-01,89:12:110703:1569,Помещение,1991.0,двухкомнатная квартира,Крупнопанельные,1,,101.0,89:12:110709:231,5,Жилое,,,"Ямало-Ненецкий автономный округ, г Ноябрьск, ул Высоцкого, д 7, кв 78",,,площадь,Купля-продажа,,,2025-05-12,2025-05-12,134351.85185185185,001003000000,1,,,,,,,54.0,7255000.0,,3.0,0.0
2025-08-01,89:10:010306:1892,Помещение,2017.0,гараж №115,Железобетонные,1,,303.0,89:10:010306:1666,1,Нежилое,,,"Ямало-Ненецкий автономный округ, г Надым, тер КССГ Автостоп, строен 10, гараж №115",,,площадь,Купля-продажа,,,2025-05-08,2025-05-14,6578.9473684210525,001001000000,1,,,,,,,53.2,350000.0,,3.0,0.0
2025-08-01,89:11:020102:2474,Помещение,2024.0,,Иное,3,,101.0,89:11:020102:2462,9,Жилое,,,"Ямало-Ненецкий автономный округ, городской округ город Новый Уренгой, город Новый Уренгой, улица Набережная, дом 43Б, квартира 19",,,площадь,Купля-продажа,,,2025-04-29,2025-05-14,182696.99004975124,001001000000,1,,,,,,,40.2,7344419.0,,3.0,0.0
2025-08-01,89:08:000000:1809,Помещение,2015.0,Часть здания: гараж в капитальном исполнении,,1,,303.0,,,Нежилое,,,"Ямало-Ненецкий автономный округ, г Салехард, ул Подшибякина, площадка №21, строение 4, Бокс №8 литер Б",,,площадь,Купля-продажа,,,2025-05-13,2025-05-15,93073.59307359307,001001000000,1,,,,,,,23.1,2150000.0,,3.0,0.0
2025-08-01,89:12:000000:3422,Помещение,2015.0,Гараж,,1,,303.0,,,Нежилое,,,"Ямало-Ненецкий автономный округ, г Ноябрьск, ГК Холмогор, гараж 8",,,площадь,Купля-продажа,,,2025-05-13,2025-05-15,51200.0,001001000000,1,,,,,,,25.0,1280000.0,,3.0,0.0
2025-08-01,89:14:020103:980,Помещение,2015.0,Гараж,,1,,303.0,,,Нежилое,,,"Ямало-Ненецкий автономный округ, г Губкинский, Промзона, Панель 5, ГСК ""Сфера"", блок 21, бокс 453-454",,,площадь,Купля-продажа,,,2025-05-15,2025-05-16,19767.441860465115,001001000000,1,,,,,,,86.0,1700000.0,,3.0,0.0
2025-08-01,89:05:020301:8038,Помещение,2015.0,гараж,,1,,303.0,,,Нежилое,,,"Ямало-Ненецкий автономный округ, р-н Пуровский, пгт Уренгой, мкр-н Четвёртый, район жилого дома №16, ряд №4, участок №9",,,площадь,Купля-продажа,,,2025-04-02,2025-05-16,23333.333333333332,001001000000,1,,,,,,,30.0,700000.0,,3.0,0.0
2025-08-01,89:11:050202:707,Помещение,2015.0,гараж,,1,,303.0,,,Нежилое,,,"Ямало-Ненецкий автономный округ, г Новый Уренгой, Северная коммунальная зона, Потребительский гаражно-строительный кооператив Лето, гараж №93",,,площадь,Купля-продажа,,,2025-05-17,2025-05-20,61643.83561643836,001001000000,1,,,,,,,21.9,1350000.0,,3.0,0.0
2025-08-01,89:12:110703:563,Помещение,1990.0,двухкомнатная квартира,Крупнопанельные,4,,101.0,89:12:110703:246,5,Жилое,,,"Ямало-Ненецкий автономный округ, г Ноябрьск, ул Магистральная, д 113А, кв 40",,,площадь,Купля-продажа,,,2025-05-20,2025-05-20,135922.33009708737,001001000000,1,,,,,,,51.5,7000000.0,,3.0,0.0
2025-08-01,89:01:010802:8371,Помещение,2013.0,Помещение: квартира,Крупноблочные,2,,205.0,89:01:010802:8346,3,Жилое,,,"Ямало-Ненецкий автономный округ, р-н Шурышкарский, нп Мужи, ул Советская, д 27, кв 14",,,площадь,Купля-продажа,,,2025-05-20,2025-05-21,150000.0,001003000000,1,,,,,,,40.0,6000000.0,,3.0,0.0
2025-08-01,89:11:050202:717,Помещение,2015.0,гараж,,1,,303.0,,,Нежилое,,,"Ямало-Ненецкий автономный округ, г Новый Уренгой, Северная коммунальная зона, Гаражно-строительный кооператив Мобиле, гараж №180",,,площадь,Купля-продажа,,,2025-05-19,2025-05-21,42056.074766355145,001001000000,1,,,,,,,21.4,900000.0,,3.0,0.0
2025-08-01,89:14:010126:1143,Помещение,2022.0,,Бетонные,3,,101.0,89:14:010126:1127,6,Жилое,,,"Ямало-Ненецкий автономный округ, городской округ город Губкинский, город Губкинский, микрорайон № 15, дом 19, кв.12",,,площадь,Купля-продажа,,,2025-05-20,2025-05-21,168711.6564417178,001001000000,1,,,,,,,32.6,5500000.0,,3.0,0.0
2025-08-01,89:08:010201:1896,Помещение,2004.0,однокомнатная квартира,Железобетонные,4,,101.0,89:08:010201:1364,8,Жилое,,,"Ямало-Ненецкий автономный округ, г Салехард, ул Арктическая, д 12, кв 176",,,площадь,Купля-продажа,,,2025-05-20,2025-05-21,225000.0,001001000000,1,,,,,,,36.0,8100000.0,,3.0,0.0
2025-08-01,89:10:010206:2029,Помещение,1988.0,Двухкомнатная квартира,Крупнопанельные,7,,101.0,89:10:010208:636,9,Жилое,,,"Ямало-Ненецкий автономный округ, г Надым, ул Зверева, д 38, кв 188",,,площадь,Купля-продажа,,,2025-05-22,2025-05-23,95940.95940959408,001001000000,1,,,,,,,54.2,5200000.0,,3.0,0.0
2025-08-01,89:10:010206:2911,Помещение,1982.0,Квартира,Смешанные,3,,101.0,89:10:010206:330,5,Жилое,,,"Ямало-Ненецкий автономный округ, муниципальный округ Надымский район, город Надым, улица Набережная имени Оруджева С.А., дом 13, квартира 22",,,площадь,Купля-продажа,,,2025-05-22,2025-05-23,75088.33922261484,001001000000,1,,,,,,,56.6,4250000.0,,3.0,0.0
2025-08-01,89:10:000000:4018,Помещение,2017.0,Помещение,Железобетонные,6,,101.0,89:10:000000:3889,11,Жилое,,,"Ямало-Ненецкий автономный округ, г Надым, мкр Олимпийский, д 5, кв 129",,,площадь,Купля-продажа,,,2025-05-23,2025-05-26,85416.66666666667,001001000000,1,,,,,,,48.0,4100000.0,,3.0,0.0
2025-08-01,89:02:020107:715,Помещение,2019.0,,Из мелких бетонных блоков,3,,205.0,89:02:020107:711,3,Жилое,,,"Ямало-Ненецкий автономный округ, Приуральский район, сельское поселение Аксарковское, село Аксарка, улица Обская, дом №4, кв 12",,,площадь,Купля-продажа,,,2025-05-23,2025-05-26,148752.97101449277,001001000000,1,,,,,,,41.4,6158373.0,,3.0,0.0
2025-08-01,89:12:000000:4392,Помещение,2015.0,Гараж,,1,,303.0,,,Нежилое,,,"Ямало-Ненецкий автономный округ, г Ноябрьск, ГК Ханто-2, ряд 61, гараж 22",,,площадь,Купля-продажа,,,2025-05-21,2025-05-26,20833.333333333332,001001000000,1,,,,,,,24.0,500000.0,,3.0,0.0
2025-08-01,89:04:020101:5319,Помещение,2015.0,Квартира,Смешанные,3,,101.0,89:04:020101:1774,5,Жилое,,,"Ямало-Ненецкий автономный округ, р-н Надымский, пгт Пангоды, ул Ленина, д 15, кв 8",,,площадь,Купля-продажа,,,2025-05-23,2025-05-26,53030.30303030303,001001000000,1,,,,,,,39.6,2100000.0,,3.0,0.0
2025-08-01,89:13:010106:1716,Помещение,2015.0,Квартира,Из мелких бетонных блоков,2,,205.0,89:13:010106:1656,3,Жилое,,,"Ямало-Ненецкий автономный округ, г Муравленко, ул Энтузиастов, д 1, кв 48",,,площадь,Купля-продажа,,,2025-05-23,2025-05-26,98039.21568627452,001001000000,1,,,,,,,40.8,4000000.0,,3.0,0.0
2025-08-01,89:12:110615:2778,Помещение,2020.0,,Смешанные,1,,209.0,89:12:110615:1865,4,Нежилое,,,"Ямало-Ненецкий автономный округ, Ноябрьск г, 60 лет СССР ул, д 70а, помещение 15",,,площадь,Купля-продажа,,,2025-05-25,2025-05-27,917.4311926605504,001001000000,1,,,,,,,10.9,10000.0,,3.0,0.0
2025-08-01,89:08:010104:1461,Помещение,2006.0,двухкомнатная квартира,Монолитные,5,,101.0,89:08:010104:247,8,Жилое,,,"Ямало-Ненецкий автономный округ, г Салехард, ул Чубынина, д 25, кв 103",,,площадь,Купля-продажа,,,2025-05-25,2025-05-27,207920.79207920792,001001000000,1,,,,,,,50.5,10500000.0,,3.0,0.0
2025-08-01,89:12:110403:567,Помещение,1990.0,"двухкомнатная квартира на первом этаже жилого дома, назначение: жилое",Из прочих материалов,1,,101.0,89:12:110403:730,5,Жилое,,,"Ямало-Ненецкий автономный округ, г Ноябрьск, ул Рабочая, д 20а, кв 4",,,площадь,Купля-продажа,,,2025-05-23,2025-05-27,108159.39278937381,001001000000,1,,,,,,,52.7,5700000.0,,3.0,0.0
2025-08-01,89:08:000000:2158,Помещение,2015.0,Часть здания: гараж,,1,,303.0,,,Нежилое,,,"Ямало-Ненецкий автономный округ, г Салехард, Восточная часть города, площадка 13, строен.1, бокс 38",,,площадь,Купля-продажа,,,2025-05-23,2025-05-27,50000.0,001001000000,1,,,,,,,24.0,1200000.0,,3.0,0.0
2025-08-01,89:05:000000:13025,Помещение,1998.0,Квартира,Деревянные,1,,201.0,89:05:010305:325,1,Жилое,,,"Ямало-Ненецкий автономный округ, р-н Пуровский, с Самбург, ул Ненецкая, д 5, кв 3",,,площадь,Купля-продажа,,,2025-04-07,2025-05-27,35128.805620608895,001001000000,1,,,,,,,42.7,1500000.0,,3.0,0.0
2025-08-01,89:13:010216:323,Помещение,2015.0,помещение,,1,,303.0,,,Нежилое,,,"Ямало-Ненецкий автономный округ, г Муравленко, ул Губкина, д 55/7, пом.221",,,площадь,Купля-продажа,,,2025-05-23,2025-05-27,20689.655172413793,001001000000,1,,,,,,,23.2,480000.0,,3.0,0.0
2025-08-01,89:12:000000:4087,Помещение,2015.0,Гараж,,1,,303.0,,,Нежилое,,,"Ямало-Ненецкий автономный округ, г Ноябрьск, ГК Ханто-2, ряд 15, гараж 35",,,площадь,Купля-продажа,,,2025-05-23,2025-05-27,8333.333333333334,001001000000,1,,,,,,,24.0,200000.0,,3.0,0.0
2025-08-01,89:08:000000:2209,Помещение,2015.0,Помещение,,1,,303.0,,,Нежилое,,,"Ямало-Ненецкий автономный округ, г Салехард, Восточная часть города, площадка 13, строение №8, бокс №12",,,площадь,Купля-продажа,,,2025-05-22,2025-05-28,18750.0,001001000000,1,,,,,,,24.0,450000.0,,3.0,0.0
2025-08-01,89:10:010206:2526,Помещение,1982.0,однокомнатная квартира,Из прочих материалов,1,,101.0,89:10:010206:416,5,Жилое,,,"Ямало-Ненецкий автономный округ, г Надым, пр. Ленинградский, д 7, кв 17",,,площадь,Купля-продажа,,,2025-05-27,2025-05-28,98072.2891566265,001001000000,1,,,,,,,41.5,4070000.0,,3.0,0.0
2025-08-01,89:09:010210:297,Помещение,2014.0,Гараж,Из прочих материалов,1,,303.0,89:09:010210:294,1,Нежилое,,,"Ямало-Ненецкий автономный округ, г Лабытнанги, ул Дзержинского, гаражная площадка № 4, бокс № 14",,,площадь,Купля-продажа,,,2025-05-27,2025-05-28,15503.875968992248,001001000000,1,,,,,,,25.8,400000.0,,3.0,0.0
2025-08-01,89:14:010114:2234,Помещение,2008.0,,Кирпичные,,,107.0,89:14:010114:101,5,Нежилое,,,"Ямало-Ненецкий автономный округ, город Губкинский, мкр № 15, д 6, пом.1",,,площадь,Купля-продажа,,,2025-05-22,2025-05-29,25231.286795626576,001001000000,1,,,,,,,118.9,3000000.0,,3.0,0.0
2025-08-01,89:11:020302:1605,Помещение,1984.0,помещение: трёхкомнатная квартира,Из мелких бетонных блоков,2,,101.0,89:11:020302:191,10,Жилое,,,"Ямало-Ненецкий автономный округ, г Новый Уренгой, ул 26 Съезда КПСС, д 6, кв 6",,,площадь,Купля-продажа,,,2025-05-23,2025-05-29,128787.87878787878,001001000000,1,,,,,,,66.0,8500000.0,,3.0,0.0
2025-08-01,89:14:010109:1412,Помещение,1997.0,помещение: трёхкомнатная квартира,Из легкобетонных панелей,4,,101.0,89:14:010109:170,5,Жилое,,,"Ямало-Ненецкий автономный округ, г Губкинский, мкр 9-й, д 17, кв 27",,,площадь,Купля-продажа,,,2025-05-24,2025-05-30,134529.14798206277,001001000000,1,,,,,,,66.9,9000000.0,,3.0,0.0
2025-08-01,89:05:020116:390,Помещение,2016.0,Квартира,Кирпичные,1,,101.0,89:05:020116:385,5,Жилое,,,"Ямало-Ненецкий автономный округ, р-н Пуровский, г Тарко-Сале, ул Геологов, д 7, корп 3, кв 2",,,площадь,Купля-продажа,,,2025-05-23,2025-05-30,158035.7142857143,001002000000,1,,,,,,,56.0,8850000.0,,3.0,0.0
2025-08-01,89:13:010104:1387,Помещение,1986.0,Квартира,Железобетонные,4,,101.0,89:13:010105:843,5,Жилое,,,"Ямало-Ненецкий автономный округ, г Муравленко, ул Ленина, д 48, кв 26",,,площадь,Купля-продажа,,,2025-06-02,2025-06-02,113702.62390670554,001001000000,1,,,,,,,34.3,3900000.0,,3.0,0.0
2025-08-01,89:05:030301:3081,Помещение,2008.0,Квартира,Сборно-щитовые,01+Мансарда,,201.0,89:05:030301:2274,2,Жилое,,,"Ямало-Ненецкий автономный округ, городской округ город Губкинский, город Губкинский, улица Аэродромная, дом 20А, квартира 2",,,площадь,Купля-продажа,,,2025-06-04,2025-06-04,38007.1018651363,001001000000,1,,,,,,,139.4,5298190.0,,3.0,0.0
2025-08-01,89:11:050104:1675,Помещение,1987.0,помещение: однокомнатная квартира,Железобетонные,3,,101.0,89:11:050104:247,10,Жилое,,,"Ямало-Ненецкий автономный округ, г Новый Уренгой, мкр Советский, д 1, корп 1, кв 14",,,площадь,Купля-продажа,,,2025-06-03,2025-06-04,175589.78791208792,001001000000,1,,,,,,,36.4,6391468.28,,3.0,0.0
2025-08-01,89:09:020102:1011,Помещение,2022.0,,Бетонные,2,,101.0,89:09:020102:977,7,Жилое,,,"Ямало-Ненецкий автономный округ, городской округ город Лабытнанги, город Лабытнанги, улица Ивана Путилина, дом 1, квартира 12",,,площадь,Купля-продажа,,,2025-06-03,2025-06-04,160120.84592145015,001001000000,1,,,,,,,33.1,5300000.0,,3.0,0.0
2025-08-01,89:11:050103:2752,Помещение,2015.0,однокомнатная квартира,Крупнопанельные,1,,101.0,89:11:050103:302,10,Жилое,,,"Ямало-Ненецкий автономный округ, г Новый Уренгой, мкр Мирный, д 1, корп 8, кв 2",,,площадь,Купля-продажа,,,2024-05-06,2025-06-04,70422.5352112676,001001000000,1,,,,,,,35.5,2500000.0,,3.0,0.0
2025-08-01,89:01:010804:196,Помещение,2005.0,Помещение: квартира,Деревянные,1,,205.0,89:01:010804:112,2,Жилое,,,"Ямало-Ненецкий автономный округ, р-н Шурышкарский, с Мужи, ул Истомина, д 7а, кв 8",,,площадь,Купля-продажа,,,2025-06-04,2025-06-05,109532.71028037384,001001000000,1,,,,,,,53.5,5860000.0,,3.0,0.0
2025-08-01,89:12:000000:5351,Помещение,2015.0,Гараж,,1,,303.0,,,Нежилое,,,"Ямало-Ненецкий автономный округ, г Ноябрьск, ГК Ханто-1, ряд 13, гараж 10",,,площадь,Купля-продажа,,,2025-06-01,2025-06-06,59166.666666666664,001001000000,1,,,,,,,24.0,1420000.0,,3.0,0.0
2025-08-01,89:12:110710:538,Помещение,1996.0,Квартира,Кирпичные,6,,101.0,89:12:110710:230,10,Жилое,,,"Ямало-Ненецкий автономный округ, г Ноябрьск, пр-кт Мира, д 36, кв 19",,,площадь,Купля-продажа,,,2025-06-04,2025-06-09,114566.28477905074,001001000000,1,,,,,,,61.1,7000000.0,,3.0,0.0
2025-08-01,89:12:000000:8316,Помещение,2015.0,Гараж,,1,,303.0,,,Нежилое,,,"Ямало-Ненецкий автономный округ, г Ноябрьск, ГК Ханто-2, ряд 50, гараж 27",,,площадь,Купля-продажа,,,2025-06-05,2025-06-09,22477.064220183485,001001000000,1,,,,,,,21.8,490000.0,,3.0,0.0
2025-08-01,89:11:050303:742,Помещение,2022.0,Квартира №44,Смешанные,7,,101.0,89:11:050303:734,13,Жилое,,,"Ямало-Ненецкий автономный округ, г Новый Уренгой, мкр Славянский, д 1/3, кв 44",,,площадь,Купля-продажа,,,2025-06-10,2025-06-10,153767.82077393075,001001000000,1,,,,,,,49.1,7550000.0,,3.0,0.0
2025-08-01,89:11:020302:725,Помещение,1982.0,квартира в многоквартирном доме,Из мелких бетонных блоков,8,,101.0,89:11:020302:164,9,Жилое,,,"Ямало-Ненецкий автономный округ, г Новый Уренгой, пр-кт Ленинградский, д 7, кв 32",,,площадь,Купля-продажа,,,2025-06-10,2025-06-10,129027.31958762887,001001000000,1,,,,,,,58.2,7509390.0,,3.0,0.0
2025-08-01,89:05:020123:396,Помещение,1977.0,Квартира,Деревянные,1,,205.0,89:05:020123:159,1,Жилое,,,"Ямало-Ненецкий автономный округ, р-н Пуровский, г Тарко-Сале, ул Геофизиков, д 6, кв 4",,,площадь,Купля-продажа,,,2025-06-10,2025-06-10,152985.07462686568,001001000000,1,,,,,,,26.8,4100000.0,,3.0,0.0
2025-08-01,89:12:110406:374,Помещение,2014.0,Квартира,Из прочих материалов,1,,205.0,89:12:110406:363,3,Жилое,,,"Ямало-Ненецкий автономный округ, г Ноябрьск, ул Сибирская, д 191, кв 26",,,площадь,Купля-продажа,,,2025-06-10,2025-06-11,129129.12912912914,001001000000,1,,,,,,,33.3,4300000.0,,3.0,0.0
2025-08-01,89:04:020101:8181,Помещение,2015.0,Гараж №367,,1,,303.0,,,Нежилое,,,"Ямало-Ненецкий автономный округ, р-н Надымский, п Пангоды, ул Мира, КСЭИГ ""Автомобилист-93"", гараж №367",,,площадь,Купля-продажа,,,2025-06-10,2025-06-11,21459.227467811157,001001000000,1,,,,,,,23.3,500000.0,,3.0,0.0
2025-08-01,89:12:110703:1918,Помещение,1992.0,двухкомнатная квартира,Из легкобетонных панелей,7,,507.0,89:12:110601:953,9,Жилое,,,"Ямало-Ненецкий автономный округ, г Ноябрьск, ул Советская, д 90б, кв 701",,,площадь,Купля-продажа,,,2025-06-10,2025-06-11,118303.57142857143,001001000000,1,,,,,,,44.8,5300000.0,,3.0,0.0
2025-08-01,89:11:030204:377,Помещение,2015.0,Гараж 141/IV,,1,,303.0,,,Нежилое,,,"Ямало-Ненецкий автономный округ, г Новый Уренгой, Восточная промзона, южнее ул. Промышленной, ПГК ""Потвор"", гараж №141/IV",,,площадь,Купля-продажа,,,2025-06-06,2025-06-16,25862.068965517243,001001000000,1,,,,,,,23.2,600000.0,,3.0,0.0
2025-08-01,89:10:000000:3449,Помещение,2015.0,"Гараж № 23, ГСК ""Гидрант""",,1,,303.0,,,Нежилое,,,"Ямало-Ненецкий автономный округ, г Надым, в районе городского водозабора, ГСК ""Гидрант"", гараж № 23",,,площадь,Купля-продажа,,,2025-06-16,2025-06-17,13404.825737265417,001001000000,1,,,,,,,37.3,500000.0,,3.0,0.0
2025-08-01,89:10:010202:1260,Помещение,1977.0,Однокомнатная квартира на втором этаже жилого дома,Крупнопанельные,2,,101.0,89:10:010201:347,5,Жилое,,,"Ямало-Ненецкий автономный округ, г Надым, ул Комсомольская, д 12/4, кв 67",,,площадь,Купля-продажа,,,2025-06-16,2025-06-17,113636.36363636363,001001000000,1,,,,,,,28.6,3250000.0,,3.0,0.0
2025-08-01,89:06:010109:4882,Помещение,2023.0,,Из мелких бетонных блоков,4,,205.0,89:06:010109:4877,4,Жилое,,,"Ямало-Ненецкий автономный округ, муниципальный округ Тазовский район, поселок Тазовский, улица Геофизиков, дом 19, кв. 13",,,площадь,Купля-продажа,,,2025-06-16,2025-06-18,98039.21568627452,001001000000,1,,,,,,,40.8,4000000.0,,3.0,0.0
2025-08-01,89:11:020302:1464,Помещение,1982.0,двухкомнатная квартира,Из мелких бетонных блоков,6,,101.0,89:11:020302:189,10,Жилое,,,"Ямало-Ненецкий автономный округ, г Новый Уренгой, ул Юбилейная, д 3, кв 23",,,площадь,Купля-продажа,,,2025-06-17,2025-06-18,119047.61904761905,001001000000,1,,,,,,,42.0,5000000.0,,3.0,0.0
2025-08-01,89:12:110705:2563,Помещение,1982.0,Квартира,Бетонные,3,,101.0,89:12:110705:244,5,Жилое,,,"Ямало-Ненецкий автономный округ, г Ноябрьск, ул Ленина, д 46, кв 37",,,площадь,Купля-продажа,,,2025-05-31,2025-06-18,115234.375,001001000000,1,,,,,,,51.2,5900000.0,,3.0,0.0
2025-08-01,89:08:010202:3642,Помещение,2017.0,,Бетонные,3,,101.0,89:08:010202:3641,9,Жилое,,,"Ямало-Ненецкий автономный округ, г Салехард, ул Зои Космодемьянской, д 74, кв 138",,,площадь,Купля-продажа,,,2025-06-17,2025-06-18,180698.1519507187,001001000000,1,,,,,,,48.7,8800000.0,,3.0,0.0
2025-08-01,89:05:020301:5939,Помещение,2015.0,Гараж,,1,,303.0,,,Нежилое,,,"Ямало-Ненецкий автономный округ, р-н Пуровский, пгт Уренгой, Южная часть промышленной зоны, 2 очередь, ряд 10, бокс 48",,,площадь,Купля-продажа,,,2025-06-17,2025-06-19,14722.222222222223,001001000000,1,,,,,,,36.0,530000.0,,3.0,0.0
2025-08-01,89:12:000000:7683,Помещение,2015.0,Гараж,,1,,303.0,,,Нежилое,,,"Ямало-Ненецкий автономный округ, г Ноябрьск, ГПК ""Тепловик"", гараж 221",,,площадь,Купля-продажа,,,2025-06-17,2025-06-19,34905.660377358494,001001000000,1,,,,,,,21.2,740000.0,,3.0,0.0
2025-08-01,89:05:000000:11204,Помещение,2015.0,гаражный бокс № 30,,1,,303.0,,,Нежилое,,,"Ямало-Ненецкий автономный округ, р-н Пуровский, г Тарко-Сале, гараж 30, район промбазы НГРЭ",,,площадь,Купля-продажа,,,2025-05-25,2025-06-19,49773.755656108595,001001000000,1,,,,,,,22.1,1100000.0,,3.0,0.0
2025-08-01,89:12:110616:3174,Помещение,1983.0,Комната,Крупнопанельные,2,,507.0,89:12:110616:453,2,Жилое,,,"Ямало-Ненецкий автономный округ, городской округ город Ноябрьск, город Ноябрьск, улица Холмогорская, дом 13, квартира 73",,,площадь,Купля-продажа,,,2025-06-19,2025-06-20,67105.26315789473,001001000000,1,,,,,,,11.4,765000.0,,3.0,0.0
2025-08-01,89:11:050102:3581,Помещение,2015.0,однокомнатная квартира,Из прочих материалов,9,,101.0,89:11:050102:310,10,Жилое,,,"Ямало-Ненецкий автономный округ, г Новый Уренгой, мкр Восточный, д 2, корп 5, кв 88",,,площадь,Купля-продажа,,,2025-06-19,2025-06-20,176546.39175257733,001001000000,1,,,,,,,38.8,6850000.0,,3.0,0.0
2025-08-01,89:11:030204:1328,Помещение,2015.0,,,1,,303.0,,,Нежилое,,,"Ямало-Ненецкий автономный округ, г. Новый Уренгой, Восточная промзона, проезд 4, панель «Б», ГК ""РАФ"", гараж №1",,,площадь,Купля-продажа,,,2025-06-19,2025-06-23,20661.15702479339,001001000000,1,,,,,,,24.2,500000.0,,3.0,0.0
2025-08-01,89:09:010209:753,Помещение,2007.0,пятикомнатная квартира,Бетонные,4-5,,101.0,89:09:010108:375,5,Жилое,,,"Ямало-Ненецкий автономный округ, г Лабытнанги, ул Леонида Гиршгорна, д 51, кв 30",,,площадь,Купля-продажа,,,2024-05-13,2025-06-23,67523.39812814974,001001000000,1,,,,,,,138.9,9379000.0,,3.0,0.0
2025-08-01,89:11:080201:6025,Помещение,2015.0,гараж №38,,1,,303.0,,,Нежилое,,,"Ямало-Ненецкий автономный округ, г Новый Уренгой, жилрайон Коротчаево, пр-кт Мира, Гаражно-строительный кооператив ""Надежда"", гараж №38",,,площадь,Купля-продажа,,,2025-06-23,2025-06-25,9398.496240601504,001001000000,1,,,,,,,26.6,250000.0,,3.0,0.0
2025-08-01,89:08:020105:670,Помещение,2016.0,Помещение: квартира,Из мелких бетонных блоков,1,,205.0,89:08:020105:666,3,Жилое,,,"Ямало-Ненецкий автономный округ, г Салехард, ул Лермонтова, д 19а, кв 4",,,площадь,Купля-продажа,,,2025-06-23,2025-06-25,185909.98043052838,001001000000,1,,,,,,,51.1,9500000.0,,3.0,0.0
2025-08-01,89:11:020204:2027,Помещение,2025.0,Квартира,Из мелких бетонных блоков,2,,101.0,89:11:020204:1994,10,Жилое,,,"Ямало-Ненецкий автономный округ, городской округ город Новый Уренгой, город Новый Уренгой, микрорайон Созидателей, дом 2А, квартира 3",,,площадь,Купля-продажа,,,2025-06-23,2025-06-25,94435.07588532884,001001000000,1,,,,,,,59.3,5600000.0,,3.0,0.0
2025-08-01,89:11:020206:2527,Помещение,2022.0,Помещение,Кирпичные,Цокольный,,107.0,89:11:020206:2445,6,Нежилое,,,"Ямало-Ненецкий автономный округ, городской округ город Новый Уренгой, город Новый Уренгой, улица Таёжная, дом 69, помещение 32/2",,,площадь,Купля-продажа,,,2025-06-23,2025-06-25,35919.54022988506,001001000000,1,,,,,,,69.6,2500000.0,,3.0,0.0
2025-08-01,89:08:010203:465,Помещение,1995.0,Помещение: квартира,Деревянные,1,,205.0,89:08:010203:118,2,Жилое,,,"Ямало-Ненецкий автономный округ, г Салехард, ул Имени Василия Подшибякина, д 37, кв 3",,,площадь,Купля-продажа,,,2025-06-23,2025-06-25,84905.6603773585,001001000000,1,,,,,,,53.0,4500000.0,,3.0,0.0
2025-08-01,89:11:050104:943,Помещение,1988.0,квартира в многоквартирном доме,Крупнопанельные,4,,101.0,89:11:050104:209,10,Жилое,,,"Ямало-Ненецкий автономный округ, г Новый Уренгой, мкр Советский, д 7, корп 3, кв 49",,,площадь,Купля-продажа,,,2025-06-23,2025-06-25,161643.83561643836,001001000000,1,,,,,,,36.5,5900000.0,,3.0,0.0
2025-08-01,89:12:110403:460,Помещение,1988.0,однокомнатная квартира,Смешанные,2,,205.0,89:12:110601:4849,2,Жилое,,,"Ямало-Ненецкий автономный округ, г Ноябрьск, ул Энтузиастов, д 47, кв 21",,,площадь,Купля-продажа,,,2025-06-21,2025-06-25,122615.80381471389,001001000000,1,,,,,,,36.7,4500000.0,,3.0,0.0
2025-08-01,89:05:020111:409,Помещение,2012.0,Квартира,Каркасно-панельные,1,,205.0,89:05:020111:392,2,Жилое,,,"Ямало-Ненецкий автономный округ, р-н Пуровский, г Тарко-Сале, ул Осенняя, д 11, кв 2",,,площадь,Купля-продажа,,,2025-06-24,2025-06-26,157175.3986332574,001001000000,1,,,,,,,43.9,6900000.0,,3.0,0.0
2025-08-01,89:12:110406:581,Помещение,2016.0,Квартира,Кирпичные,2,,205.0,89:12:110406:527,5,Жилое,,,"Ямало-Ненецкий автономный округ, г Ноябрьск, ул Рабочая, д 109б, кв 7",,,площадь,Купля-продажа,,,2025-06-25,2025-06-26,136239.78201634876,001001000000,1,,,,,,,36.7,5000000.0,,3.0,0.0
2025-08-01,89:05:020124:376,Помещение,2003.0,Квартира,Кирпичные,2,,205.0,89:05:020124:101,5,Жилое,,,"Ямало-Ненецкий автономный округ, р-н Пуровский, г Тарко-Сале, ул Таежная, д 5/1, кв 16",,,площадь,Купля-продажа,,,2025-06-19,2025-06-27,151248.16446402352,001001000000,1,,,,,,,68.1,10300000.0,,3.0,0.0
2025-08-01,89:12:110705:1855,Помещение,1983.0,квартира,Бетонные,1,,101.0,89:12:110705:220,5,Жилое,,,"Ямало-Ненецкий автономный округ, г Ноябрьск, мкр ""1"", ул Дзержинского, д 11, кв 47",,,площадь,Купля-продажа,,,2016-02-11,2025-06-30,10373.443983402489,001001000000,1,,,,,,,48.2,500000.0,,3.0,0.0
2025-08-01,89:04:020101:8444,Помещение,2015.0,Гараж,,1,,303.0,,,Нежилое,,,"Ямало-Ненецкий автономный округ, р-н Надымский, Пангоды пгт, Звездная ул, гараж 62, ЖГСК Буревестник-2001 в районе здания РТС",,,площадь,Купля-продажа,,,2025-06-28,2025-06-30,26422.764227642274,001001000000,1,,,,,,,24.6,650000.0,,3.0,0.0
2025-11-01,89:05:000000:13092,Помещение,2015.0,гараж,,1,,303.0,,,Нежилое,,,"Ямало-Ненецкий автономный округ, р-н Пуровский, г Тарко-Сале, район Бани,ряд №1, участок №15",,,площадь,Купля-продажа,,,2025-06-30,2025-07-01,50583.65758754864,001001000000,1,,,,,,,25.7,1300000.0,,3.0,0.0
2025-11-01,89:11:020202:1419,Помещение,2012.0,квартира,Смешанные,2,,101.0,89:11:020202:1358,11,Жилое,,,"Ямало-Ненецкий автономный округ, г Новый Уренгой, мкр Энтузиастов, д 1, кв 36",,,площадь,Купля-продажа,,,2025-06-30,2025-07-01,147505.4229934924,001001000000,1,,,,,,,46.1,6800000.0,,3.0,0.0
2025-11-01,89:12:110710:1486,Помещение,1987.0,трёхкомнатная квартира,Крупнопанельные,3,,101.0,89:12:110710:359,5,Жилое,,,"Ямало-Ненецкий автономный округ, г Ноябрьск, ул Изыскателей, д 38, кв 16, мкр 6",,,площадь,Купля-продажа,,,2025-06-30,2025-07-01,113981.76291793314,001001000000,1,,,,,,,65.8,7500000.0,,3.0,0.0
2025-11-01,89:12:110605:179,Помещение,2006.0,Однокомнатная квартира,Смешанные,4,,101.0,89:12:110705:2664,10,Жилое,,,"Ямало-Ненецкий автономный округ, г Ноябрьск, пр. Мира, д 56, кв 12",,,площадь,Купля-продажа,,,2025-07-01,2025-07-02,158567.77493606138,001001000000,1,,,,,,,39.1,6200000.0,,3.0,0.0
2025-11-01,89:05:030301:4865,Помещение,1989.0,Помещение: однокомнатная квартира,Железобетонные,5,,101.0,89:05:030301:5831,5,Жилое,,,"Ямало-Ненецкий автономный округ, городской округ город Губкинский, город Губкинский, улица Железнодорожная, дом 3, квартира 88",,,площадь,Купля-продажа,,,2025-07-01,2025-07-02,175084.17508417508,001001000000,1,,,,,,,29.7,5200000.0,,3.0,0.0
2025-11-01,89:12:000000:5288,Помещение,2015.0,Гараж,,1,,303.0,,,Нежилое,,,"Ямало-Ненецкий автономный округ, г Ноябрьск, ГК Ханто-1, блок 44, гараж 46",,,площадь,Купля-продажа,,,2025-07-02,2025-07-03,18750.0,001001000000,1,,,,,,,24.0,450000.0,,3.0,0.0
2025-11-01,89:14:010109:306,Помещение,2006.0,помещение: однокомнатная квартира,Из мелких бетонных блоков,2,,101.0,89:14:010109:138,5,Жилое,,,"Ямало-Ненецкий автономный округ, г Губкинский, мкр 9-й, д 19, кв 6",,,площадь,Купля-продажа,,,2025-06-28,2025-07-03,115546.21848739496,001001000000,1,,,,,,,47.6,5500000.0,,3.0,0.0
2025-11-01,89:12:110505:76,Помещение,1987.0,трехкомнатная квартира на первом этаже жилого дома,Деревянные,1,,205.0,89:12:110505:1033,1,Жилое,,,"Ямало-Ненецкий автономный округ, г Ноябрьск, микрорайон П, д 5, кв 1",,,площадь,Купля-продажа,,,2025-07-01,2025-07-03,42582.41758241758,001001000000,1,,,,,,,72.8,3100000.0,,3.0,0.0
2025-11-01,89:05:020301:5200,Помещение,2012.0,Квартира,Сборно-щитовые,2,,205.0,89:05:020301:5178,3,Жилое,,,"Ямало-Ненецкий автономный округ, р-н Пуровский, пгт Уренгой, мкр 5-й, д 25/1, кв 18",,,площадь,Купля-продажа,,,2025-07-01,2025-07-03,72916.66666666667,001001000000,1,,,,,,,57.6,4200000.0,,3.0,0.0
2025-11-01,89:12:110703:2089,Помещение,1991.0,"двухкомнатная квартира, назначение: жилое, этаж 2",Крупнопанельные,2,,101.0,89:12:110703:107,5,Жилое,,,"Ямало-Ненецкий автономный округ, г Ноябрьск, ул Магистральная, д 117, кв 35",,,площадь,Купля-продажа,,,2025-07-02,2025-07-03,118947.36842105263,001001000000,1,,,,,,,47.5,5650000.0,,3.0,0.0
2025-11-01,89:05:020108:561,Помещение,2000.0,Помещение: шестикомнатная квартира,Смешанные,1,,201.0,89:05:020108:76,2,Жилое,,,"Ямало-Ненецкий автономный округ, р-н Пуровский, г Тарко-Сале, мкр Геолог, д 4, кв 2",,,площадь,Купля-продажа,,,2025-07-02,2025-07-03,103785.90078328982,001003000000,1,,,,,,,153.2,15900000.0,,3.0,0.0
2025-11-01,89:11:080201:7415,Помещение,2020.0,Квартира,Из прочих материалов,2,,101.0,89:11:080201:7351,8,Жилое,,,"Ямало-Ненецкий автономный округ, г Новый Уренгой, пр-кт Мира, д. 22 к. 2, кв 63",,,площадь,Купля-продажа,,,2025-07-05,2025-07-07,135396.51837524178,001001000000,1,,,,,,,51.7,7000000.0,,3.0,0.0
2025-11-01,89:11:080201:6603,Помещение,2015.0,Гараж №81,,1,,303.0,,,Нежилое,,,"Ямало-Ненецкий автономный округ, г Новый Уренгой, р-н Коротчаево, ул Речников, ГСЭК ""Ауди"", гараж №81",,,площадь,Купля-продажа,,,2025-07-05,2025-07-07,29154.51895043732,001001000000,1,,,,,,,34.3,1000000.0,,3.0,0.0
2025-11-01,89:10:010201:1618,Помещение,1982.0,Квартира,Смешанные,4,,101.0,89:10:010208:514,5,Жилое,,,"Ямало-Ненецкий автономный округ, г Надым, ул Зверева, д 11, кв 25",,,площадь,Купля-продажа,,,2025-07-04,2025-07-07,86397.05882352941,001001000000,1,,,,,,,54.4,4700000.0,,3.0,0.0
2025-11-01,89:12:110821:436,Помещение,2015.0,нежилое помещение (гараж),,1,,303.0,,,Нежилое,,,"Ямало-Ненецкий автономный округ, городской округ город Ноябрьск, город Ноябрьск, территория ГК Ханто-2, ряд(ы) 56-й, гараж 10",,,площадь,Купля-продажа,,,2025-06-27,2025-07-07,18099.547511312216,001001000000,1,,,,,,,22.1,400000.0,,3.0,0.0
2025-11-01,89:12:000000:8591,Помещение,2015.0,Гараж,,1,,303.0,,,Нежилое,,,"Ямало-Ненецкий автономный округ, г Ноябрьск, ГК Ханто-2, ряд 44, гараж 39",,,площадь,Купля-продажа,,,2025-07-03,2025-07-08,13636.363636363636,001001000000,1,,,,,,,22.0,300000.0,,3.0,0.0
2025-11-01,89:11:050104:483,Помещение,1987.0,помещение: трёхкомнатная квартира,Крупнопанельные,7,,101.0,89:11:050104:181,9,Жилое,,,"Ямало-Ненецкий автономный округ, г Новый Уренгой, мкр Советский, д 2, корп 4, кв 28",,,площадь,Купля-продажа,,,2025-07-05,2025-07-08,112443.77811094452,001001000000,1,,,,,,,66.7,7500000.0,,3.0,0.0
2025-11-01,89:11:020102:2465,Помещение,2024.0,,Иное,2,,101.0,89:11:020102:2462,9,Жилое,,,"Ямало-Ненецкий автономный округ, городской округ город Новый Уренгой, город Новый Уренгой, улица Набережная, дом 43Б, квартира 11",,,площадь,Купля-продажа,,,2025-07-04,2025-07-08,178860.0,001001000000,1,,,,,,,39.5,7064970.0,,3.0,0.0
2025-11-01,89:11:020204:2144,Помещение,2025.0,Коммерческое помещение,Иное,Подвал,,107.0,89:11:020204:2063,10,Нежилое,,,"Ямало-Ненецкий автономный округ, городской округ город Новый Уренгой, город Новый Уренгой, микрорайон Созидателей, дом 3/1, нежилое помещение 1",,,площадь,Купля-продажа,,,2025-07-02,2025-07-09,50000.0,001001000000,1,,,,,,,868.1,43405000.0,,3.0,0.0
2025-11-01,89:12:110811:212,Помещение,2015.0,Гараж,,1,,303.0,,,Нежилое,,,"Ямало-Ненецкий автономный округ, г Ноябрьск, район мкр.""Н"", ГК Ханто-1, блок 4, гараж №77",,,площадь,Купля-продажа,,,2022-06-21,2025-07-09,11415.525114155253,001001000000,1,,,,,,,21.9,250000.0,,3.0,0.0
2025-11-01,89:11:020204:2143,Помещение,2025.0,Коммерческое помещение,Иное,1,,107.0,89:11:020204:2063,10,Нежилое,,,"Ямало-Ненецкий автономный округ, городской округ город Новый Уренгой, город Новый Уренгой, микрорайон Созидателей, дом 3/1, нежилые помещения 1-21, 27, 28, 29",,,площадь,Купля-продажа,,,2025-07-02,2025-07-10,90000.0,001001000000,1,,,,,,,812.5,73125000.0,,3.0,0.0
2025-11-01,89:11:020102:2485,Помещение,2024.0,,Иное,4,,101.0,89:11:020102:2462,9,Жилое,,,"Ямало-Ненецкий автономный округ, городской округ город Новый Уренгой, город Новый Уренгой, улица Набережная, дом 43Б, квартира 29",,,площадь,Купля-продажа,,,2025-07-22,2025-07-22,178860.0,001003000000,1,,,,,,,39.3,7029198.0,,3.0,0.0
2025-11-01,89:05:020201:2606,Помещение,2016.0,Квартира,Кирпичные,3,,101.0,89:05:020201:2546,6,Жилое,,,"Ямало-Ненецкий автономный округ, муниципальный округ Пуровский район, город Тарко-Сале, микрорайон Пуровск, улица Новая, дом 11, квартира 52",,,площадь,Купля-продажа,,,2025-07-23,2025-07-24,131970.26022304833,001003000000,1,,,,,,,53.8,7100000.0,,3.0,0.0
2025-11-01,89:11:020204:2127,Помещение,2025.0,Квартира,Иное,8,,101.0,89:11:020204:2063,10,Жилое,,,"Ямало-Ненецкий автономный округ, городской округ город Новый Уренгой, город Новый Уренгой, микрорайон Созидателей, дом 3/1, квартира 72",,,площадь,Купля-продажа,,,2025-06-25,2025-07-25,287405.6014535957,001001000000,1,,,,,,,35.3,799077396.0,Выброс,3.0,0.0
2025-11-01,89:11:020204:2126,Помещение,2025.0,Квартира,Иное,8,,101.0,89:11:020204:2063,10,Жилое,,,"Ямало-Ненецкий автономный округ, городской округ город Новый Уренгой, город Новый Уренгой, микрорайон Созидателей, дом 3/1, квартира 71",,,площадь,Купля-продажа,,,2025-06-25,2025-07-25,287405.6014535957,001001000000,1,,,,,,,73.6,799077396.0,Выброс,3.0,0.0
2025-11-01,89:11:020204:2139,Помещение,2025.0,Квартира,Иное,9,,101.0,89:11:020204:2063,10,Жилое,,,"Ямало-Ненецкий автономный округ, городской округ город Новый Уренгой, город Новый Уренгой, микрорайон Созидателей, дом 3/1, квартира 78",,,площадь,Купля-продажа,,,2025-06-25,2025-07-25,287405.6014535957,001001000000,1,,,,,,,35.3,799077396.0,Выброс,3.0,0.0
2025-11-01,89:11:020204:2128,Помещение,2025.0,Квартира,Иное,8,,101.0,89:11:020204:2063,10,Жилое,,,"Ямало-Ненецкий автономный округ, городской округ город Новый Уренгой, город Новый Уренгой, микрорайон Созидателей, дом 3/1, квартира 73",,,площадь,Купля-продажа,,,2025-06-25,2025-07-25,287405.6014535957,001001000000,1,,,,,,,34.2,799077396.0,Выброс,3.0,0.0
2025-11-01,89:11:020204:2137,Помещение,2025.0,Квартира,Иное,9,,101.0,89:11:020204:2063,10,Жилое,,,"Ямало-Ненецкий автономный округ, городской округ город Новый Уренгой, город Новый Уренгой, микрорайон Созидателей, дом 3/1, квартира 76",,,площадь,Купля-продажа,,,2025-06-25,2025-07-25,287405.6014535957,001001000000,1,,,,,,,74.1,799077396.0,Выброс,3.0,0.0
2025-11-01,89:11:020204:2142,Помещение,2025.0,Квартира,Иное,9,,101.0,89:11:020204:2063,10,Жилое,,,"Ямало-Ненецкий автономный округ, городской округ город Новый Уренгой, город Новый Уренгой, микрорайон Созидателей, дом 3/1, квартира 80",,,площадь,Купля-продажа,,,2025-06-25,2025-07-25,287405.6014535957,001001000000,1,,,,,,,53.3,799077396.0,Выброс,3.0,0.0
2025-11-01,89:11:020204:2130,Помещение,2025.0,Квартира,Иное,8,,101.0,89:11:020204:2063,10,Жилое,,,"Ямало-Ненецкий автономный округ, городской округ город Новый Уренгой, город Новый Уренгой, микрорайон Созидателей, дом 3/1, квартира 74",,,площадь,Купля-продажа,,,2025-06-25,2025-07-25,287405.6014535957,001001000000,1,,,,,,,54.2,799077396.0,Выброс,3.0,0.0
2025-11-01,89:11:020204:2131,Помещение,2025.0,Квартира,Иное,8,,101.0,89:11:020204:2063,10,Жилое,,,"Ямало-Ненецкий автономный округ, городской округ город Новый Уренгой, город Новый Уренгой, микрорайон Созидателей, дом 3/1, квартира 75",,,площадь,Купля-продажа,,,2025-06-25,2025-07-25,287405.6014535957,001001000000,1,,,,,,,53.2,799077396.0,Выброс,3.0,0.0
2025-11-01,89:11:020204:2138,Помещение,2025.0,Квартира,Иное,9,,101.0,89:11:020204:2063,10,Жилое,,,"Ямало-Ненецкий автономный округ, городской округ город Новый Уренгой, город Новый Уренгой, микрорайон Созидателей, дом 3/1, квартира 77",,,площадь,Купля-продажа,,,2025-06-25,2025-07-25,287405.6014535957,001001000000,1,,,,,,,35.8,799077396.0,Выброс,3.0,0.0
2025-11-01,89:11:020204:2141,Помещение,2025.0,Квартира,Иное,9,,101.0,89:11:020204:2063,10,Жилое,,,"Ямало-Ненецкий автономный округ, городской округ город Новый Уренгой, город Новый Уренгой, микрорайон Созидателей, дом 3/1, квартира 79",,,площадь,Купля-продажа,,,2025-06-25,2025-07-25,287405.6014535957,001001000000,1,,,,,,,54.3,799077396.0,Выброс,3.0,0.0
2025-11-01,89:01:010802:7925,Помещение,2010.0,Помещение: квартира,Деревянные,1,,201.0,89:01:010802:7701,2,Жилое,,,"Ямало-Ненецкий автономный округ, р-н Шурышкарский, с Мужи, ул Уральская, д 35, кв 1",,,площадь,Купля-продажа,,,2025-07-26,2025-07-28,98400.9840098401,001001000000,1,,,,,,,81.3,8000000.0,,3.0,0.0
2025-11-01,89:12:000000:8082,Помещение,2015.0,Часть здания: гараж в капитальном исполнении,,1,,303.0,,,Нежилое,,,"Ямало-Ненецкий автономный округ, г Ноябрьск, ГК Ханто-2, ряд 25, гараж 11",,,площадь,Купля-продажа,,,2025-07-29,2025-07-31,22477.064220183485,001001000000,1,,,,,,,21.8,490000.0,,3.0,0.0
2025-11-01,89:12:110610:1525,Помещение,1987.0,Нежилое помещение,Смешанные,1,,107.0,89:12:110610:177,9,Нежилое,,,"Ямало-Ненецкий автономный округ, г Ноябрьск, мкр. ""Д-1"", пр-кт Мира, д 61",,,площадь,Купля-продажа,,,2024-12-17,2025-08-11,19303.694267515926,001001000000,1,,,,,,,31.4,606136.0,,3.0,0.0
2025-11-01,89:10:010208:4696,Помещение,1989.0,Квартира,Крупнопанельные,10,,101.0,89:10:010208:503,10,Жилое,,,"Ямало-Ненецкий автономный округ, г Надым, ул Заводская, д 5, кв 108",,,площадь,Купля-продажа,,,2025-08-15,2025-08-18,88339.22261484098,001001000000,1,,,,,,,56.6,5000000.0,,3.0,0.0
2025-11-01,89:12:110601:2043,Помещение,1987.0,"трехкомнатная квартира на втором этаже жилого дома, назначение: жилое",Деревянные,2,,205.0,89:12:110601:1193,2,Жилое,,,"Ямало-Ненецкий автономный округ, г Ноябрьск, мкр Вынгапуровский, ул Ленина, д 24А, кв 15",,,площадь,Купля-продажа,,,2025-08-19,2025-08-21,119918.36734693877,001001000000,1,,,,,,,73.5,8814000.0,,3.0,0.0
2025-11-01,89:12:000000:3337,Помещение,2015.0,Гараж,,1,,303.0,,,Нежилое,,,"Ямало-Ненецкий автономный округ, г Ноябрьск, ГК Ханто-1, ряд 45, гараж 3",,,площадь,Купля-продажа,,,2025-08-29,2025-09-01,18804.875,001001000000,1,,,,,,,24.0,451317.0,,3.0,0.0
2025-11-01,89:10:010202:1067,Помещение,1978.0,Квартира,Крупнопанельные,4,,101.0,89:10:010202:144,5,Жилое,,,"Ямало-Ненецкий автономный округ, г Надым, ул Пионерская, д 5, кв 80",,,площадь,Купля-продажа,,,2025-09-01,2025-09-02,83389.83050847458,001001000000,1,,,,,,,59.0,4920000.0,,3.0,0.0
2025-11-01,89:05:020116:776,Помещение,2022.0,,Смешанные,3,,101.0,89:05:020116:1272,5,Жилое,,,"Ямало-Ненецкий автономный округ, р-н Пуровский, г Тарко-Сале, ул Геологов, д 7, корпус 4, кв 27",,,площадь,Купля-продажа,,,2025-08-21,2025-09-02,41095.890410958906,001001000000,1,,,,,,,36.5,1500000.0,,3.0,0.0
2025-11-01,89:10:010305:341,Помещение,2015.0,Складские помещения,,1,,723.0,,,Нежилое,,,"Ямало-Ненецкий автономный округ, муниципальный район Надымский, городское поселение город Надым, г Надым, ул Игоря Шаповалова, зд 8/1, помещение 3",,,площадь,Купля-продажа,,,2025-07-01,2025-09-04,25075.225677031092,001001000000,1,,,,,,,99.7,2500000.0,,3.0,0.0
2025-11-01,89:06:000000:2152,Помещение,2021.0,Квартира,Из прочих материалов,2,,205.0,89:06:000000:2081,4,Жилое,,,"Российская Федерация, Ямало-Ненецкий автономный округ, Тазовский муниципальный округ, сельское поселение поселок Тазовский, микрорайон Солнечный, дом 3, квартира 23",,,площадь,Купля-продажа,,,2025-09-03,2025-09-04,178571.42857142855,001001000000,1,,,,,,,33.6,6000000.0,,3.0,0.0
2025-11-01,89:14:010123:1362,Помещение,2015.0,,,1,,303.0,,,Нежилое,,,"Ямало-Ненецкий автономный округ, г Губкинский, гаражный массив № 11, гараж 91/блок Р39",,,площадь,Купля-продажа,,,2025-09-05,2025-09-10,19067.79661016949,001001000000,1,,,,,,,23.6,450000.0,,3.0,0.0
2025-11-01,89:10:010306:2853,Помещение,2019.0,,Железобетонные,1,,303.0,89:10:010306:2754,2,Нежилое,,,"Ямало-Ненецкий автономный округ, муниципальный округ Надымский район, город Надым, проезд 8-й, строение 29/4, помещение 8б",,,площадь,Купля-продажа,,,2025-09-04,2025-09-10,18771.331058020478,001001000000,1,,,,,,,58.6,1100000.0,,3.0,0.0
2025-11-01,89:11:080201:6446,Помещение,2015.0,,,1,,303.0,,,Нежилое,,,"Ямало-Ненецкий автономный округ, г Новый Уренгой, жилой район Коротчаево, пр-кт Мира, ГСЭК ""Автодорожник"", гараж №52",,,площадь,Купля-продажа,,,2025-09-03,2025-09-10,25972.222222222223,001001000000,1,,,,,,,36.0,935000.0,,3.0,0.0
2025-11-01,89:14:010129:1875,Помещение,2021.0,Квартира № 2,Из мелких бетонных блоков,1,,205.0,89:14:010129:1864,4,Жилое,,,"Ямало-Ненецкий автономный округ, городской округ город Губкинский, город Губкинский, микрорайон № 13, дом 87, квартира 2",,,площадь,Купля-продажа,,,2025-09-01,2025-09-10,89258.24175824175,001001000000,1,,,,,,,72.8,6498000.0,,3.0,0.0
2025-11-01,89:10:010208:4900,Помещение,2003.0,Помещение,Смешанные,1,,403.0,89:10:010208:593,3,Нежилое,,,"Ямало-Ненецкий автономный округ, г Надым, ул Зверева, д 37 ""а"", павильон №28-31",,,площадь,Купля-продажа,,,2025-08-28,2025-09-10,60526.31578947369,001001000000,1,,,,,,,38.0,2300000.0,,3.0,0.0
2025-11-01,89:09:010105:577,Помещение,2017.0,,Из мелких бетонных блоков,1,,829.0,89:09:010105:574,3,Нежилое,,,"Ямало-Ненецкий автономный округ, г Лабытнанги, ул Первомайская, д 48, пом 3",,,площадь,Купля-продажа,,,2025-09-10,2025-09-12,51072.52298263534,001001000000,1,,,,,,,97.9,5000000.0,,3.0,0.0
2025-11-01,89:12:000000:4918,Помещение,2015.0,Гараж,,1,,303.0,,,Нежилое,,,"Ямало-Ненецкий автономный округ, г Ноябрьск, ГК Пелей-5, ряд 30, гараж 1",,,площадь,Купля-продажа,,,2025-09-11,2025-09-15,20833.333333333332,001001000000,1,,,,,,,24.0,500000.0,,3.0,0.0
2025-11-01,89:03:020301:3128,Помещение,2023.0,,Кирпичные; Из мелких бетонных блоков,3,,205.0,89:03:020301:3124,4,Жилое,,,"Ямало-Ненецкий автономный округ, муниципальный округ Ямальский район, село Мыс-Каменный, улица Геологов, дом 8 корпус Б, квартира 12",,,площадь,Купля-продажа,,,2025-09-12,2025-09-16,91074.68123861567,001001000000,1,,,,,,,54.9,5000000.0,,3.0,0.0
2025-11-01,89:11:070101:2937,Помещение,1989.0,двухкомнатная квартира,Железобетонные,5,,101.0,89:11:070101:1207,6,Жилое,,,"Ямало-Ненецкий автономный округ, городской округ город Новый Уренгой, город Новый Уренгой, микрорайон Приозёрный, дом 8, квартира 40",,,площадь,Купля-продажа,,,2025-09-12,2025-09-16,74644.54976303317,001001000000,1,,,,,,,42.2,3150000.0,,3.0,0.0
2025-11-01,89:14:010109:4640,Помещение,2024.0,,Иное,1,,101.0,89:14:010109:4564,6,Жилое,,,"Ямало-Ненецкий автономный округ, г Губкинский, микрорайон 9, д 43, кв 89",,,площадь,Купля-продажа,,,2025-09-02,2025-09-16,92024.53987730062,001001000000,1,,,,,,,32.6,3000000.0,,3.0,0.0
2025-11-01,89:11:080201:4747,Помещение,1991.0,помещение: двухкомнатная квартира,Железобетонные,1,,101.0,89:11:080201:780,10,Жилое,,,"Ямало-Ненецкий автономный округ, г Новый Уренгой, мкр Мирный, д 1, корп 7, кв 3",,,площадь,Купля-продажа,,,2025-09-16,2025-09-17,141965.97353497165,001001000000,1,,,,,,,52.9,7510000.0,,3.0,0.0
2025-11-01,89:11:020203:1628,Помещение,1994.0,двухкомнатная квартира,Смешанные,5,,101.0,89:11:020203:365,6,Жилое,,,"Ямало-Ненецкий автономный округ, г Новый Уренгой, ул Сибирская, д 55, кв 58",,,площадь,Купля-продажа,,,2025-09-16,2025-09-17,95603.58558558559,001001000000,1,,,,,,,55.5,5305999.0,,3.0,0.0
2025-11-01,89:04:020103:298,Помещение,1996.0,Однокомнатная квартира,Смешанные,4,,101.0,89:04:020101:2710,5,Жилое,,,"Ямало-Ненецкий автономный округ, р-н Надымский, пос Пангоды, ул Ленина, д 12, кв 41",,,площадь,Купля-продажа,,,2025-09-16,2025-09-17,48257.3726541555,001001000000,1,,,,,,,37.3,1800000.0,,3.0,0.0
2025-11-01,89:13:010208:425,Помещение,2015.0,Гараж,,1,,303.0,,,Нежилое,,,"Ямало-Ненецкий автономный округ, г. Муравленко, промышленная зона, панель 8, ул. Тюменская, гараж № 80",,,площадь,Купля-продажа,,,2025-09-17,2025-09-18,6116.207951070336,001001000000,1,,,,,,,32.7,200000.0,,3.0,0.0
2025-11-01,89:08:010202:1336,Помещение,2010.0,Помещение: квартира,Монолитные,9,,101.0,89:08:010202:445,12,Жилое,,,"Ямало-Ненецкий автономный округ, г Салехард, ул Зои Космодемьянской, д 69, кв 176",,,площадь,Купля-продажа,,,2025-09-18,2025-09-18,180722.89156626505,001001000000,1,,,,,,,41.5,7500000.0,,3.0,0.0
2025-11-01,89:11:030101:1479,Помещение,2015.0,"ПГК ""Потвор"" Гаражная ячейка №96\III",,1,,303.0,,,Нежилое,,,"Ямало-Ненецкий автономный округ, г Новый Уренгой, Восточная промзона, южнее ул Промышленная,ПГК ""Потвор"" Гаражная ячейка №96\III",,,площадь,Купля-продажа,,,2025-09-08,2025-09-18,22988.505747126437,001001000000,1,,,,,,,17.4,400000.0,,3.0,0.0
2025-11-01,89:11:050102:2736,Помещение,1997.0,трёхкомнатная квартира,Железобетонные,2,,101.0,89:11:050102:385,9,Жилое,,,"Ямало-Ненецкий автономный округ, городской округ город Новый Уренгой, город Новый Уренгой, микрорайон Восточный, дом 5 корпус 3, квартира 41",,,площадь,Купля-продажа,,,2025-09-17,2025-09-18,129349.47049924359,001001000000,1,,,,,,,66.1,8550000.0,,3.0,0.0
2025-11-01,89:13:010210:231,Помещение,2015.0,Гаражный бокс,,1,,303.0,,,Нежилое,,,"Ямало-Ненецкий автономный округ, городской округ город Муравленко, город Муравленко, улица Энтузиастов, дом 39/13, гараж 445",,,площадь,Купля-продажа,,,2025-09-16,2025-09-18,15837.10407239819,001001000000,1,,,,,,,22.1,350000.0,,3.0,0.0
2025-11-01,89:10:010301:536,Помещение,2019.0,,Железобетонные,1,,303.0,89:10:010301:438,2,Нежилое,,,"Ямало-Ненецкий автономный округ, муниципальный район Надымский, городское поселение город Надым, город Надым, территория ГСК Прогресс, строение 17, помещение 253",,,площадь,Купля-продажа,,,2025-09-12,2025-09-18,114914.42542787286,001001000000,1,,,,,,,40.9,4700000.0,,3.0,0.0
2025-11-01,89:10:010203:648,Помещение,2015.0,Гараж №117А,,1,,303.0,,,Нежилое,,,"Ямало-Ненецкий автономный округ, г Надым, Геологоразведчиков ул, р-н ВЦ Ларсен, ГСК Металлист, гараж №117а",,,площадь,Купля-продажа,,,2025-09-15,2025-09-18,29255.31914893617,001001000000,1,,,,,,,28.2,825000.0,,3.0,0.0
2025-11-01,89:07:010101:7791,Помещение,2021.0,Квартира 9,Смешанные,2,,205.0,89:07:010101:7790,3,Жилое,,,"Ямало-Ненецкий автономный округ, муниципальный район Красноселькупский, сельское поселение село Красноселькуп, село Красноселькуп, улица 70 лет Октября, дом 6а, квартира 9",,,площадь,Купля-продажа,,,2025-09-18,2025-09-22,86944.88752556237,001001000000,1,,,,,,,48.9,4251605.0,,3.0,0.0
2025-11-01,89:06:010104:3850,Помещение,2012.0,квартира,Шлакобетонные,3,,205.0,89:06:010104:1352,3,Жилое,,,"Ямало-Ненецкий автономный округ, муниципальный округ Тазовский район, поселок Тазовский, улица Калинина, дом19, квартира 23",,,площадь,Купля-продажа,,,2025-09-18,2025-09-22,177513.6612021858,001001000000,1,,,,,,,36.6,6497000.0,,3.0,0.0
2025-11-01,89:12:110810:400,Помещение,2015.0,нежилое помещение (гараж),,1,,303.0,,,Нежилое,,,"Ямало-Ненецкий автономный округ, г Ноябрьск, ГСПК ""Ханто-1"",гараж № 36, блок 26",,,площадь,Купля-продажа,,,2025-09-22,2025-09-23,4464.285714285715,001001000000,1,,,,,,,22.4,100000.0,,3.0,0.0
2025-11-01,89:12:110704:939,Помещение,2013.0,Квартира,Монолитные,3,,101.0,89:12:110704:249,10,Жилое,,,"Ямало-Ненецкий автономный округ, г Ноябрьск, ул Советская, д 106, кв 15",,,площадь,Купля-продажа,,,2025-09-22,2025-09-23,134905.6603773585,001001000000,1,,,,,,,53.0,7150000.0,,3.0,0.0
2025-11-01,89:14:010107:605,Помещение,1990.0,"Жилое помещение расположено в многоквартирном доме, признанном аварийным и подлежащим сносу или реконструкции. Постановление Администрации города Губкинского ""О признании многоквартирного жилого дома № 32 микрорайона 7 города Губкинского аварийным и подлежащим сносу"" № 1515 от 07.10.2019 года.",Смешанные,2,,205.0,89:14:010107:147,2,Жилое,,,"Ямало-Ненецкий автономный округ, г Губкинский, мкр 7-й, д 32, кв 6",,,площадь,Купля-продажа,,,2025-09-19,2025-09-24,115000.0,001001000000,1,,,,,,,74.5,8567500.0,,3.0,0.0
2025-11-01,89:12:110707:423,Помещение,1985.0,Квартира,Железобетонные,3,,101.0,89:12:110707:153,5,Жилое,,,"Ямало-Ненецкий автономный округ, г Ноябрьск, ул Городилова, д 4, кв 37",,,площадь,Купля-продажа,,,2025-09-24,2025-09-25,119842.82907662082,001003000000,1,,,,,,,50.9,6100000.0,,3.0,0.0
2025-11-01,89:09:010201:658,Помещение,1990.0,однокомнатная квартира,Из прочих материалов,1,,205.0,89:09:010201:168,2,Жилое,,,"Ямало-Ненецкий автономный округ, г Лабытнанги, ул Школьная, д 2, корп а, кв 6",,,площадь,Купля-продажа,,,2025-09-10,2025-09-25,81534.7721822542,001001000000,1,,,,,,,41.7,3400000.0,,3.0,0.0
2025-11-01,89:07:010101:6078,Помещение,2013.0,Квартира,Смешанные,2,,205.0,89:07:010101:6011,3,Жилое,,,"Ямало-Ненецкий автономный округ, р-н Красноселькупский, с Красноселькуп, ул 40 лет Победы, д 21, кв 20",,,площадь,Купля-продажа,,,2025-09-22,2025-09-25,52727.27272727273,001001000000,1,,,,,,,55.0,2900000.0,,3.0,0.0
2025-11-01,89:11:020101:976,Помещение,2015.0,,Из легкобетонных панелей,4,,101.0,89:11:020101:374,5,Жилое,,,"Ямало-Ненецкий автономный округ, г Новый Уренгой, ул Железнодорожная, д 4, кв 26",,,площадь,Купля-продажа,,,2025-09-24,2025-09-25,159846.547314578,001001000000,1,,,,,,,39.1,6250000.0,,3.0,0.0
2025-11-01,89:11:020206:2666,Помещение,2024.0,,Бетонные,4,,101.0,89:11:020206:2534,8,Жилое,,,"Ямало-Ненецкий автономный округ, городской округ город Новый Уренгой, город Новый Уренгой, улица Южная, дом 54А, квартира 19",,,площадь,Купля-продажа,,,2025-09-24,2025-09-25,189609.21875,001001000000,1,,,,,,,32.0,6067495.0,,3.0,0.0
2025-11-01,89:12:110601:1251,Помещение,1983.0,однокомнатная квартира,Крупнопанельные,2,,101.0,89:12:110601:835,5,Жилое,,,"Ямало-Ненецкий автономный округ, г Ноябрьск, ул Советская, д 65, кв 35",,,площадь,Купля-продажа,,,2025-09-24,2025-09-25,175438.59649122806,001001000000,1,,,,,,,34.2,6000000.0,,3.0,0.0
2025-11-01,89:10:010306:911,Помещение,2015.0,Гараж,,1,,303.0,,,Нежилое,,,"Ямало-Ненецкий автономный округ, г Надым, промзона панель ""П"" по проезду №2, гараж №2",,,площадь,Купля-продажа,,,2025-09-23,2025-09-25,16221.374045801527,001001000000,1,,,,,,,52.4,850000.0,,3.0,0.0
2025-11-01,89:12:000000:8035,Помещение,2015.0,Гараж,,1,,303.0,,,Нежилое,,,"Ямало-Ненецкий автономный округ, г Ноябрьск, ГК Ханто-1, ряд 21, гараж 11",,,площадь,Купля-продажа,,,2025-09-19,2025-09-26,20416.666666666668,001001000000,1,,,,,,,24.0,490000.0,,3.0,0.0
2025-11-01,89:08:010305:1336,Помещение,1996.0,Помещение: квартира,Рубленые,1,,201.0,89:08:010305:303,2,Жилое,,,"Ямало-Ненецкий автономный округ, г Салехард, ул Мичурина, д 11, кв 1",,,площадь,Купля-продажа,,,2025-09-06,2025-09-26,101744.18604651163,001001000000,1,,,,,,,137.6,14000000.0,,3.0,0.0
2025-11-01,89:12:110613:1829,Помещение,1983.0,одна комната в двухкомнатной квартире,Деревянные,2,,205.0,89:12:110612:98,2,Жилое,,,"Ямало-Ненецкий автономный округ, г Ноябрьск, ул Ленина, д 13, кв 19",,,площадь,Купля-продажа,,,2025-09-25,2025-09-26,235562.1301775148,001001000000,1,,,,,,,16.9,3981000.0,,3.0,0.0
2025-11-01,89:11:050101:932,Помещение,1994.0,"помещение: однокомнатная квартира, назначение - жилое, этаж - 9",Железобетонные,9,,101.0,89:11:050101:156,9,Жилое,,,"Ямало-Ненецкий автономный округ, г Новый Уренгой, мкр Дружба, д 2, корп 3, кв 34",,,площадь,Купля-продажа,,,2025-09-24,2025-09-29,177464.78873239437,001001000000,1,,,,,,,35.5,6300000.0,,3.0,0.0
2025-11-01,89:11:050102:1663,Помещение,1992.0,однокомнатная квартира,Крупнопанельные,7,,101.0,89:11:050102:367,9,Жилое,,,"Ямало-Ненецкий автономный округ, г Новый Уренгой, мкр Восточный, д 6, корп 4, кв 32",,,площадь,Купля-продажа,,,2025-09-28,2025-09-29,147239.26380368098,001001000000,1,,,,,,,32.6,4800000.0,,3.0,0.0
2025-11-01,89:12:110601:1852,Помещение,1996.0,,Крупнопанельные,1,,205.0,89:12:110601:956,3,Жилое,,,"Ямало-Ненецкий автономный округ, г Ноябрьск, мкр Вынгапуровский, ул Полярная, д 5, кв 16",,,площадь,Купля-продажа,,,2025-09-19,2025-09-29,97451.27436281859,001001000000,1,,,,,,,66.7,6500000.0,,3.0,0.0
2025-11-01,89:12:000000:3682,Помещение,2015.0,Гараж,,1,,303.0,,,Нежилое,,,"Ямало-Ненецкий автономный округ, г Ноябрьск, ГК Ханто-2, ряд 15, гараж 36",,,площадь,Купля-продажа,,,2025-09-26,2025-09-29,41666.666666666664,001001000000,1,,,,,,,24.0,1000000.0,,3.0,0.0
2025-11-01,89:02:020107:340,Помещение,2012.0,Помещение: квартира,Из прочих материалов,2,,205.0,89:02:020107:388,3,Жилое,,,"Ямало-Ненецкий автономный округ, р-н Приуральский, с Аксарка, ул Северная, д 21, кв 6",,,площадь,Купля-продажа,,,2025-09-26,2025-09-29,178489.70251716246,001001000000,1,,,,,,,43.7,7800000.0,,3.0,0.0
2025-11-01,89:05:000000:12121,Помещение,2015.0,Цех РММ,,1,,722.0,,,Нежилое,,,"Ямало-Ненецкий автономный округ, р-н Пуровский, Промбаза КТП-13 АООТ УТПС",,,площадь,Купля-продажа,,,2025-07-14,2025-09-29,20316.35802469136,001001000000,1,,,,,,,2592.0,52660000.0,,3.0,0.0
2025-11-01,89:05:020119:1501,Помещение,2025.0,Квартира,Бетонные,1,,101.0,89:05:020119:1490,6,Жилое,,,"Ямало-Ненецкий автономный округ, Пуровский, г. Тарко-Сале, ул. 50 лет Ямала, д. 9а, кв. 1",,,площадь,Купля-продажа,,,2025-09-18,2025-09-29,145435.99257884972,001001000000,1,,,,,,,53.9,7839000.0,,3.0,0.0
2025-11-01,89:05:020121:121,Помещение,1981.0,Квартира 3,Смешанные,1,,205.0,89:05:020121:46,2,Жилое,,,"Ямало-Ненецкий автономный округ, р-н Пуровский, г Тарко-Сале, ул 50 лет Ямала, д 2, кв 3",,,площадь,Купля-продажа,,,2025-09-18,2025-09-29,117482.26950354611,001001000000,1,,,,,,,56.4,6626000.0,,3.0,0.0
2025-11-01,89:11:030101:5510,Помещение,2024.0,,Смешанные,1,,306.0,89:11:030301:1882,1,Нежилое,,,"Ямало-Ненецкий автономный округ, городской округ город Новый Уренгой, город Новый Уренгой, Восточная промзона, панель Д",,,площадь,Купля-продажа,,,2025-09-25,2025-09-30,8445.945945945947,001001000000,1,,,,,,,177.6,1500000.0,,3.0,0.0
2025-11-01,89:11:020303:1567,Помещение,1987.0,однокомнатная квартира,Железобетонные,3,,101.0,89:11:020303:188,6,Жилое,,,"Ямало-Ненецкий автономный округ, г Новый Уренгой, ул Геологоразведчиков, д 12, кв 21",,,площадь,Купля-продажа,,,2025-09-26,2025-09-30,181796.69030732862,001001000000,1,,,,,,,42.3,7690000.0,,3.0,0.0
2025-11-01,89:10:010201:1091,Помещение,1973.0,Однокомнатная квартира,Крупнопанельные,3,,101.0,89:10:010201:442,5,Жилое,,,"Ямало-Ненецкий автономный округ, г Надым, ул Комсомольская, д 7, кв 51",,,площадь,Купля-продажа,,,2025-09-29,2025-09-30,66666.66666666667,001001000000,1,,,,,,,28.5,1900000.0,,3.0,0.0
2025-11-01,89:12:000000:4721,Помещение,2015.0,Гараж,,1,,303.0,,,Нежилое,,,"Ямало-Ненецкий автономный округ, г Ноябрьск, ГК Пелей-5, ряд 24, гараж 8",,,площадь,Купля-продажа,,,2025-09-27,2025-09-30,8750.0,001001000000,1,,,,,,,24.0,210000.0,,3.0,0.0
2026-01-01,89:10:010206:2557,Помещение,1982.0,Двухкомнатная квартира,Из прочих материалов,3,,101.0,89:10:010206:420,5,Жилое,,,"Ямало-Ненецкий автономный округ, г Надым, пр. Ленинградский, д 9, кв 22",,,площадь,Купля-продажа,,,2025-09-29,2025-10-01,68904.59363957596,Собственность,1,,,,,,,56.6,3900000.0,,3.0,0.0
2026-01-01,89:14:010101:1444,Помещение,2003.0,Квартира,Смешанные,2,,101.0,89:14:010101:214,5,Жилое,,,"Ямало-Ненецкий автономный округ, г Губкинский, мкр 1-й, д 22, кв 6",,,площадь,Купля-продажа,,,2025-09-30,2025-10-01,137931.03448275864,Собственность,1,,,,,,,84.1,11600000.0,,3.0,0.0
2026-01-01,89:10:010201:2245,Помещение,1976.0,Помещение,Крупнопанельные,1,,101.0,89:10:010201:407,5,Жилое,,,"Ямало-Ненецкий автономный округ, г Надым, ул Комсомольская, д 20, кв 15",,,площадь,Купля-продажа,,,2025-09-30,2025-10-01,42338.70967741935,Собственность,1,,,,,,,74.4,3150000.0,,3.0,0.0
2026-01-01,89:12:110604:561,Помещение,2004.0,Помещение: двухкомнатная квартира,Деревянные,1,,205.0,89:12:110601:4808,2,Жилое,,,"Ямало-Ненецкий автономный округ, г Ноябрьск, ул Советская, д 5, кв 6",,,площадь,Купля-продажа,,,2025-09-30,2025-10-01,118775.0,Собственность,1,,,,,,,46.4,5511160.0,,3.0,0.0
2026-01-01,89:12:110709:1914,Помещение,1993.0,двухкомнатная квартира,Крупнопанельные,3,,101.0,89:12:110709:238,5,Жилое,,,"Ямало-Ненецкий автономный округ, г Ноябрьск, ул Высоцкого, д 46-А, кв 53",,,площадь,Купля-продажа,,,2025-09-30,2025-10-01,146817.8137651822,Собственность,1,,,,,,,49.4,7252800.0,,3.0,0.0
2026-01-01,89:05:020101:1775,Помещение,2013.0,Квартира,Кирпичные; Из мелких бетонных блоков,4,,101.0,89:05:020101:1735,6,Жилое,,,"Ямало-Ненецкий автономный округ, р-н Пуровский, г Тарко-Сале, ул Труда, д 4, корп 2, кв 56",,,площадь,Купля-продажа,,,2025-10-01,2025-10-02,166967.50902527076,Собственность,1,,,,,,,55.4,9250000.0,,3.0,0.0
2026-01-01,89:12:110710:2058,Помещение,1987.0,двухкомнатная квартира,Крупнопанельные,3,,101.0,89:12:110710:398,5,Жилое,,,"Ямало-Ненецкий автономный округ, г Ноябрьск, ул 40 лет Победы, д 11, кв 53",,,площадь,Купля-продажа,,,2025-10-01,2025-10-02,141666.66666666666,Общая совместная собственность,1,,,,,,,48.0,6800000.0,,3.0,0.0
2026-01-01,89:11:020204:1893,Помещение,2025.0,Коммерческие помещения,Иное,1,,107.0,89:11:020204:1841,10,Нежилое,,,"Ямало-Ненецкий автономный округ, город Новый Уренгой, микрорайон Созидателей, дом 3/2, нежилые помещения 1-4, 11-29, 36, 37",,,площадь,Купля-продажа,,,2025-09-17,2025-10-03,89000.0,Собственность,1,,,,,,,1281.8,114080200.0,,3.0,0.0
2026-01-01,89:09:000000:1322,Помещение,2015.0,часть здания: гараж в капитальном исполнении,,1,,303.0,,,Нежилое,,,"Ямало-Ненецкий автономный округ, г Лабытнанги, ул Гагарина, гаражная площадка №29, блок З, Гараж (бокс №28)",,,площадь,Купля-продажа,,,2025-10-02,2025-10-03,20574.162679425837,Собственность,1,,,,,,,20.9,430000.0,,3.0,0.0
2026-01-01,89:12:000000:5191,Помещение,2015.0,Гараж,,1,,303.0,,,Нежилое,,,"Ямало-Ненецкий автономный округ, г Ноябрьск, ГК Ханто-1, ряд 5, гараж 54",,,площадь,Купля-продажа,,,2025-10-01,2025-10-03,22916.666666666668,Собственность,1,,,,,,,24.0,550000.0,,3.0,0.0
2026-01-01,89:09:010101:821,Помещение,2015.0,часть здания: гараж в капитальном исполнении,,1,,303.0,,,Нежилое,,,"Ямало-Ненецкий автономный округ, г Лабытнанги, ул Геологов, гаражная площадка №19, бокс №8",,,площадь,Купля-продажа,,,2025-09-30,2025-10-03,73170.73170731707,Собственность,1,,,,,,,24.6,1800000.0,,3.0,0.0
2026-01-01,89:14:010102:2973,Помещение,2024.0,Квартира,Из мелких бетонных блоков; Кирпичные,3,,101.0,89:14:010102:2931,6,Жилое,,,"Ямало-Ненецкий автономный округ, Городской округ город Губкинский, город Губкинский, микрорайон 2, дом 2, квартира 47",,,площадь,Купля-продажа,,,2025-10-01,2025-10-03,138888.88888888888,Собственность,1,,,,,,,36.0,5000000.0,,3.0,0.0
2026-01-01,89:13:010105:1806,Помещение,2017.0,"""Жилое помещение расположено в многоквартирном доме, признанном аварийным и подлежащим сносу или реконструкции"" Распоряжение Администрации города Муравленко ""О признании многоквартирного дома 32 по улице Украинских строителей аварийным и подлежащим реконструкции"" № 868 от 08.07.2024 года.",Смешанные,2,,205.0,89:13:010105:1753,3,Жилое,,,"Ямало-Ненецкий автономный округ, г Муравленко, ул Украинских строителей, д 32, кв 53",,,площадь,Купля-продажа,,,2025-09-22,2025-10-03,167521.73913043478,Собственность,1,,,,,,,23.0,3853000.0,,3.0,0.0
2026-01-01,89:11:020207:489,Помещение,2016.0,Квартира,Из мелких бетонных блоков,8,,101.0,89:11:020207:445,11,Жилое,,,"Ямало-Ненецкий автономный округ, г Новый Уренгой, мкр Тундровый, д 3, кв 276",,,площадь,Купля-продажа,,,2025-10-02,2025-10-03,131229.23588039866,Собственность,1,,,,,,,60.2,7900000.0,,3.0,0.0
2026-01-01,89:10:010306:1709,Помещение,2017.0,гараж №289,Железобетонные,1,,303.0,89:10:010306:1670,1,Нежилое,,,"Ямало-Ненецкий автономный округ, г Надым, тер КССГ Автостоп, строен 3, гараж №289",,,площадь,Купля-продажа,,,2025-10-03,2025-10-06,34552.845528455284,Собственность,1,,,,,,,49.2,1700000.0,,3.0,0.0
2026-01-01,89:08:010204:1598,Помещение,2016.0,Помещение: квартира,Бетонные,3,,101.0,89:08:010204:1584,6,Жилое,,,"Ямало-Ненецкий автономный округ, г Салехард, ул Республики, д 67, кв 10",,,площадь,Купля-продажа,,,2025-10-03,2025-10-06,182417.58241758242,Собственность,1,,,,,,,45.5,8300000.0,,3.0,0.0
2026-01-01,89:11:020301:1302,Помещение,1982.0,помещение: однокомнатная квартира,Смешанные,2,,101.0,89:11:020301:184,5,Жилое,,,"Ямало-Ненецкий автономный округ, г Новый Уренгой, ул Интернациональная, д 1А, кв 93",,,площадь,Купля-продажа,,,2025-10-04,2025-10-06,178860.0,Собственность,1,,,,,,,39.0,6975540.0,,3.0,0.0
2026-01-01,89:01:010801:387,Помещение,1988.0,"Жилое помещение расположено в многоквартирном доме, признанном аварийным и подлежащим сносу или реконструкции. Распоряжение Администрации муниципального образования Мужевское ""О переселении граждан и демонтаже многоквартирного жилого дома № 13 по ул. Советская в с. Мужи"" № 200 от 26.12.2019 года.",Смешанные,2,,205.0,89:01:010801:242,2,Жилое,,,"Ямало-Ненецкий автономный округ, р-н Шурышкарский, с Мужи, ул Советская, д 13, кв 5",,,площадь,Купля-продажа,,,2025-10-03,2025-10-06,122295.37366548042,Собственность,1,,,,,,,56.2,6873000.0,,3.0,0.0
2026-01-01,89:11:050101:1432,Помещение,1995.0,однокомнатная квартира,Железобетонные,7,,101.0,89:11:050101:110,10,Жилое,,,"Ямало-Ненецкий автономный округ, г Новый Уренгой, мкр Дружба, д 2, корп 6, кв 204",,,площадь,Купля-продажа,,,2025-10-03,2025-10-06,164835.16483516485,Собственность,1,,,,,,,36.4,6000000.0,,3.0,0.0
2026-01-01,89:11:020206:2535,Помещение,2024.0,,Бетонные,1,,101.0,89:11:020206:2534,8,Жилое,,,"Ямало-Ненецкий автономный округ, городской округ город Новый Уренгой, город Новый Уренгой, улица Южная, дом 54А, квартира 79",,,площадь,Купля-продажа,,,2025-10-03,2025-10-06,174733.17865429234,Собственность,1,,,,,,,43.1,7531000.0,,3.0,0.0
2026-01-01,89:12:110703:755,Помещение,1990.0,Квартира в многоквартирном доме,Крупнопанельные,3,,101.0,89:12:110703:105,5,Жилое,,,"Ямало-Ненецкий автономный округ, г Ноябрьск, ул Магистральная, д 115а, кв 9",,,площадь,Купля-продажа,,,2025-10-03,2025-10-06,145038.1679389313,Общая долевая собственность,1,,,,,,,65.5,9500000.0,,3.0,0.0
2026-01-01,89:11:020301:1750,Помещение,1982.0,,Из прочих материалов,2,,101.0,89:11:020301:167,5,Жилое,,,"Ямало-Ненецкий автономный округ, г Новый Уренгой, ул 26 Съезда КПСС, д 8, кв 65",,,площадь,Купля-продажа,,,2025-10-02,2025-10-06,159010.60070671377,Собственность,1,,,,,,,56.6,9000000.0,,3.0,0.0
2026-01-01,89:10:010306:2702,Помещение,2015.0,гараж,,1,,303.0,,,Нежилое,,,"Ямало-Ненецкий автономный округ, г Надым, промзона, панель ""П"", район 2 котельной, КСиЭГ ""Тоги"", гараж №115а",,,площадь,Купля-продажа,,,2025-10-06,2025-10-07,4173.622704507513,Собственность,1,,,,,,,119.8,500000.0,,3.0,0.0
2026-01-01,89:10:010305:861,Помещение,2019.0,Гараж,Железобетонные,1,,303.0,89:10:010305:675,1,Нежилое,,,"Ямало-Ненецкий автономный округ, муниципальный район Надымский, городское поселение город Надым, город Надым, проезд 8-й, строение 19/5, помещение 300",,,площадь,Купля-продажа,,,2025-10-06,2025-10-07,16853.932584269663,Собственность,1,,,,,,,26.7,450000.0,,3.0,0.0
2026-01-01,89:08:010108:736,Помещение,2007.0,Помещение: квартира,Монолитные,7,,101.0,89:08:010108:255,10,Жилое,,,"Ямало-Ненецкий автономный округ, г Салехард, ул Гаврюшина, д 17А, кв 45",,,площадь,Купля-продажа,,,2025-10-06,2025-10-07,209359.60591133003,Собственность,1,,,,,,,40.6,8500000.0,,3.0,0.0
2026-01-01,89:10:010105:748,Помещение,1992.0,Двухкомнатная квартира на первом этаже жилого дома,Крупнопанельные,1,,101.0,89:10:010105:299,10,Жилое,,,"Ямало-Ненецкий автономный округ, г Надым, ул Кедровая, д 8, кв 200",,,площадь,Купля-продажа,,,2025-10-03,2025-10-07,86080.58608058607,Собственность,1,,,,,,,54.6,4700000.0,,3.0,0.0
2026-01-01,89:11:050102:1092,Помещение,1999.0,двухкомнатная квартира,Крупнопанельные,9,,101.0,89:11:050102:332,10,Жилое,,,"Ямало-Ненецкий автономный округ, городской округ город Новый Уренгой, город Новый Уренгой, микрорайон Восточный, дом 3 корпус 3, квартира 35",,,площадь,Купля-продажа,,,2025-10-06,2025-10-07,138157.8947368421,Общая совместная собственность,1,,,,,,,53.2,7350000.0,,3.0,0.0
2026-01-01,89:10:010104:520,Помещение,2018.0,гараж,Железобетонные,1,,303.0,89:10:010104:474,1,Нежилое,,,"Ямало-Ненецкий автономный округ, г Надым, ул Ямальская, строение 20/5, гараж №27",,,площадь,Купля-продажа,,,2025-10-07,2025-10-08,18000.0,Собственность,1,,,,,,,25.0,450000.0,,3.0,0.0
2026-01-01,89:11:020304:698,Помещение,1983.0,"помещение: трёхкомнатная квартира, назначение: жилое, этаж 9",Смешанные,9,,101.0,89:11:020304:111,9,Жилое,,,"Ямало-Ненецкий автономный округ, г Новый Уренгой, пр-кт Ленинградский, д 4а, кв 33",,,площадь,Купля-продажа,,,2025-10-07,2025-10-08,104838.70967741935,Собственность,1,,,,,,,62.0,6500000.0,,3.0,0.0
2026-01-01,89:11:050103:778,Помещение,1990.0,Квартира,Из железобетонных сегментов,6,,101.0,89:11:050103:244,9,Жилое,,,"Ямало-Ненецкий автономный округ, городской округ город Новый Уренгой, город Новый Уренгой, микрорайон Мирный, дом 3 корпус 2, квартира 129",,,площадь,Купля-продажа,,,2025-10-07,2025-10-08,173553.71900826448,Собственность,1,,,,,,,36.3,6300000.0,,3.0,0.0
2026-01-01,89:12:110705:1445,Помещение,1994.0,трёхкомнатная квартира,Кирпичные,9,,101.0,89:12:110705:207,10,Жилое,,,"Ямало-Ненецкий автономный округ, г Ноябрьск, пр-кт Мира, д 38, кв 31",,,площадь,Купля-продажа,,,2025-10-07,2025-10-08,120748.2993197279,Собственность,1,,,,,,,58.8,7100000.0,,3.0,0.0
2026-01-01,89:08:010201:1679,Помещение,2015.0,Однокомнатная квартира,Из прочих материалов,4,,101.0,89:08:010201:1398,7,Жилое,,,"Ямало-Ненецкий автономный округ, г Салехард, ул Арктическая, д 8, кв 39",,,площадь,Купля-продажа,,,2025-10-07,2025-10-08,183962.2641509434,Общая совместная собственность,1,,,,,,,42.4,7800000.0,,3.0,0.0
2026-01-01,89:12:110822:97,Помещение,2015.0,гараж №10,,1,,303.0,,,Нежилое,,,"Ямало-Ненецкий автономный округ, г Ноябрьск, ГК ""Ханто-2"", ряд 26, гараж № 10",,,площадь,Купля-продажа,,,2025-10-01,2025-10-08,5555.555555555556,Собственность,1,,,,,,,36.0,200000.0,,3.0,0.0
2026-01-01,89:13:010106:2116,Помещение,2020.0,,Из мелких бетонных блоков,2,,205.0,89:13:010106:2112,4,Жилое,,,"Ямало-Ненецкий автономный округ, городской округ город Муравленко, город Муравленко, улица Молодежная, дом 29, квартира 7",,,площадь,Купля-продажа,,,2025-10-06,2025-10-08,87048.8322717622,Собственность,1,,,,,,,47.1,4100000.0,,3.0,0.0
2026-01-01,89:11:020103:2604,Помещение,2018.0,,Из мелких бетонных блоков,6,,101.0,89:11:020103:2421,7,Жилое,,,"Ямало-Ненецкий автономный округ, г Новый Уренгой, район Южный, мкр Строителей, д 7, корп 2, кв 183",,,площадь,Купля-продажа,,,2025-10-08,2025-10-09,77844.31137724551,Собственность,1,,,,,,,33.4,2600000.0,,3.0,0.0
2026-01-01,89:11:020103:2557,Помещение,2018.0,,Из мелких бетонных блоков,2,,101.0,89:11:020103:2421,7,Жилое,,,"Ямало-Ненецкий автономный округ, г Новый Уренгой, район Южный, мкр Строителей, д 7, корп 2, кв 136",,,площадь,Купля-продажа,,,2025-10-08,2025-10-09,177611.94029850746,Общая совместная собственность,1,,,,,,,33.5,5950000.0,,3.0,0.0
2026-01-01,89:11:020206:2656,Помещение,2024.0,,Бетонные,3,,101.0,89:11:020206:2534,8,Жилое,,,"Ямало-Ненецкий автономный округ, городской округ город Новый Уренгой, город Новый Уренгой, улица Южная, дом 54А, квартира 135",,,площадь,Купля-продажа,,,2025-10-08,2025-10-09,168701.75438596492,Общая долевая собственность,1,,,,,,,57.0,9616000.0,,3.0,0.0
2026-01-01,89:12:110702:969,Помещение,1986.0,"однокомнатная квартира, этаж 2, назначение: жилое",Железобетонные,2,,101.0,89:12:110702:114,5,Жилое,,,"Ямало-Ненецкий автономный округ, г Ноябрьск, ул Ленина, д 88в, кв 50",,,площадь,Купля-продажа,,,2025-10-08,2025-10-09,133333.33333333334,Собственность,1,,,,,,,36.0,4800000.0,,3.0,0.0
2026-01-01,89:05:030301:4911,Помещение,1989.0,Помещение: однокомнатная квартира,Железобетонные,1,,101.0,89:05:030301:5831,5,Жилое,,,"Ямало-Ненецкий автономный округ, городской округ город Губкинский, город Губкинский, улица Железнодорожная, дом 3, квартира 17",,,площадь,Купля-продажа,,,2025-10-08,2025-10-09,86330.93525179855,Собственность,1,,,,,,,27.8,2400000.0,,3.0,0.0
2026-01-01,89:14:020101:1210,Помещение,2015.0,гараж,,1,,303.0,,,Нежилое,,,"Ямало-Ненецкий автономный округ, г Губкинский, промышленная зона, ГСК ""Сфера"", Панель 5, блок №6, гараж №129",,,площадь,Купля-продажа,,,2025-10-08,2025-10-10,30000.0,Собственность,1,,,,,,,20.0,600000.0,,3.0,0.0
2026-01-01,89:08:010108:653,Помещение,2002.0,Помещение: квартира,Крупнопанельные,5,,101.0,89:08:010108:262,7,Жилое,,,"Ямало-Ненецкий автономный округ, г Салехард, ул Гаврюшина, д 15, кв 29",,,площадь,Купля-продажа,,,2025-10-09,2025-10-10,213399.5037220844,Собственность,1,,,,,,,40.3,8600000.0,,3.0,0.0
2026-01-01,89:06:010109:2113,Помещение,2014.0,квартира,Бетонные,2,,205.0,89:06:010109:2091,3,Жилое,,,"Ямало-Ненецкий автономный округ, р-н Тазовский, п Тазовский, ул Дорожная, д 3, кв 6",,,площадь,Купля-продажа,,,2025-10-09,2025-10-10,176190.47619047618,Собственность,1,,,,,,,63.0,11100000.0,,3.0,0.0
2026-01-01,89:12:110709:1439,Помещение,1991.0,однокомнатная квартира,Крупнопанельные,1,,101.0,89:12:110709:222,5,Жилое,,,"Ямало-Ненецкий автономный округ, г Ноябрьск, ул В.Цоя, д 9 Б, кв 3",,,площадь,Купля-продажа,,,2025-10-11,2025-10-13,133838.38383838383,Собственность,1,,,,,,,39.6,5300000.0,,3.0,0.0
2026-01-01,89:11:020101:2970,Помещение,2019.0,,Смешанные,4,,101.0,89:11:020101:2939,10,Жилое,,,"Ямало-Ненецкий автономный округ, городской округ город Новый Уренгой, город Новый Уренгой, проспект Губкина, дом 19/1, квартира 114",,,площадь,Купля-продажа,,,2025-10-11,2025-10-13,267918.08873720135,Собственность,1,,,,,,,58.6,15700000.0,,3.0,0.0
2026-01-01,89:11:050103:2380,Помещение,1991.0,трёхкомнатная квартира,Крупнопанельные,9,,101.0,89:11:050103:298,9,Жилое,,,"Ямало-Ненецкий автономный округ, городской округ город Новый Уренгой, город Новый Уренгой, микрорайон Мирный, дом 1 корпус 6, квартира 142",,,площадь,Купля-продажа,,,2025-10-10,2025-10-13,138543.2473444613,Общая совместная собственность,1,,,,,,,65.9,9130000.0,,3.0,0.0
2026-01-01,89:11:020203:3791,Помещение,2023.0,,Из мелких бетонных блоков,8,,101.0,89:11:020203:3730,11,Жилое,,,"Ямало-Ненецкий автономный округ, городской округ город Новый Уренгой, город Новый Уренгой, улица Таежная, дом 76А, квартира 153",,,площадь,Купля-продажа,,,2025-10-10,2025-10-13,201612.90322580645,Общая долевая собственность,1,,,,,,,62.0,12500000.0,,3.0,0.0
2026-01-01,89:09:000000:1689,Помещение,2015.0,Гараж,,1,,303.0,,,Нежилое,,,"Ямало-Ненецкий автономный округ, Лабытнанги, ул Школьная, блок Д, бокс 8, гаражная площадка №17",,,площадь,Купля-продажа,,,2025-10-10,2025-10-13,76595.74468085106,Собственность,1,,,,,,,23.5,1800000.0,,3.0,0.0
2026-01-01,89:12:110604:1480,Помещение,2025.0,,Иное,4,,101.0,89:12:110604:1433,6,Жилое,,,"Ямало-Ненецкий автономный округ, городской округ город Ноябрьск, город Ноябрьск, улица Энтузиастов, дом 20, квартира 51",,,площадь,Купля-продажа,,,2025-10-10,2025-10-13,185314.7435897436,Собственность,1,,,,,,,31.2,5781820.0,,3.0,0.0
2026-01-01,89:12:000000:8194,Помещение,2015.0,Гараж,,1,,303.0,,,Нежилое,,,"Ямало-Ненецкий автономный округ, г Ноябрьск, ГК Ханто-1, ряд 35, гараж 23",,,площадь,Купля-продажа,,,2025-10-09,2025-10-13,29166.666666666668,Собственность,1,,,,,,,24.0,700000.0,,3.0,0.0
2026-01-01,89:13:010111:817,Помещение,2006.0,Квартира,Крупнопанельные,3,,101.0,89:13:010111:170,5,Жилое,,,"Ямало-Ненецкий автономный округ, г Муравленко, ул Нефтяников, д 77, кв 39, микрорайон 11",,,площадь,Купля-продажа,,,2025-10-13,2025-10-14,122448.97959183673,Собственность,1,,,,,,,73.5,9000000.0,,3.0,0.0
2026-01-01,89:11:020207:1435,Помещение,2017.0,Помещение: квартира,Из мелких бетонных блоков,9,,101.0,89:11:020207:1365,11,Жилое,,,"Ямало-Ненецкий автономный округ, городской округ город Новый Уренгой, город Новый Уренгой, микрорайон Тундровый, дом 5, квартира 70",,,площадь,Купля-продажа,,,2025-10-14,2025-10-14,157746.47887323942,Собственность,1,,,,,,,35.5,5600000.0,,3.0,0.0
2026-01-01,89:08:010201:1053,Помещение,2008.0,Помещение: квартира,Из мелких бетонных блоков,1,,101.0,89:08:010201:401,8,Жилое,,,"Ямало-Ненецкий автономный округ, г Салехард, ул Арктическая, д 4, кв 41",,,площадь,Купля-продажа,,,2025-10-13,2025-10-14,198224.85207100594,Собственность,1,,,,,,,33.8,6700000.0,,3.0,0.0
2026-01-01,89:07:010101:3392,Помещение,1990.0,"Жилое помещение расположено в многоквартирном доме, признанном аварийным и подлежащим сносу или реконструкции",Деревянные,1,,205.0,89:07:010101:1889,2,Жилое,,,"Ямало-Ненецкий автономный округ, муниципальный округ Красноселькупский район, село Красноселькуп, переулок Северный, дом 7а, квартира 5",,,площадь,Купля-продажа,,,2025-10-13,2025-10-14,53872.633390705676,Собственность,1,,,,,,,58.1,3130000.0,,3.0,0.0
2026-01-01,89:10:010109:653,Помещение,2015.0,Гараж,,1,,303.0,,,Нежилое,,,"Ямало-Ненецкий автономный округ, г Надым, п Югра, ГСЭК Ольга, гараж №11",,,площадь,Купля-продажа,,,2025-10-10,2025-10-14,23414.634146341465,Собственность,1,,,,,,,20.5,480000.0,,3.0,0.0
2026-01-01,89:11:030101:2282,Помещение,2016.0,Квартира,Крупнопанельные,6,,101.0,89:11:030101:2239,10-11,Жилое,,,"Ямало-Ненецкий автономный округ, г Новый Уренгой, пр-кт Губкина, д 28, кв 43",,,площадь,Купля-продажа,,,2025-10-06,2025-10-15,201977.40112994352,Собственность,1,,,,,,,35.4,7150000.0,,3.0,0.0
2026-01-01,89:12:110610:227,Помещение,1986.0,Нежилое помещение,Из прочих материалов,1,,107.0,89:12:110610:2882,5,Нежилое,,,"Ямало-Ненецкий автономный округ, г Ноябрьск, ул Космонавтов, д 6, пом 1",,,площадь,Купля-продажа,,,2025-09-25,2025-10-15,43651.713403041824,Собственность,1,,,,,,,420.8,18368641.0,,3.0,0.0
2026-01-01,89:14:010102:3056,Помещение,2025.0,,Из прочих материалов,4,,101.0,89:14:010102:3002,4-5,Жилое,,,"Ямало-Ненецкий автономный округ, город Губкинский, микрорайон №2, д 3, кв 38",,,площадь,Купля-продажа,,,2025-09-17,2025-10-15,48367.79456193353,Собственность,1,,,,,,,33.1,1600974.0,,3.0,0.0
2026-01-01,89:14:010111:791,Помещение,1992.0,"комната расположена в многоквартирном доме, признанном аварийным и подлежащим сносу или реконструкции. Постановление Администрации города Губкинского «О признании многоквартирного жилого дома № 57 микрорайона 11 города Губкинского аварийным и подлежащим сносу» №2328 от 08 октября 2024 года",Крупнопанельные,1,,205.0,89:14:010111:273,2,Жилое,,,"Ямало-Ненецкий автономный округ, г Губкинский, мкр 11-й, д 57, к 20",,,площадь,Купля-продажа,,,2025-09-17,2025-10-15,133414.5,Собственность,1,,,,,,,12.0,1600974.0,,3.0,0.0
2026-01-01,89:12:110613:1135,Помещение,1981.0,двухкомнатная квартира,Железобетонные,5,,101.0,89:12:110613:118,6,Жилое,,,"Ямало-Ненецкий автономный округ, г Ноябрьск, ул Холмогорская, д 80/28, кв 59",,,площадь,Купля-продажа,,,2025-10-13,2025-10-15,133333.33333333334,Общая долевая собственность,1,,,,,,,48.0,6400000.0,,3.0,0.0
2026-01-01,89:13:010106:529,Помещение,1992.0,квартира,Крупнопанельные,4,,101.0,89:13:010106:194,5,Жилое,,,"Ямало-Ненецкий автономный округ, г Муравленко, ул Ленина, д 86, кв 87",,,площадь,Купля-продажа,,,2025-10-14,2025-10-15,93567.25146198831,Общая долевая собственность,1,,,,,,,51.3,4800000.0,,3.0,0.0
2026-01-01,89:12:110615:1294,Помещение,2006.0,Гараж №7,Из прочих материалов,1,,303.0,89:12:110615:1293,1,Нежилое,,,"Ямало-Ненецкий автономный округ, г Ноябрьск, мкр К, ул. 60 лет СССР, гараж 7, ""Коллективные гаражи для работников ООО ""НЖСК""",,,площадь,Купля-продажа,,,2025-10-07,2025-10-15,100694.44444444444,Собственность,1,,,,,,,28.8,2900000.0,,3.0,0.0
2026-01-01,89:10:000000:3568,Помещение,2015.0,Гараж №319,,1,,303.0,,,Нежилое,,,"Ямало-Ненецкий автономный округ, г Надым, проезд 8-й, ГСК ""Полярник"", гараж №319",,,площадь,Купля-продажа,,,2025-09-09,2025-10-15,10303.370786516854,Собственность,1,,,,,,,26.7,275100.0,,3.0,0.0
2026-01-01,89:11:020209:1071,Помещение,2015.0,квартира,Из мелких бетонных блоков,8,,101.0,89:11:020209:994,10,Жилое,,,"Ямало-Ненецкий автономный округ, г Новый Уренгой, р-н Южный, ул Сибирская, д 85, кв 45",,,площадь,Купля-продажа,,,2025-10-14,2025-10-15,192192.19219219222,Собственность,1,,,,,,,33.3,6400000.0,,3.0,0.0
2026-01-01,89:12:110705:1447,Помещение,1994.0,Квартира,Кирпичные,8,,101.0,89:12:110705:207,10,Жилое,,,"Ямало-Ненецкий автономный округ, г Ноябрьск, пр-кт Мира, д 38, кв 29",,,площадь,Купля-продажа,,,2025-10-14,2025-10-15,152201.2578616352,Собственность,1,,,,,,,47.7,7260000.0,,3.0,0.0
2026-01-01,89:11:020205:1792,Помещение,2015.0,Гараж,,1,,303.0,,,Нежилое,,,"Ямало-Ненецкий автономный округ, г Новый Уренгой, мкр Заозерный, СМП-700, ГЭК ""АККОРД"", гараж № 34",,,площадь,Купля-продажа,,,2025-10-11,2025-10-15,28877.005347593586,Собственность,1,,,,,,,18.7,540000.0,,3.0,0.0
2026-01-01,89:08:010204:256,Помещение,1973.0,"Жилое помещение расположено в многоквартирном доме, признанном аварийным и подлежащим сносу или реконструкции",Деревянные,2,,205.0,89:08:010204:114,2,Жилое,,,"Ямало-Ненецкий автономный округ, г Салехард, ул Артеева, д 24, кв 6",,,площадь,Купля-продажа,,,2025-10-10,2025-10-16,114908.33876221499,Собственность,1,,,,,,,30.7,3527686.0,,3.0,0.0
2026-01-01,89:08:020201:2679,Помещение,2024.0,,Бетонные,1,,101.0,89:08:020201:2601,6-8,Жилое,,,"Российская Федерация, Ямало-Ненецкий автономный округ, городской округ город Салехард, город Салехард, мкр Обдорский, дом 1, корпус 2, кв 135",,,площадь,Купля-продажа,,,2025-10-10,2025-10-16,177707.9865771812,Собственность,1,,,,,,,29.8,5295698.0,,3.0,0.0
2026-01-01,89:12:110512:658,Помещение,1990.0,двухкомнатная квартира,Крупнопанельные,2,,205.0,89:12:110512:284,3,Жилое,,,"Ямало-Ненецкий автономный округ, г Ноябрьск, ул Шевченко, д 127, кв 19",,,площадь,Купля-продажа,,,2025-10-15,2025-10-16,113496.93251533742,Общая долевая собственность,1,,,,,,,48.9,5550000.0,,3.0,0.0
2026-01-01,89:10:010104:1163,Помещение,2024.0,Гараж №2,Смешанные,1,,303.0,89:10:010104:1149,1,Нежилое,,,"Ямало-Ненецкий автономный округ, город Надым, улица Топчева, строение 15, гараж №2",,,площадь,Купля-продажа,,,2025-10-15,2025-10-16,6802.721088435374,Собственность,1,,,,,,,73.5,500000.0,,3.0,0.0
2026-01-01,89:11:010201:713,Помещение,2011.0,Гараж №185,Железобетонные,1,,303.0,89:11:010201:260,2,Нежилое,,,"Ямало-Ненецкий автономный округ, г Новый Уренгой, Западная промзона, панель ""Ж"", Общественно-потребительский гаражный кооператив ""Юг-Регион-Авто"", гараж № 185",,,площадь,Купля-продажа,,,2025-10-20,2025-10-20,88888.88888888889,Собственность,1,,,,,,,27.0,2400000.0,,3.0,0.0
2026-01-01,89:12:110705:1905,Помещение,1983.0,трёхкомнатная квартира,Бетонные,2,,101.0,89:12:110705:222,5,Жилое,,,"Ямало-Ненецкий автономный округ, городской округ город Ноябрьск, город Ноябрьск, улица Дзержинского, дом 17, квартира 36",,,площадь,Купля-продажа,,,2025-10-17,2025-10-20,76219.51219512196,Собственность,1,,,,,,,65.6,5000000.0,,3.0,0.0
2026-01-01,89:12:110904:349,Помещение,2015.0,гараж №18,,1,,303.0,,,Нежилое,,,"Ямало-Ненецкий автономный округ, г Ноябрьск, ГК ""Пелей-5"", ряд 29, гараж № 18",,,площадь,Купля-продажа,,,2025-10-16,2025-10-20,33333.333333333336,Собственность,1,,,,,,,24.0,800000.0,,3.0,0.0
2026-01-01,89:13:010105:3908,Помещение,2024.0,,Смешанные,3,,205.0,89:13:010105:3884,3,Жилое,,,"Ямало-Ненецкий автономный округ, городской округ город Муравленко, город Муравленко, переулок Радужный, дом 8, кв 30",,,площадь,Купля-продажа,,,2025-10-15,2025-10-20,114664.63414634147,Общая долевая собственность,1,,,,,,,32.8,3761000.0,,3.0,0.0
2026-01-01,89:13:010105:1785,Помещение,2017.0,"""Жилое помещение расположено в многоквартирном доме, признанном аварийным и подлежащим сносу или реконструкции"" Распоряжение Администрации города Муравленко ""О признании многоквартирного дома 32 по улице Украинских строителей аварийным и подлежащим реконструкции"" № 868 от 08.07.2024 года.",Смешанные,3,,205.0,89:13:010105:1753,3,Жилое,,,"Ямало-Ненецкий автономный округ, г Муравленко, ул Украинских строителей, д 32, кв 32",,,площадь,Купля-продажа,,,2025-10-15,2025-10-20,151315.7894736842,Собственность,1,,,,,,,22.8,3450000.0,,3.0,0.0
2026-01-01,89:12:000000:3348,Помещение,2015.0,Гараж,,1,,303.0,,,Нежилое,,,"Ямало-Ненецкий автономный округ, г Ноябрьск, ГК Ханто-1, ряд 9, гараж 8А",,,площадь,Купля-продажа,,,2025-10-17,2025-10-21,237500.0,Собственность,1,,,,,,,24.0,5700000.0,,3.0,0.0
2026-01-01,89:04:020106:553,Помещение,2015.0,Помещение,,1,,303.0,,,Нежилое,,,"Ямало-Ненецкий автономный округ, р-н Надымский, пгт Пангоды, ул Звездная, в районе примыкания ул.Звездная к ул.Энергетиков, КСЭГ ""Таежный-2001"", ряд №16, гараж №15",,,площадь,Купля-продажа,,,2025-10-21,2025-10-21,20000.0,Собственность,1,,,,,,,30.0,600000.0,,3.0,0.0
2026-01-01,89:01:030301:2535,Помещение,2017.0,Помещение: квартира,Из мелких бетонных блоков,2,,205.0,89:01:030301:2528,3,Жилое,,,"Ямало-Ненецкий автономный округ, р-н Шурышкарский, с Горки, ул Октябрьская, д 20, корп 2, кв 17",,,площадь,Купля-продажа,,,2025-10-17,2025-10-22,122411.57556270096,Собственность,1,,,,,,,31.1,3807000.0,,3.0,0.0
2026-01-01,89:12:110805:149,Помещение,2015.0,гараж №25,,1,,303.0,,,Нежилое,,,"Ямало-Ненецкий автономный округ, г Ноябрьск, ГК Ханто-1, блок 37, гараж №25",,,площадь,Купля-продажа,,,2025-10-22,2025-10-24,23809.52380952381,Собственность,1,,,,,,,21.0,500000.0,,3.0,0.0
2026-01-01,89:12:000000:8124,Помещение,2015.0,Гараж,,1,,303.0,,,Нежилое,,,"Ямало-Ненецкий автономный округ, г Ноябрьск, ГК Ханто-2, ряд 3, гараж 27",,,площадь,Купля-продажа,,,2025-10-19,2025-10-29,13000.90909090909,Собственность,1,,,,,,,22.0,286020.0,,3.0,0.0
2026-01-01,89:11:050203:895,Помещение,2015.0,Гараж №70,,1,,303.0,,,Нежилое,,,"Ямало-Ненецкий автономный округ, г. Новый Уренгой, Северо-восточнее мкр. Юбилейный, ГСК ""Фортуна"", гараж №70",,,площадь,Купля-продажа,,,2025-10-27,2025-10-31,142222.22222222222,Собственность,1,,,,,,,22.5,3200000.0,,3.0,0.0
2026-01-01,89:13:010108:1721,Помещение,2009.0,Здание - Гараж,Железобетонные,1,,303.0,89:13:010102:217,1,Нежилое,,,"Ямало-Ненецкий автономный округ, городской округ город Муравленко, город Муравленко, улица Пионерская, дом 51б, гараж 45",,,площадь,Купля-продажа,,,2025-11-01,2025-11-07,55066.07929515419,Собственность,1,,,,,,,22.7,1250000.0,,3.0,0.0
2026-01-01,89:13:010103:395,Помещение,1988.0,Помещение: трёхкомнатная квартира,Рубленые,2,,205.0,89:13:010103:207,2,Жилое,,,"Ямало-Ненецкий автономный округ, г Муравленко, ул Новоселов, д 23, кв 6",,,площадь,Купля-продажа,,,2025-10-20,2025-11-11,115675.82417582418,Собственность,1,,,,,,,72.8,8421200.0,,3.0,0.0
2026-01-01,89:05:000000:11198,Помещение,2015.0,Гаражный бокс,,1,,303.0,,,Нежилое,,,"Ямало-Ненецкий автономный округ, р-н Пуровский, г Тарко-Сале, Район РЭБа, гараж №6",,,площадь,Купля-продажа,,,2025-11-10,2025-11-11,49783.54978354978,Собственность,1,,,,,,,23.1,1150000.0,,3.0,0.0
2026-01-01,89:12:000000:4882,Помещение,2015.0,Гараж,,1,,303.0,,,Нежилое,,,"Ямало-Ненецкий автономный округ, г Ноябрьск, ГК Пелей-5, ряд 44, гараж 21",,,площадь,Купля-продажа,,,2025-11-11,2025-11-13,28125.0,Собственность,1,,,,,,,24.0,675000.0,,3.0,0.0
2026-01-01,89:04:020106:627,Помещение,2015.0,Гаражная ячейка №209,,1,,303.0,,,Нежилое,,,"Ямало-Ненецкий автономный округ, р-н Надымский, пгт Пангоды, ул Энергетиков, в районе Финского комплекса-2, ГСК ""Газовик"", гараж №209",,,площадь,Купля-продажа,,,2025-11-13,2025-11-17,22222.222222222223,Собственность,1,,,,,,,36.0,800000.0,,3.0,0.0
2026-01-01,89:09:050104:46,Помещение,1991.0,трехкомнатная квартира,Смешанные,2,,205.0,89:09:050104:9,2,Жилое,,,"Ямало-Ненецкий автономный округ, г Лабытнанги, ул Революции, д 8, кв 4",,,площадь,Купля-продажа,,,2025-11-13,2025-11-17,47895.5007256894,Собственность,1,,,,,,,68.9,3300000.0,,3.0,0.0
2026-01-01,89:11:010303:542,Помещение,2015.0,гараж,,1,,303.0,,,Нежилое,,,"Ямало-Ненецкий автономный округ, г Новый Уренгой, Западная промзона, панель ""Е"", ПГСК ""Булгар"", гараж №384",,,площадь,Купля-продажа,,,2025-11-13,2025-11-17,4766.444232602478,Собственность,1,,,,,,,104.9,500000.0,,3.0,0.0
2026-01-01,89:03:040402:564,Помещение,2014.0,Помещение: квартира,Из мелких бетонных блоков,2,,205.0,89:03:040402:553,3,Жилое,,,"Ямало-Ненецкий автономный округ, р-н Ямальский, с Панаевск, ул Вануйто Енсо, д 6, кв 10",,,площадь,Купля-продажа,,,2025-10-15,2025-11-17,62344.139650872814,Собственность,1,,,,,,,40.1,2500000.0,,3.0,0.0
2026-01-01,89:11:050103:1994,Помещение,1991.0,помещение: двухкомнатная квартира,Железобетонные,7,,101.0,89:11:050103:284,10,Жилое,,,"Ямало-Ненецкий автономный округ, г Новый Уренгой, мкр Мирный, д 1, корп 4, кв 63",,,площадь,Купля-продажа,,,2025-11-12,2025-11-17,122905.02793296089,Собственность,1,,,,,,,53.7,6600000.0,,3.0,0.0
2026-01-01,89:08:010304:6512,Помещение,2024.0,,Бетонные,2,,101.0,89:08:010304:6493,5,Жилое,,,"Ямало-Ненецкий автономный округ, городской округ город Салехард, город Салехард, улица Патрикеева, дом 8 корпус 1, квартира 26",,,площадь,Купля-продажа,,,2025-11-15,2025-11-17,185628.74251497007,Общая совместная собственность,1,,,,,,,33.4,6200000.0,,3.0,0.0
2026-01-01,89:10:010201:1742,Помещение,1978.0,Двухкомнатная квартира на пятом этаже жилого дома,Крупнопанельные,5,,101.0,89:10:010208:552,5,Жилое,,,"Ямало-Ненецкий автономный округ, м.р-н Надымский , г.п. город Надым, г Надым, ул Зверева, д. 21, кв 81",,,площадь,Купля-продажа,,,2025-11-12,2025-11-18,75329.56685499058,Собственность,1,,,,,,,53.1,4000000.0,,3.0,0.0
2026-01-01,89:08:010201:554,Помещение,2002.0,Помещение: двухкомнатная квартира,Крупнопанельные,2,,101.0,89:08:010201:314,6,Жилое,,,"Ямало-Ненецкий автономный округ, г Салехард, ул Мира, д 9, кв 33",,,площадь,Купля-продажа,,,2025-11-14,2025-11-18,176182.70799347473,Общая совместная собственность,1,,,,,,,61.3,10800000.0,,3.0,0.0
2026-01-01,89:12:110103:976,Помещение,1995.0,Квартира,Крупнопанельные,4,,101.0,89:12:110103:172,5,Жилое,,,"Ямало-Ненецкий автономный округ, г Ноябрьск, ул Транспортная, д 15, кв 53",,,площадь,Купля-продажа,,,2020-11-09,2025-11-18,8797.653958944282,Общая долевая собственность,1,,,,,,,68.2,600000.0,,3.0,0.0
2026-01-01,89:10:010208:3309,Помещение,1989.0,Двухкомнатная квартира,Крупнопанельные,6,,101.0,89:10:010208:713,10,Жилое,,,"Ямало-Ненецкий автономный округ, г Надым, ул Зверева, д 44, кв 23",,,площадь,Купля-продажа,,,2025-11-13,2025-11-18,81967.21311475411,Собственность,1,,,,,,,54.9,4500000.0,,3.0,0.0
2026-01-01,89:06:000000:2104,Помещение,2021.0,Квартира,Из прочих материалов,3,,205.0,89:06:000000:2081,4,Жилое,,,"Российская Федерация, Ямало-Ненецкий автономный округ, Тазовский муниципальный округ, сельское поселение поселок Тазовский, микрорайон Солнечный, дом 3, квартира 11",,,площадь,Купля-продажа,,,2025-11-19,2025-11-19,177111.7166212534,Общая долевая собственность,1,,,,,,,36.7,6500000.0,,3.0,0.0
2026-01-01,89:13:000000:442,Помещение,1988.0,2-комнатная квартира,Крупнопанельные,1,,101.0,89:13:000000:187,5,Жилое,,,"Ямало-Ненецкий автономный округ, городской округ город Муравленко, город Муравленко, улица Ленина, дом 75, квартира 1",,,площадь,Купля-продажа,,,2025-11-19,2025-11-19,98231.82711198428,Общая долевая собственность,1,,,,,,,50.9,5000000.0,,3.0,0.0
2026-01-01,89:05:030301:4213,Помещение,2015.0,Гараж,,1,,303.0,,,Нежилое,,,"Ямало-Ненецкий автономный округ, городской округ город Губкинский, город Губкинский, улица Лермонтова, строение 0/40",,,площадь,Купля-продажа,,,2025-11-19,2025-11-19,22222.222222222223,Собственность,1,,,,,,,36.0,800000.0,,3.0,0.0
2026-01-01,89:11:030203:158,Помещение,2015.0,гараж №4,,1,,305.0,,,Нежилое,,,"Ямало-Ненецкий автономный округ, г Новый Уренгой, пер Больничный, д 5",,,площадь,Купля-продажа,,,2025-11-18,2025-11-19,58295.96412556054,Собственность,1,,,,,,,22.3,1300000.0,,3.0,0.0
2026-01-01,89:11:050102:868,Помещение,1995.0,трёхкомнатная квартира,Крупнопанельные,2,,101.0,89:11:050102:314,9,Жилое,,,"Ямало-Ненецкий автономный округ, городской округ город Новый Уренгой, город Новый Уренгой, микрорайон Восточный, дом 2 корпус 1, квартира 41",,,площадь,Купля-продажа,,,2025-11-19,2025-11-20,135416.66666666666,Собственность,1,,,,,,,67.2,9100000.0,,3.0,0.0
2026-01-01,89:10:010107:1387,Помещение,1973.0,Однокомнатная квартира,Из прочих материалов,1,,101.0,89:10:010107:285,5,Жилое,,,"Ямало-Ненецкий автономный округ, г Надым, ул Полярная, д 15, кв 83",,,площадь,Купля-продажа,,,2025-11-19,2025-11-20,35087.71929824561,Собственность,1,,,,,,,28.5,1000000.0,,3.0,0.0
2026-01-01,89:09:010205:367,Помещение,1986.0,двухкомнатная квартира,Рубленые,2,,205.0,89:09:010205:92,2,Жилое,,,"Ямало-Ненецкий автономный округ, городской округ город Лабытнанги, город Лабытнанги, улица Школьная, дом 3а, квартира 5",,,площадь,Купля-продажа,,,2025-11-19,2025-11-20,78324.22586520948,Собственность,1,,,,,,,54.9,4300000.0,,3.0,0.0
2026-01-01,89:10:010201:1662,Помещение,1979.0,Квартира,Крупнопанельные,2,,101.0,89:10:010201:481,5,Жилое,,,"Ямало-Ненецкий автономный округ, г Надым, проспект Ленинградский, д 24, кв 46",,,площадь,Купля-продажа,,,2025-11-19,2025-11-20,59563.75838926174,Собственность,1,,,,,,,59.6,3550000.0,,3.0,0.0
2026-01-01,89:10:010105:977,Помещение,1993.0,Квартира,Крупнопанельные,6,,101.0,89:10:010105:292,9,Жилое,,,"Ямало-Ненецкий автономный округ, муниципальный округ Надымский район, город Надым, улица Кедровая, дом 12, квартира 88",,,площадь,Купля-продажа,,,2025-11-19,2025-11-20,81845.23809523809,Собственность,1,,,,,,,67.2,5500000.0,,3.0,0.0
2026-01-01,89:12:110704:1609,Помещение,2014.0,квартира,Смешанные,3,,101.0,89:12:110704:1374,10,Жилое,,,"Ямало-Ненецкий автономный округ, г Ноябрьск, ул Советская, д 110, кв 170",,,площадь,Купля-продажа,,,2025-11-19,2025-11-20,110905.73012939001,Собственность,1,,,,,,,54.1,6000000.0,,3.0,0.0
2026-01-01,89:05:030201:1852,Помещение,2009.0,Квартира,Смешанные,3,,205.0,89:05:030201:1037,4,Жилое,,,"Ямало-Ненецкий автономный округ, р-н Пуровский, п Ханымей, кв-л Комсомольский, д 8, кв 9",,,площадь,Купля-продажа,,,2025-11-17,2025-11-20,72697.89983844911,Собственность,1,,,,,,,61.9,4500000.0,,3.0,0.0
2026-01-01,89:05:020301:7348,Помещение,1990.0,двухкомнатная квартира на втором этаже,Деревянные,2,,205.0,89:05:020301:8857,2,Жилое,,,"Ямало-Ненецкий автономный округ, муниципальный округ Пуровский район, поселок городского типа Уренгой, микрорайон 5-й, дом 30, квартира 12",,,площадь,Купля-продажа,,,2025-11-22,2025-11-24,64245.81005586592,Общая совместная собственность,1,,,,,,,53.7,3450000.0,,3.0,0.0
2026-01-01,89:12:110819:243,Помещение,2015.0,Гараж,,1,,303.0,,,Нежилое,,,"Ямало-Ненецкий автономный округ, г Ноябрьск, ГК Ханто-2, ряд 35, гараж №7",,,площадь,Купля-продажа,,,2025-10-07,2025-11-25,22916.666666666668,Собственность,1,,,,,,,24.0,550000.0,,3.0,0.0
2026-01-01,89:12:110616:2020,Помещение,1988.0,однокомнатная квартира,Крупнопанельные,4,,101.0,89:12:110616:484,6,Жилое,,,"Ямало-Ненецкий автономный округ, г Ноябрьск, ул Холмогорская, д 41 а, кв 24",,,площадь,Купля-продажа,,,2025-11-22,2025-11-25,147887.32394366196,Общая долевая собственность,1,,,,,,,42.6,6300000.0,,3.0,0.0
2026-01-01,89:08:010105:518,Помещение,2001.0,Однокомнатная квартира,Железобетонные,4,,101.0,89:08:010106:247,5,Жилое,,,"Ямало-Ненецкий автономный округ, г Салехард, ул Республики, д 58, корп а, кв 66",,,площадь,Купля-продажа,,,2025-11-21,2025-11-25,287405.6014535957,Собственность,1,,,,,,,34.2,10000000.0,Выброс,3.0,0.0
2026-01-01,89:10:010306:2465,Помещение,2016.0,гараж,Железобетонные,1,,303.0,89:10:010306:1556,1,Нежилое,,,"Ямало-Ненецкий автономный округ, г Надым, тер КССГ Автостоп, строен 14, гараж №470",,,площадь,Купля-продажа,,,2025-11-22,2025-11-25,26422.764227642274,Собственность,1,,,,,,,49.2,1300000.0,,3.0,0.0
2026-01-01,89:08:010107:1842,Помещение,2024.0,,Бетонные,1,,303.0,89:08:010107:1837,1,Нежилое,,,"Ямало-Ненецкий автономный округ, городской округ город Салехард, город Салехард, ул Лесозаводская, гаражный бокс №5",,,площадь,Купля-продажа,,,2025-11-12,2025-11-25,56851.31195335277,Собственность,1,,,,,,,34.3,1950000.0,,3.0,0.0
2026-01-01,89:09:010202:426,Помещение,1984.0,помещение: трёхкомнатная квартира,Сборно-щитовые,1,,205.0,89:09:010202:157,2,Жилое,,,"Ямало-Ненецкий автономный округ, г Лабытнанги, ул Школьная, д 4, кв 1",,,площадь,Купля-продажа,,,2025-11-24,2025-11-25,70422.5352112676,Собственность,1,,,,,,,71.0,5000000.0,,3.0,0.0
2026-01-01,89:11:020207:1232,Помещение,2017.0,Квартира,Из мелких бетонных блоков,9,,101.0,89:11:020207:1056,11,Жилое,,,"Ямало-Ненецкий автономный округ, г Новый Уренгой, мкр Тундровый, д 4, кв 174",,,площадь,Купля-продажа,,,2023-03-06,2025-11-25,87463.55685131197,Собственность,1,,,,,,,34.3,3000000.0,,3.0,0.0
2026-01-01,89:11:050105:1615,Помещение,1987.0,помещение: однокомнатная квартира,Железобетонные,4,,101.0,89:11:050105:166,7,Жилое,,,"Ямало-Ненецкий автономный округ, г Новый Уренгой, мкр Юбилейный, д 5, корп 3, кв 56",,,площадь,Купля-продажа,,,2025-11-24,2025-11-25,203125.0,Собственность,1,,,,,,,38.4,7800000.0,,3.0,0.0
2026-01-01,89:12:110616:2234,Помещение,1988.0,Квартира в многоквартирном доме,Крупнопанельные,2,,101.0,89:12:110616:532,5,Жилое,,,"Ямало-Ненецкий автономный округ, г Ноябрьск, ул Шевченко, д 64, кв 35",,,площадь,Купля-продажа,,,2025-11-24,2025-11-25,129850.74626865672,Собственность,1,,,,,,,33.5,4350000.0,,3.0,0.0
2026-01-01,89:08:000000:1546,Помещение,2004.0,Часть здания: гараж в капитальном исполнении,Железобетонные,2,,303.0,89:08:000000:5286,2,Нежилое,,,"Ямало-Ненецкий автономный округ, г Салехард, ул Гаврюшина, Площадка №26, строение №1, бокс №60.",,,площадь,Купля-продажа,,,2025-11-24,2025-11-25,77625.57077625571,Собственность,1,,,,,,,21.9,1700000.0,,3.0,0.0
2026-01-01,89:14:010129:1872,Помещение,2021.0,Квартира № 16,Из мелких бетонных блоков,4,,205.0,89:14:010129:1864,4,Жилое,,,"Ямало-Ненецкий автономный округ, городской округ город Губкинский, город Губкинский, микрорайон № 13, дом 87, квартира 16",,,площадь,Купля-продажа,,,2025-11-20,2025-11-25,109497.56521739131,Собственность,1,,,,,,,57.5,6296110.0,,3.0,0.0
2026-01-01,89:11:020203:1080,Помещение,1990.0,однокомнатная квартира,Железобетонные,6,,101.0,89:11:020203:298,9,Жилое,,,"Ямало-Ненецкий автономный округ, г Новый Уренгой, ул Сибирская, д 35, кв 22",,,площадь,Купля-продажа,,,2025-11-24,2025-11-25,149295.77464788733,Собственность,1,,,,,,,35.5,5300000.0,,3.0,0.0
2026-01-01,89:13:010108:972,Помещение,1991.0,Квартира,Железобетонные,2,,101.0,89:13:010108:892,5,Жилое,,,"Ямало-Ненецкий автономный округ, г Муравленко, ул 70 лет Октября, д 1, кв 35",,,площадь,Купля-продажа,,,2025-11-24,2025-11-25,104054.05405405405,Собственность,1,,,,,,,37.0,3850000.0,,3.0,0.0
2026-01-01,89:09:050108:343,Помещение,1986.0,однокомнатная квартира,Из прочих материалов,2,,205.0,89:09:050108:34,2,Жилое,,,"Ямало-Ненецкий автономный округ, г Лабытнанги, ул Рижская, д 25, кв 16",,,площадь,Купля-продажа,,,2025-11-25,2025-11-26,69486.40483383686,Собственность,1,,,,,,,33.1,2300000.0,,3.0,0.0
2026-01-01,89:11:080201:11510,Помещение,2021.0,,Кирпичные,4,,101.0,89:11:080201:11507,5,Жилое,,,"Ямало-Ненецкий автономный округ, городской округ город Новый Уренгой, город Новый Уренгой, улица Пушкинская, дом 6, квартира 74",,,площадь,Купля-продажа,,,2025-11-25,2025-11-26,100536.19302949062,Общая долевая собственность,1,,,,,,,74.6,7500000.0,,3.0,0.0
2026-01-01,89:10:010208:1233,Помещение,1980.0,Нежилое помещение,Крупнопанельные,1,,107.0,89:10:010208:674,5,Нежилое,,,"Ямало-Ненецкий автономный округ, г Надым, ул Зверева, д 29, кв 30",,,площадь,Купля-продажа,,,2025-11-25,2025-11-26,88235.29411764706,Собственность,1,,,,,,,68.0,6000000.0,,3.0,0.0
2026-01-01,89:05:020111:631,Помещение,2011.0,Квартира,Из прочих материалов,3,,205.0,89:05:020111:566,3,Жилое,,,"Ямало-Ненецкий автономный округ, р-н Пуровский, г Тарко-Сале, ул Осенняя, д 5, кв 45",,,площадь,Купля-продажа,,,2025-11-25,2025-11-26,200549.45054945056,Собственность,1,,,,,,,36.4,7300000.0,,3.0,0.0
2026-01-01,89:12:110613:938,Помещение,1981.0,однокомнатная квартира,Крупнопанельные,4,,101.0,89:12:110613:111,5,Жилое,,,"Ямало-Ненецкий автономный округ, г Ноябрьск, пр-кт Мира, д 79, кв 71",,,площадь,Купля-продажа,,,2025-11-21,2025-11-27,143274.85380116958,Собственность,1,,,,,,,34.2,4900000.0,,3.0,0.0
2026-01-01,89:11:050202:452,Помещение,2015.0,гараж,,1,,303.0,,,Нежилое,,,"Ямало-Ненецкий автономный округ, г Новый Уренгой, Северная коммунальная зона, Гаражно-строительный кооператив Северный ветер, гараж №189",,,площадь,Купля-продажа,,,2025-11-18,2025-11-27,45112.781954887214,Общая совместная собственность,1,,,,,,,26.6,1200000.0,,3.0,0.0
2026-01-01,89:11:000000:6544,Помещение,2015.0,Гараж №419А,,1,,303.0,,,Нежилое,,,"Ямало-Ненецкий автономный округ, г Новый Уренгой, Северная коммунальная зона, панель ""А"", ГЭК ""Василёк"", гараж №419А",,,площадь,Купля-продажа,,,2025-11-26,2025-11-27,34375.0,Собственность,1,,,,,,,32.0,1100000.0,,3.0,0.0
2026-01-01,89:10:010208:3995,Помещение,1990.0,Двухкомнатная квартира,Крупнопанельные,2,,101.0,89:10:010208:717,10,Жилое,,,"Ямало-Ненецкий автономный округ, г Надым, ул Зверева, д 49, кв 86",,,площадь,Купля-продажа,,,2025-11-26,2025-11-27,35971.22302158273,Собственность,1,,,,,,,55.6,2000000.0,,3.0,0.0
2026-01-01,89:13:010105:1530,Помещение,2015.0,Квартира,Из прочих материалов,1,,205.0,89:13:010105:1529,3,Жилое,,,"Ямало-Ненецкий автономный округ, г Муравленко, ул Украинских строителей, д 20, кв 4",,,площадь,Купля-продажа,,,2025-11-26,2025-11-27,112068.96551724139,Общая долевая собственность,1,,,,,,,34.8,3900000.0,,3.0,0.0
2026-01-01,89:12:110710:2636,Помещение,1987.0,двухкомнатная квартира,Крупнопанельные,1,,101.0,89:12:110710:417,5,Жилое,,,"Ямало-Ненецкий автономный округ, г Ноябрьск, ул Изыскателей, д 40Б, кв 32",,,площадь,Купля-продажа,,,2025-11-25,2025-11-27,130688.93528183717,Общая совместная собственность,1,,,,,,,47.9,6260000.0,,3.0,0.0
2026-01-01,89:12:110711:256,Помещение,1990.0,двухкомнатная квартира,Крупнопанельные,4,,101.0,89:12:110711:75,6,Жилое,,,"Ямало-Ненецкий автономный округ, г Ноябрьск, ул Изыскателей, д 43 б, кв 9",,,площадь,Купля-продажа,,,2025-11-26,2025-11-27,116054.1586073501,Собственность,1,,,,,,,51.7,6000000.0,,3.0,0.0
2026-01-01,89:10:010206:2834,Помещение,1982.0,Квартира,Из прочих материалов,4,,101.0,89:10:010206:416,5,Жилое,,,"Ямало-Ненецкий автономный округ, г Надым, пр-кт Ленинградский, д 7, кв 25",,,площадь,Купля-продажа,,,2025-11-26,2025-11-27,81341.91176470589,Собственность,1,,,,,,,54.4,4425000.0,,3.0,0.0
2026-01-01,89:14:010129:657,Помещение,2013.0,квартира,Из мелких бетонных блоков,2,,205.0,89:14:010129:602,4,Жилое,,,"Ямало-Ненецкий автономный округ, г Губкинский, мкр 13-й, д 97, кв 1",,,площадь,Купля-продажа,,,2025-11-27,2025-11-28,165229.88505747129,Собственность,1,,,,,,,69.6,11500000.0,,3.0,0.0
2026-01-01,89:12:110703:2015,Помещение,1990.0,двухкомнатная квартира,Железобетонные,3,,101.0,89:12:110703:104,5,Жилое,,,"Ямало-Ненецкий автономный округ, г Ноябрьск, ул Магистральная, д 115, кв 53",,,площадь,Купля-продажа,,,2025-11-26,2025-11-28,146892.65536723164,Общая долевая собственность,1,,,,,,,53.1,7800000.0,,3.0,0.0
2026-01-01,89:10:010209:32,Помещение,2015.0,Помещение,Крупнопанельные,6,,101.0,89:10:010209:19,11,Жилое,,,"Ямало-Ненецкий автономный округ, г Надым, мкр Олимпийский, д 1, кв 13",,,площадь,Купля-продажа,,,2025-11-27,2025-12-01,95535.71428571429,Собственность,1,,,,,,,56.0,5350000.0,,3.0,0.0
2026-01-01,89:10:010202:1119,Помещение,1984.0,Помещение: однокомнатная квартира,Смешанные,5,,101.0,89:10:010202:142,5,Жилое,,,"Ямало-Ненецкий автономный округ, г Надым, ул Пионерская, д 5/1, кв 29",,,площадь,Купля-продажа,,,2025-11-24,2025-12-02,62814.0703517588,Собственность,1,,,,,,,39.8,2500000.0,,3.0,0.0
2026-01-01,89:05:020103:954,Помещение,2025.0,Квартира,Бетонные,4,,101.0,89:05:020103:939,6,Жилое,,,"Ямало-Ненецкий автономный округ, муниципальный округ Пуровский район, город Тарко-Сале, улица Ленина, дом 2, квартира 22",,,площадь,Купля-продажа,,,2025-12-01,2025-12-03,195000.0,Собственность,1,,,,,,,57.5,11212500.0,,3.0,0.0
2026-01-01,89:05:020103:965,Помещение,2025.0,Квартира,Бетонные,1,,101.0,89:05:020103:939,6,Жилое,,,"Ямало-Ненецкий автономный округ, муниципальный округ Пуровский район, город Тарко-Сале, улица Ленина, дом 2, квартира 32",,,площадь,Купля-продажа,,,2025-12-01,2025-12-03,195000.0,Собственность,1,,,,,,,67.2,13104000.0,,3.0,0.0
2026-01-01,89:13:010105:3965,Помещение,2025.0,,Смешанные,3,,205.0,89:13:010105:3935,3,Жилое,,,"Ямало-Ненецкий автономный округ, городской округ город Муравленко, город Муравленко, переулок Нефтяников, дом 7, квартира 36",,,площадь,Купля-продажа,,,2025-11-26,2025-12-03,8275.862068965518,Собственность,1,,,,,,,31.9,264000.0,,3.0,0.0
2026-01-01,89:13:010108:1506,Помещение,1989.0,Комната в трёхкомнатной квартире,Дощатые,2,,205.0,89:13:000000:191,2,Жилое,,,"Ямало-Ненецкий автономный округ, г Муравленко, ул Пионерская, д 63, кв 6",,,площадь,Купля-продажа,,,2025-11-26,2025-12-03,15260.115606936415,Собственность,1,,,,,,,17.3,264000.0,,3.0,0.0
2026-01-01,89:11:050103:4623,Помещение,2015.0,Квартира,,8,,101.0,,,Жилое,,,"Ямало-Ненецкий автономный округ, г Новый Уренгой, мкр Мирный, д 1, корп 5, кв 31",,,площадь,Купля-продажа,,,2025-12-02,2025-12-03,147227.53346080307,Собственность,1,,,,,,,52.3,7700000.0,,3.0,0.0
2026-01-01,89:11:050104:349,Помещение,1987.0,однокомнатная квартира,Бетонные,5,,101.0,89:11:050104:3671,10,Жилое,,,"Ямало-Ненецкий автономный округ, г Новый Уренгой, мкр Советский, д 2, корп 1, кв 114",,,площадь,Купля-продажа,,,2025-12-02,2025-12-03,173575.12953367876,Собственность,1,,,,,,,38.6,6700000.0,,3.0,0.0
2026-01-01,89:12:110804:211,Помещение,2015.0,Гараж,,1,,303.0,,,Нежилое,,,"Ямало-Ненецкий автономный округ, г Ноябрьск, р-н мкр. ""Н"", гск ГК Ханто-1, ряд 1",,,площадь,Купля-продажа,,,2025-12-03,2025-12-04,3463.203463203463,Собственность,1,,,,,,,23.1,80000.0,,3.0,0.0
2026-01-01,89:11:050104:882,Помещение,1988.0,Квартира,Крупнопанельные,9,,101.0,89:11:050104:209,10,Жилое,,,"Ямало-Ненецкий автономный округ, городской округ город Новый Уренгой, город Новый Уренгой, микрорайон Советский, дом 7 корпус 3, квартира 34",,,площадь,Купля-продажа,,,2025-12-03,2025-12-04,178571.42857142858,Собственность,1,,,,,,,36.4,6500000.0,,3.0,0.0
2026-01-01,89:12:110707:1646,Помещение,1985.0,Квартира,Крупнопанельные,3,,101.0,89:12:110707:213,5,Жилое,,,"Ямало-Ненецкий автономный округ, г Ноябрьск, ул Ленина, д 76а, кв 8",,,площадь,Купля-продажа,,,2025-12-03,2025-12-04,167543.85964912278,Общая долевая собственность,1,,,,,,,34.2,5730000.0,,3.0,0.0
2026-01-01,89:05:020109:125,Помещение,1988.0,Квартира 1,Смешанные,1,,205.0,89:05:020109:77,2,Жилое,,,"Ямало-Ненецкий автономный округ, р-н Пуровский, г Тарко-Сале, мкр Советский, д 19, кв 1",,,площадь,Купля-продажа,,,2025-12-03,2025-12-04,93117.4089068826,Собственность,1,,,,,,,49.4,4600000.0,,3.0,0.0
2026-01-01,89:11:020103:2481,Помещение,2018.0,,Из мелких бетонных блоков,6,,101.0,89:11:020103:2421,7,Жилое,,,"Ямало-Ненецкий автономный округ, городской округ город Новый Уренгой, город Новый Уренгой, микрорайон Строителей, дом 7 корпус 2, квартира 60",,,площадь,Купля-продажа,,,2025-12-03,2025-12-04,151757.18849840254,Собственность,1,,,,,,,31.3,4750000.0,,3.0,0.0
2026-01-01,89:11:020304:744,Помещение,1983.0,двухкомнатная квартира,Смешанные,5,,101.0,89:11:020304:111,9,Жилое,,,"Ямало-Ненецкий автономный округ, г Новый Уренгой, пр-кт Ленинградский, д 4а, кв 19",,,площадь,Купля-продажа,,,2025-12-05,2025-12-05,149289.09952606633,Собственность,1,,,,,,,42.2,6300000.0,,3.0,0.0
2026-01-01,89:14:010105:852,Помещение,2020.0,,Из мелких бетонных блоков,2,,205.0,89:14:010105:850,4,Жилое,,,"Ямало-Ненецкий автономный округ, г.о. город Губкинский, г Губкинский, мкр 5, д. 12, кв 6",,,площадь,Купля-продажа,,,2025-12-04,2025-12-05,165760.8695652174,Собственность,1,,,,,,,36.8,6100000.0,,3.0,0.0
2026-01-01,89:12:110705:1655,Помещение,1983.0,однокомнатная квартира,Железобетонные,2,,101.0,89:12:110705:217,5,Жилое,,,"Российская Федерация, Ямало-Ненецкий автономный округ, г.о. город Ноябрьск, г Ноябрьск, ул Дзержинского, д. 3, кв. 5",,,площадь,Купля-продажа,,,2025-12-04,2025-12-05,158357.77126099705,Собственность,1,,,,,,,34.1,5400000.0,,3.0,0.0
2026-01-01,89:12:110103:245,Помещение,1997.0,Квартира,Крупнопанельные,3,,101.0,89:12:110103:140,5,Жилое,,,"Ямало-Ненецкий автономный округ, г Ноябрьск, ул Транспортная, д 18, кв 54",,,площадь,Купля-продажа,,,2025-12-04,2025-12-05,25071.633237822352,Общая долевая собственность,1,,,,,,,69.8,1750000.0,,3.0,0.0
2026-01-01,89:11:030101:2331,Помещение,2016.0,квартира,Крупнопанельные,4,,101.0,89:11:030101:2239,10-11,Жилое,,,"Ямало-Ненецкий автономный округ, г Новый Уренгой, пр-кт Губкина, д 28, кв 92",,,площадь,Купля-продажа,,,2025-12-05,2025-12-08,184396.98863636362,Собственность,1,,,,,,,35.2,6490774.0,,3.0,0.0
2026-01-01,89:11:030101:2394,Помещение,2016.0,Квартира,Крупнопанельные,4,,101.0,89:11:030101:2239,10-11,Жилое,,,"Ямало-Ненецкий автономный округ, г Новый Уренгой, пр-кт Губкина, д 28, кв 155",,,площадь,Купля-продажа,,,2025-12-05,2025-12-08,214149.13957934993,Собственность,1,,,,,,,52.3,11200000.0,,3.0,0.0
2026-01-01,89:11:050303:1333,Помещение,2022.0,,Из прочих материалов,8,,101.0,89:11:050303:1218,13,Жилое,,,"Ямало-Ненецкий автономный округ, городской округ город Новый Уренгой, город Новый Уренгой, микрорайон Славянский, дом 1/6, кв 54",,,площадь,Купля-продажа,,,2025-12-06,2025-12-08,185628.74251497007,Общая долевая собственность,1,,,,,,,33.4,6200000.0,,3.0,0.0
2026-01-01,89:12:000000:5265,Помещение,2015.0,Гараж,,1,,303.0,,,Нежилое,,,"Ямало-Ненецкий автономный округ, г Ноябрьск, ГК Ханто-1, ряд 6, гараж 62",,,площадь,Купля-продажа,,,2025-04-30,2025-12-08,20000.0,Собственность,1,,,,,,,24.0,480000.0,,3.0,0.0
2026-01-01,89:13:010110:754,Помещение,2015.0,Гараж,,1,,303.0,,,Нежилое,,,"Ямало-Ненецкий автономный округ, г Муравленко, ул. Дружбы Народов, Гаражно-строительный кооператив ""Надежда"", гараж 8А",,,площадь,Купля-продажа,,,2025-12-08,2025-12-09,12240.663900414937,Собственность,1,,,,,,,24.1,295000.0,,3.0,0.0
2026-01-01,89:11:010201:872,Помещение,2011.0,гараж,Железобетонные,1,,303.0,89:11:010201:260,2,Нежилое,,,"Ямало-Ненецкий автономный округ, г Новый Уренгой, Западная промзона, панель ""Ж"", ОПГК ""Юг-Регион-Авто"", гараж №304",,,площадь,Купля-продажа,,,2025-12-05,2025-12-09,36764.705882352944,Собственность,1,,,,,,,27.2,1000000.0,,3.0,0.0
2026-01-01,89:11:050103:2791,Помещение,2006.0,помещение: двухкомнатная квартира,Из прочих материалов,5,,101.0,89:11:050103:308,7,Жилое,,,"Ямало-Ненецкий автономный округ, городской округ город Новый Уренгой, город Новый Уренгой, микрорайон Мирный, дом 1 корпус 1, квартира 27",,,площадь,Купля-продажа,,,2025-12-08,2025-12-09,121481.48148148147,Собственность,1,,,,,,,67.5,8200000.0,,3.0,0.0
2026-01-01,89:11:050102:757,Помещение,2001.0,двухкомнатная квартира,Кирпичные,2,,101.0,89:11:050102:306,11,Жилое,,,"Ямало-Ненецкий автономный округ, г Новый Уренгой, мкр Восточный, д 4, корп 3, кв 22",,,площадь,Купля-продажа,,,2025-12-10,2025-12-10,148760.3305785124,Собственность,1,,,,,,,60.5,9000000.0,,3.0,0.0
2026-01-01,89:11:000000:6793,Помещение,2015.0,гараж,,1,,303.0,,,Нежилое,,,"Ямало-Ненецкий автономный округ, г Новый Уренгой, Северная Коммунальная Зона, панель ""А"", ГЭК ""Василёк"", гараж №181",,,площадь,Купля-продажа,,,2025-12-09,2025-12-10,33922.26148409894,Собственность,1,,,,,,,28.3,960000.0,,3.0,0.0
2026-01-01,89:11:050103:1671,Помещение,1990.0,однокомнатная квартира,Крупнопанельные,7,,101.0,89:11:050103:272,12,Жилое,,,"Ямало-Ненецкий автономный округ, городской округ город Новый Уренгой, город Новый Уренгой, микрорайон Мирный, дом 2 корпус 3, квартира 106",,,площадь,Купля-продажа,,,2025-12-09,2025-12-10,159785.52278820376,Собственность,1,,,,,,,37.3,5960000.0,,3.0,0.0
2026-01-01,89:11:020302:1599,Помещение,1984.0,трёхкомнатная квартира,Из мелких бетонных блоков,2,,101.0,89:11:020302:191,10,Жилое,,,"Ямало-Ненецкий автономный округ, г Новый Уренгой, ул 26 Съезда КПСС, д 6, кв 43",,,площадь,Купля-продажа,,,2025-12-09,2025-12-10,123376.62337662338,Общая совместная собственность,1,,,,,,,61.6,7600000.0,,3.0,0.0
2026-01-01,89:10:010104:1143,Помещение,2011.0,Квартира,Крупноблочные,5,,101.0,89:10:010104:81,5,Жилое,,,"Ямало-Ненецкий автономный округ, г Надым, ул Топчева, д 12, кв. 89",,,площадь,Купля-продажа,,,2025-12-02,2025-12-10,44568.24512534819,Собственность,1,,,,,,,35.9,1600000.0,,3.0,0.0
2026-01-01,89:10:010102:824,Помещение,1995.0,Однокомнатная квартира,Крупнопанельные,1,,101.0,89:10:010102:411,5,Жилое,,,"Ямало-Ненецкий автономный округ, г Надым, ул Ю.Топчева, д 5, кв 33",,,площадь,Купля-продажа,,,2025-12-06,2025-12-10,80378.25059101655,Собственность,1,,,,,,,42.3,3400000.0,,3.0,0.0
2026-01-01,89:13:010112:809,Помещение,1993.0,Квартира,Крупнопанельные,1,,101.0,89:13:010112:127,5,Жилое,,,"Ямало-Ненецкий автономный округ, г Муравленко, ул 70 лет Октября, д 32, кв 47",,,площадь,Купля-продажа,,,2025-12-10,2025-12-11,107178.42323651451,Общая долевая собственность,1,,,,,,,48.2,5166000.0,,3.0,0.0
2026-01-01,89:05:020103:982,Помещение,2025.0,Квартира,Бетонные,4,,101.0,89:05:020103:939,6,Жилое,,,"Ямало-Ненецкий автономный округ, муниципальный округ Пуровский район, город Тарко-Сале, улица Ленина, дом 2, квартира 48",,,площадь,Купля-продажа,,,2025-12-08,2025-12-11,195000.0,Собственность,1,,,,,,,52.7,10276500.0,,3.0,0.0
2026-01-01,89:05:020103:988,Помещение,2025.0,Квартира,Бетонные,5,,101.0,89:05:020103:939,6,Жилое,,,"Ямало-Ненецкий автономный округ, муниципальный округ Пуровский район, город Тарко-Сале, улица Ленина, дом 2, квартира 53",,,площадь,Купля-продажа,,,2025-12-08,2025-12-11,195000.0,Собственность,1,,,,,,,67.2,13104000.0,,3.0,0.0
2026-01-01,89:11:050303:845,Помещение,2022.0,Квартира №85,Смешанные,1,,101.0,89:11:050303:734,13,Жилое,,,"Ямало-Ненецкий автономный округ, г Новый Уренгой, мкр Славянский, д 1/3, кв 85",,,площадь,Купля-продажа,,,2025-12-10,2025-12-11,165656.56565656565,Собственность,1,,,,,,,49.5,8200000.0,,3.0,0.0
2026-01-01,89:11:050105:1065,Помещение,1987.0,Квартира,Крупнопанельные,5,,101.0,89:11:050105:193,6,Жилое,,,"Ямало-Ненецкий автономный округ, г Новый Уренгой, мкр Юбилейный, д 1, корп 4, кв 26",,,площадь,Купля-продажа,,,2025-12-09,2025-12-11,155172.41379310345,Собственность,1,,,,,,,52.2,8100000.0,,3.0,0.0
2026-01-01,89:11:020103:1656,Помещение,2015.0,гараж,,"1, подвал",,303.0,,,Нежилое,,,"Ямало-Ненецкий автономный округ, г Новый Уренгой, мкр Строителей, Потребительский гаражный кооператив ""Фаэтон-1"", гараж №18",,,площадь,Купля-продажа,,,2025-12-10,2025-12-12,35555.555555555555,Собственность,1,,,,,,,22.5,800000.0,,3.0,0.0
2026-01-01,89:07:020101:1436,Помещение,1981.0,,Рубленые; Из легкобетонных панелей,1,,201.0,89:07:020101:2049,2,Жилое,,,"Ямало-Ненецкий автономный округ, р-н Красноселькупский, с Толька, ул Лесная, д 13, кв 3",,,площадь,Купля-продажа,,,2025-12-01,2025-12-12,15567.765567765568,Собственность,1,,,,,,,54.6,850000.0,,3.0,0.0
2026-01-01,89:14:010109:1967,Помещение,2016.0,квартира,Кирпичные,3,,101.0,89:14:010109:1902,5,Жилое,,,"Ямало-Ненецкий автономный округ, г Губкинский, мкр 9, д 42, кв 62",,,площадь,Купля-продажа,,,2025-12-12,2025-12-12,187861.27167630056,Собственность,1,,,,,,,34.6,6500000.0,,3.0,0.0
2026-01-01,89:11:020306:240,Помещение,1984.0,комната в многоквартирном доме,Крупнопанельные,3,,101.0,89:11:020301:178,9,Жилое,,,"Ямало-Ненецкий автономный округ, городской округ город Новый Уренгой, город Новый Уренгой, улица Геологоразведчиков, дом 2, квартира 309, комната 58",,,площадь,Купля-продажа,,,2025-12-09,2025-12-12,225225.22522522524,Собственность,1,,,,,,,11.1,2500000.0,,3.0,0.0
2026-01-01,89:08:000000:1316,Помещение,2015.0,Часть здания: Гараж,,1,,303.0,,,Нежилое,,,"Ямало-Ненецкий автономный округ, г Салехард, ул Республики, гараж 94в/2",,,площадь,Купля-продажа,,,2025-12-10,2025-12-12,55769.230769230766,Собственность,1,,,,,,,26.0,1450000.0,,3.0,0.0
2026-01-01,89:10:010201:946,Помещение,1985.0,Двухкомнатная квартира,Крупнопанельные,1,,101.0,89:10:010201:390,7,Жилое,,,"Ямало-Ненецкий автономный округ, г Надым, ул Комсомольская, д 10а, кв 3",,,площадь,Купля-продажа,,,2025-12-10,2025-12-12,75091.57509157508,Собственность,1,,,,,,,54.6,4100000.0,,3.0,0.0
2026-01-01,89:05:020103:978,Помещение,2025.0,Квартира,Бетонные,3,,101.0,89:05:020103:939,6,Жилое,,,"Ямало-Ненецкий автономный округ, муниципальный округ Пуровский район, город Тарко-Сале, улица Ленина, дом 2, квартира 44",,,площадь,Купля-продажа,,,2025-12-08,2025-12-12,195000.0,Собственность,1,,,,,,,66.2,12909000.0,,3.0,0.0
2026-01-01,89:05:020103:977,Помещение,2025.0,Квартира,Бетонные,3,,101.0,89:05:020103:939,6,Жилое,,,"Ямало-Ненецкий автономный округ, муниципальный округ Пуровский район, город Тарко-Сале, улица Ленина, дом 2, квартира 43",,,площадь,Купля-продажа,,,2025-12-08,2025-12-12,195000.0,Собственность,1,,,,,,,51.5,10042500.0,,3.0,0.0
2026-01-01,89:05:020103:979,Помещение,2025.0,Квартира,Бетонные,3,,101.0,89:05:020103:939,6,Жилое,,,"Ямало-Ненецкий автономный округ, муниципальный округ Пуровский район, город Тарко-Сале, улица Ленина, дом 2, квартира 45",,,площадь,Купля-продажа,,,2025-12-08,2025-12-12,195000.0,Собственность,1,,,,,,,46.8,9126000.0,,3.0,0.0
2026-01-01,89:05:020103:980,Помещение,2025.0,Квартира,Бетонные,4,,101.0,89:05:020103:939,6,Жилое,,,"Ямало-Ненецкий автономный округ, муниципальный округ Пуровский район, город Тарко-Сале, улица Ленина, дом 2, квартира 46",,,площадь,Купля-продажа,,,2025-12-08,2025-12-12,195000.0,Собственность,1,,,,,,,57.5,11212500.0,,3.0,0.0
2026-01-01,89:05:020103:981,Помещение,2025.0,Квартира,Бетонные,4,,101.0,89:05:020103:939,6,Жилое,,,"Ямало-Ненецкий автономный округ, муниципальный округ Пуровский район, город Тарко-Сале, улица Ленина, дом 2, квартира 47",,,площадь,Купля-продажа,,,2025-12-08,2025-12-12,195000.0,Собственность,1,,,,,,,67.2,13104000.0,,3.0,0.0
2026-01-01,89:05:020103:985,Помещение,2025.0,Квартира,Бетонные,4,,101.0,89:05:020103:939,6,Жилое,,,"Ямало-Ненецкий автономный округ, муниципальный округ Пуровский район, город Тарко-Сале, улица Ленина, дом 2, квартира 50",,,площадь,Купля-продажа,,,2025-12-08,2025-12-12,195000.0,Собственность,1,,,,,,,66.2,12909000.0,,3.0,0.0
2026-01-01,89:05:020103:986,Помещение,2025.0,Квартира,Бетонные,4,,101.0,89:05:020103:939,6,Жилое,,,"Ямало-Ненецкий автономный округ, муниципальный округ Пуровский район, город Тарко-Сале, улица Ленина, дом 2, квартира 51",,,площадь,Купля-продажа,,,2025-12-08,2025-12-12,195000.0,Собственность,1,,,,,,,46.8,9126000.0,,3.0,0.0
2026-01-01,89:05:020103:987,Помещение,2025.0,Квартира,Бетонные,5,,101.0,89:05:020103:939,6,Жилое,,,"Ямало-Ненецкий автономный округ, муниципальный округ Пуровский район, город Тарко-Сале, улица Ленина, дом 2, квартира 52",,,площадь,Купля-продажа,,,2025-12-08,2025-12-12,195000.0,Собственность,1,,,,,,,57.5,11212500.0,,3.0,0.0
2026-01-01,89:10:010207:1242,Помещение,1985.0,Квартира,Железобетонные,5,,101.0,89:10:010206:377,9,Жилое,,,"Ямало-Ненецкий автономный округ, г Надым, набережная им. Оруджева, д 34, кв 55",,,площадь,Купля-продажа,,,2025-12-08,2025-12-16,81180.81180811807,Собственность,1,,,,,,,54.2,4400000.0,,3.0,0.0
2026-01-01,89:11:050101:1446,Помещение,1994.0,двухкомнатная квартира,Железобетонные,3,,101.0,89:11:050101:156,9,Жилое,,,"Ямало-Ненецкий автономный округ, городской округ город Новый Уренгой, город Новый Уренгой, микрорайон Дружба, дом 2 корпус 3, квартира 46",,,площадь,Купля-продажа,,,2025-12-10,2025-12-16,163841.8079096045,Собственность,1,,,,,,,53.1,8700000.0,,3.0,0.0
2026-01-01,89:09:110401:933,Помещение,1986.0,Помещение: квартира,Деревянные; Каркасно-засыпные,1,,205.0,89:09:110302:223,2,Жилое,,,"Ямало-Ненецкий автономный округ, р-н Приуральский, п Харп, кв-л Молодежный, д 8, кв 12",,,площадь,Купля-продажа,,,2025-12-12,2025-12-16,93558.28220858895,Собственность,1,,,,,,,32.6,3050000.0,,3.0,0.0
2026-01-01,89:11:020101:613,Помещение,1980.0,двухкомнатная квартира,Железобетонные,5,,101.0,89:11:020101:357,6,Жилое,,,"Ямало-Ненецкий автономный округ, г Новый Уренгой, ул Надымская, д 7, кв 15",,,площадь,Купля-продажа,,,2025-12-12,2025-12-16,111307.42049469965,Общая совместная собственность,1,,,,,,,56.6,6300000.0,,3.0,0.0
2026-01-01,89:10:010307:661,Помещение,2015.0,Гараж,,1,,303.0,,,Нежилое,,,"Ямало-Ненецкий автономный округ, г Надым, район промбазы ОАО ""Надымдорстрой"", ГСК ""Пикет"", гараж №44",,,площадь,Купля-продажа,,,2025-12-13,2025-12-17,16129.032258064517,Собственность,1,,,,,,,27.9,450000.0,,3.0,0.0
2026-01-01,89:10:000000:3507,Помещение,2015.0,Гараж,,1,,303.0,,,Нежилое,,,"Ямало-Ненецкий автономный округ, г Надым, проезд 8-й, ГСК ""Полярник"", гараж 14",,,площадь,Купля-продажа,,,2025-12-15,2025-12-17,7272.727272727273,Собственность,1,,,,,,,27.5,200000.0,,3.0,0.0
2026-01-01,89:12:110705:2194,Помещение,1983.0,Квартира,Бетонные,1,,101.0,89:12:110705:231,5,Жилое,,,"Ямало-Ненецкий автономный округ, г Ноябрьск, пр-кт Мира, д 50, кв 1",,,площадь,Купля-продажа,,,2025-12-12,2025-12-17,102161.10019646365,Собственность,1,,,,,,,50.9,5200000.0,,3.0,0.0
2026-01-01,89:02:020102:606,Помещение,2015.0,,,1,,303.0,,,Нежилое,,,"Ямало-Ненецкий автономный округ, муниципальный округ Приуральский район, село Аксарка, переулок Школьный, владение 7В строение 4, гараж 5",,,площадь,Купля-продажа,,,2025-12-12,2025-12-17,35269.70954356846,Собственность,1,,,,,,,24.1,850000.0,,3.0,0.0
2026-01-01,89:10:000000:3877,Помещение,2019.0,Гараж,Железобетонные,1,,303.0,89:10:010305:675,1,Нежилое,,,"Ямало-Ненецкий автономный округ, Надымский муниципальный район, Городское поселение город Надым, г Надым, 8-й проезд, строение 19/5, помещение №344",,,площадь,Купля-продажа,,,2025-12-15,2025-12-17,12547.528517110266,Собственность,1,,,,,,,26.3,330000.0,,3.0,0.0
2026-01-01,89:12:110814:548,Помещение,2015.0,гараж №18,,1,,303.0,,,Нежилое,,,"Ямало-Ненецкий автономный округ, г Ноябрьск, ГК Ханто-2, гараж 18, блок 28",,,площадь,Купля-продажа,,,2025-12-11,2025-12-17,15311.004784688996,Собственность,1,,,,,,,20.9,320000.0,,3.0,0.0
2026-01-01,89:10:010207:914,Помещение,1987.0,Двухкомнатная квартира,Крупнопанельные,7,,101.0,89:10:010207:269,9,Жилое,,,"Ямало-Ненецкий автономный округ, г Надым, ул Рыжкова, д 8, кв 125",,,площадь,Купля-продажа,,,2025-12-16,2025-12-18,57319.22398589065,Собственность,1,,,,,,,56.7,3250000.0,,3.0,0.0
2026-01-01,89:10:010208:2876,Помещение,1990.0,Помещение: трёхкомнатная квартира,Крупнопанельные,8,,101.0,89:10:010208:497,10,Жилое,,,"Ямало-Ненецкий автономный округ, г Надым, ул Заводская, д 3, кв 72",,,площадь,Купля-продажа,,,2025-12-16,2025-12-18,74529.66714905934,Общая долевая собственность,1,,,,,,,69.1,5150000.0,,3.0,0.0
2026-01-01,89:10:010107:377,Помещение,1974.0,Квартира,Крупнопанельные,2,,101.0,89:10:010107:222,5,Жилое,,,"Ямало-Ненецкий автономный округ, г Надым, ул Полярная, д 17, кв 46",,,площадь,Купля-продажа,,,2025-12-17,2025-12-18,68259.38566552901,Собственность,1,,,,,,,58.6,4000000.0,,3.0,0.0
2026-01-01,89:03:040101:759,Помещение,2015.0,Гараж,,1,,303.0,,,Нежилое,,,"Ямало-Ненецкий автономный округ, р-н Ямальский, с.Яр-Сале, ул. Советская, гараж 51/17",,,площадь,Купля-продажа,,,2019-04-23,2025-12-18,9449.339207048459,Собственность,1,,,,,,,68.1,643500.0,,3.0,0.0
2026-01-01,89:13:010111:2044,Помещение,2017.0,квартира,Из мелких бетонных блоков,1,,101.0,89:13:010111:2031,8,Жилое,,,"Ямало-Ненецкий автономный округ, г Муравленко, ул 70 лет Октября, д 43, кв 13",,,площадь,Купля-продажа,,,2025-12-17,2025-12-18,135593.22033898305,Собственность,1,,,,,,,17.7,2400000.0,,3.0,0.0
2026-01-01,89:11:020305:137,Помещение,2015.0,Часть здания: гараж,,1,,303.0,,,Нежилое,,,"Ямало-Ненецкий автономный округ, г Новый Уренгой, Потребительский гаражный кооператив ""Виадук"", ул.26 съезда КПСС, поз.5, Бокс № 252",,,площадь,Купля-продажа,,,2025-12-18,2025-12-19,71748.87892376681,Собственность,1,,,,,,,22.3,1600000.0,,3.0,0.0
2026-01-01,89:08:010301:2541,Помещение,2020.0,Гаражный бокс 16 блок 1,Шлакобетонные,1,,303.0,89:08:010301:2432,1,Нежилое,,,"Ямало-Ненецкий автономный округ, г Салехард, восточная часть города, площадка №13",,,площадь,Купля-продажа,,,2025-12-17,2025-12-19,15189.87341772152,Собственность,1,,,,,,,39.5,600000.0,,3.0,0.0
2026-01-01,89:04:020105:236,Помещение,1987.0,"Жилое помещение расположено в многоквартирном доме, признанном аварийным и подлежащим сносу или реконструкции",Каркасно-засыпные,2,,205.0,89:04:020101:2301,2,Жилое,,,"Ямало-Ненецкий автономный округ, р-н Надымский, пос Пангоды, ул Мира, д 43, кв 15",,,площадь,Купля-продажа,,,2025-12-18,2025-12-19,44414.95327102803,Собственность,1,,,,,,,74.9,3326680.0,,3.0,0.0
2026-01-01,89:05:020123:1212,Помещение,2015.0,Квартира,Из прочих материалов,3,,205.0,89:05:020123:1171,3,Жилое,,,"Ямало-Ненецкий автономный округ, р-н Пуровский, г Тарко-Сале, ул Геофизиков, д 17, кв 33",,,площадь,Купля-продажа,,,2025-12-18,2025-12-19,160818.7134502924,Общая долевая собственность,1,,,,,,,68.4,11000000.0,,3.0,0.0
2026-01-01,89:11:050105:1010,Помещение,1987.0,квартира в многоквартирном доме,Крупнопанельные,5,,101.0,89:11:050105:192,6,Жилое,,,"Ямало-Ненецкий автономный округ, г Новый Уренгой, мкр Юбилейный, д 1, корп 2, кв 43",,,площадь,Купля-продажа,,,2025-12-18,2025-12-19,115220.48364153628,Общая долевая собственность,1,,,,,,,70.3,8100000.0,,3.0,0.0
2026-01-01,89:08:030301:711,Помещение,2015.0,бокс №7,,1,,303.0,,,Нежилое,,,"Ямало-Ненецкий автономный округ, г Салехард, ул Объездная, площадка № 34, строение 2, бокс № 7",,,площадь,Купля-продажа,,,2025-12-13,2025-12-19,47619.04761904762,Собственность,1,,,,,,,63.0,3000000.0,,3.0,0.0
2026-01-01,89:12:110610:435,Помещение,1995.0,однокомнатная квартира,Кирпичные,6,,101.0,89:12:110610:103,10,Жилое,,,"Ямало-Ненецкий автономный округ, г Ноябрьск, ул Космонавтов, д 8, кв 48",,,площадь,Купля-продажа,,,2025-12-18,2025-12-22,155480.98434004473,Собственность,1,,,,,,,44.7,6950000.0,,3.0,0.0
2026-01-01,89:11:020206:2637,Помещение,2024.0,,Бетонные,2,,101.0,89:11:020206:2534,8,Жилое,,,"Ямало-Ненецкий автономный округ, городской округ город Новый Уренгой, город Новый Уренгой, улица Южная, дом 54А, квартира 134",,,площадь,Купля-продажа,,,2025-12-08,2025-12-22,184396.99421965316,Собственность,1,,,,,,,34.6,6380136.0,,3.0,0.0
2026-01-01,89:11:020204:2025,Помещение,2025.0,Квартира,Из мелких бетонных блоков,9,,101.0,89:11:020204:1994,10,Жилое,,,"Ямало-Ненецкий автономный округ, городской округ город Новый Уренгой, город Новый Уренгой, микрорайон Созидателей, дом 2А, квартира 37",,,площадь,Купля-продажа,,,2025-12-19,2025-12-22,173000.0,Общая совместная собственность,1,,,,,,,57.2,9895600.0,,3.0,0.0
2026-01-01,89:10:010208:1348,Помещение,1979.0,Двухкомнатная квартира,Из прочих материалов,2,,101.0,89:10:010208:706,5,Жилое,,,"Ямало-Ненецкий автономный округ, г Надым, ул Зверева, д 25, кв 3",,,площадь,Купля-продажа,,,2025-12-19,2025-12-22,79754.60122699387,Собственность,1,,,,,,,65.2,5200000.0,,3.0,0.0
2026-01-01,89:10:010107:462,Помещение,1974.0,Квартира,Смешанные,2,,101.0,89:10:010107:246,5,Жилое,,,"Ямало-Ненецкий автономный округ, г Надым, ул Полярная, д 12, кв 61",,,площадь,Купля-продажа,,,2025-12-19,2025-12-22,49056.6037735849,Собственность,1,,,,,,,53.0,2600000.0,,3.0,0.0
2026-01-01,89:12:110601:8760,Помещение,1989.0,,Кирпичные,1,,411.0,89:12:110601:516,1,Нежилое,,,"Ямало-Ненецкий автономный округ, г.о. город Ноябрьск, г Ноябрьск, ул Энтузиастов, д. 12",,,площадь,Купля-продажа,,,2025-12-19,2025-12-22,45110.94854913436,Собственность,1,,,,,,,410.1,18500000.0,,3.0,0.0
2026-01-01,89:09:010209:349,Помещение,1988.0,двухкомнатная квартира,Сборно-щитовые,1,,205.0,89:09:010209:114,2,Жилое,,,"Ямало-Ненецкий автономный округ, г Лабытнанги, ул Автострадная, д 45, кв 4",,,площадь,Купля-продажа,,,2025-12-18,2025-12-22,100595.22556390977,Собственность,1,,,,,,,53.2,5351666.0,,3.0,0.0
2026-01-01,89:06:010105:1559,Помещение,2025.0,,Из мелких бетонных блоков,1,,205.0,89:06:010105:1543,4,Жилое,,,"Ямало-Ненецкий автономный округ, муниципальный округ Тазовский район, поселок Тазовский, улица Кирова, дом 7, кв 23",,,площадь,Купля-продажа,,,2025-12-10,2025-12-23,287405.6014535957,Собственность,1,,,,,,,61.3,47695155.0,Выброс,3.0,0.0
2026-01-01,89:06:010109:5161,Помещение,2025.0,,Из мелких бетонных блоков,4,,205.0,89:06:010109:5130,4,Жилое,,,"Ямало-Ненецкий автономный округ, муниципальный округ Тазовский район, поселок Тазовский, улица Геофизиков, дом 21Б, квартира 37",,,площадь,Купля-продажа,,,2025-12-10,2025-12-23,287405.6014535957,Собственность,1,,,,,,,62.2,47695155.0,Выброс,3.0,0.0
2026-01-01,89:06:010109:5162,Помещение,2025.0,,Из мелких бетонных блоков,4,,205.0,89:06:010109:5130,4,Жилое,,,"Ямало-Ненецкий автономный округ, муниципальный округ Тазовский район, поселок Тазовский, улица Геофизиков, дом 21Б, квартира 38",,,площадь,Купля-продажа,,,2025-12-10,2025-12-23,287405.6014535957,Собственность,1,,,,,,,34.5,47695155.0,Выброс,3.0,0.0
2026-01-01,89:06:010105:1569,Помещение,2025.0,,Из мелких бетонных блоков,3,,205.0,89:06:010105:1543,4,Жилое,,,"Ямало-Ненецкий автономный округ, муниципальный округ Тазовский район, поселок Тазовский, улица Кирова, дом 7, кв 32",,,площадь,Купля-продажа,,,2025-12-10,2025-12-23,287405.6014535957,Собственность,1,,,,,,,61.5,47695155.0,Выброс,3.0,0.0
2026-01-01,89:06:010102:839,Помещение,2017.0,Квартира,Из прочих материалов,1,,205.0,89:06:010102:757,4,Жилое,,,"Ямало-Ненецкий автономный округ, р-н Тазовский, п Тазовский, ул Калинина, д 15 А, кв 53",,,площадь,Купля-продажа,,,2025-12-22,2025-12-23,165217.39130434784,Собственность,1,,,,,,,57.5,9500000.0,,3.0,0.0
2026-01-01,89:10:010206:2515,Помещение,1980.0,Нежилое помещение,Смешанные,1,,107.0,89:10:010206:396,5,Нежилое,,,"Ямало-Ненецкий автономный округ, г Надым, проспект Ленинградский, д 2, нежилое помещение №60",,,площадь,Купля-продажа,,,2024-04-11,2025-12-23,13490.725126475549,Общая долевая собственность,1,,,,,,,59.3,800000.0,,3.0,0.0
2026-01-01,89:10:010306:2727,Помещение,2015.0,гараж,,1,,303.0,,,Нежилое,,,"Ямало-Ненецкий автономный округ, г Надым, панель ""П"", район 2-й котельной, КСиЭГ ""Тоги"", гараж № 74",,,площадь,Купля-продажа,,,2024-04-11,2025-12-23,1984.126984126984,Общая долевая собственность,1,,,,,,,50.4,100000.0,,3.0,0.0
2026-01-01,89:10:010205:625,Помещение,1987.0,Однокомнатная квартира,Крупнопанельные,3,,101.0,89:10:010205:181,7,Жилое,,,"Ямало-Ненецкий автономный округ, г Надым, пр-кт Ленинградский, д 11, кв 248",,,площадь,Купля-продажа,,,2025-12-23,2025-12-24,69587.6288659794,Собственность,1,,,,,,,38.8,2700000.0,,3.0,0.0
2026-01-01,89:12:110710:1791,Помещение,1987.0,Квартира,Железобетонные,2,,101.0,89:12:110710:378,6,Жилое,,,"Ямало-Ненецкий автономный округ, городской округ город Ноябрьск, город Ноябрьск, улица Изыскателей, дом 40/13, квартира 43",,,площадь,Купля-продажа,,,2025-12-23,2025-12-24,166455.69620253163,Собственность,1,,,,,,,79.0,13150000.0,,3.0,0.0
2026-01-01,89:10:010208:2643,Помещение,1989.0,Квартира,Крупнопанельные,3,,101.0,89:10:010208:742,10,Жилое,,,"Ямало-Ненецкий автономный округ, г Надым, ул Зверева, д 41, кв 117",,,площадь,Купля-продажа,,,2025-12-23,2025-12-24,76923.07692307692,Общая долевая собственность,1,,,,,,,91.0,7000000.0,,3.0,0.0
2026-01-01,89:12:110709:1756,Помещение,1991.0,Квартира,Крупнопанельные,5,,101.0,89:12:110709:228,5,Жилое,,,"Ямало-Ненецкий автономный округ, г Ноябрьск, ул Цоя, д 11В, кв 74",,,площадь,Купля-продажа,,,2025-12-22,2025-12-25,133333.33333333334,Собственность,1,,,,,,,34.5,4600000.0,,3.0,0.0
2026-01-01,89:11:080201:5557,Помещение,2015.0,гараж,,1,,303.0,,,Нежилое,,,"Ямало-Ненецкий автономный округ, г Новый Уренгой, пр-кт Мира, гаражно-строительный кооператив ""Надежда"", гараж №62",,,площадь,Купля-продажа,,,2025-12-19,2025-12-26,40928.2700421941,Собственность,1,,,,,,,23.7,970000.0,,3.0,0.0
2026-01-01,89:06:010104:1652,Помещение,2015.0,квартира,Бетонные,2,,205.0,89:06:010104:1639,3,Жилое,,,"Ямало-Ненецкий автономный округ, р-н Тазовский, п Тазовский, ул Пушкина, д 25, кв 19",,,площадь,Купля-продажа,,,2025-12-25,2025-12-26,184079.60199004973,Общая долевая собственность,1,,,,,,,40.2,7400000.0,,3.0,0.0
2026-01-01,89:12:000000:8690,Помещение,2015.0,Гараж,,1,,303.0,,,Нежилое,,,"Ямало-Ненецкий автономный округ, г Ноябрьск, мкр-н Вынгапуровский, ГТ ""Мечта"", гараж 187",,,площадь,Купля-продажа,,,2025-12-24,2025-12-26,1824.8175182481752,Собственность,1,,,,,,,27.4,50000.0,,3.0,0.0
2026-01-01,89:01:010802:8415,Помещение,2013.0,Помещение: квартира,Крупноблочные,2,,205.0,89:01:010802:8363,3,Жилое,,,"Ямало-Ненецкий автономный округ, р-н Шурышкарский, нп Мужи, ул Советская, д 37, кв 8",,,площадь,Купля-продажа,,,2025-12-26,2025-12-29,132052.82112845138,Собственность,1,,,,,,,83.3,11000000.0,,3.0,0.0
2026-01-01,89:05:020108:416,Помещение,1993.0,,Сборно-щитовые,2,,205.0,89:05:020108:101,2,Жилое,,,"Ямало-Ненецкий автономный округ, р-н Пуровский, г Тарко-Сале, мкр Геолог, д 19, кв 10",,,площадь,Купля-продажа,,,2025-12-29,2025-12-29,139805.82524271845,Собственность,1,,,,,,,51.5,7200000.0,,3.0,0.0
2026-01-01,89:05:020111:675,Помещение,2011.0,Квартира,Из прочих материалов,3,,205.0,89:05:020111:567,3,Жилое,,,"Ямало-Ненецкий автономный округ, р-н Пуровский, г Тарко-Сале, ул Осенняя, д 7, кв 44",,,площадь,Купля-продажа,,,2025-12-29,2025-12-29,161643.83561643836,Собственность,1,,,,,,,36.5,5900000.0,,3.0,0.0
2026-01-01,89:04:020101:4429,Помещение,1994.0,Квартира,Кирпичные,4,,101.0,89:04:020101:2867,5,Жилое,,,"Ямало-Ненецкий автономный округ, р-н Надымский, пгт Пангоды, ул Звездная, д 20, кв 15",,,площадь,Купля-продажа,,,2025-12-27,2025-12-29,37614.678899082566,Собственность,1,,,,,,,54.5,2050000.0,,3.0,0.0
2026-01-01,89:04:020105:208,Помещение,1999.0,Две комнаты в четырехкомнатной квартире,Кирпичные,3,,101.0,89:04:020101:1947,5,Жилое,,,"Ямало-Ненецкий автономный округ, р-н Надымский, п Пангоды, ул Мира, д 17, кв 116, к.1, 3",,,площадь,Купля-продажа,,,2025-12-25,2025-12-29,24449.87775061125,Общая долевая собственность,1,,,,,,,40.9,1000000.0,,3.0,0.0
2026-01-01,89:03:040101:515,Помещение,2007.0,Помещение: квартира,Бетонные,2,,201.0,89:03:040101:316,2,Жилое,,,"Ямало-Ненецкий автономный округ, р-н Ямальский, с Яр-Сале, ул Советская, д 18, кв 2",,,площадь,Купля-продажа,,,2025-12-22,2025-12-29,184365.78171091445,Общая долевая собственность,1,,,,,,,67.8,12500000.0,,3.0,0.0
2026-01-01,89:11:050102:3495,Помещение,1900.0,однокомнатная квартира,Из прочих материалов,4,,101.0,89:11:050102:310,10,Жилое,,,"Ямало-Ненецкий автономный округ, г Новый Уренгой, мкр Восточный, д 2, корп 5, кв 63",,,площадь,Купля-продажа,,,2025-12-26,2025-12-29,154241.64524421594,Собственность,1,,,,,,,38.9,6000000.0,,3.0,0.0
2026-01-01,89:10:010107:1121,Помещение,1976.0,Двухкомнатная квартира,Крупнопанельные,4,,101.0,89:10:010107:202,5,Жилое,,,"Ямало-Ненецкий автономный округ, г Надым, ул Полярная, д 7, кв 53",,,площадь,Купля-продажа,,,2025-12-26,2025-12-29,77369.43907156673,Общая долевая собственность,1,,,,,,,51.7,4000000.0,,3.0,0.0
2026-01-01,89:12:110703:1197,Помещение,1989.0,Помещение: двухкомнатная квартира,Крупнопанельные,5,,101.0,89:12:110703:232,5,Жилое,,,"Ямало-Ненецкий автономный округ, г Ноябрьск, ул Магистральная, д 111, кв 45",,,площадь,Купля-продажа,,,2004-05-07,2025-12-29,47709.923664122136,Собственность,1,,,,,,,52.4,2500000.0,,3.0,0.0
2026-01-01,89:14:010114:862,Помещение,1997.0,трёхкомнатная квартира,Бетонные,5,,101.0,89:14:010114:646,5,Жилое,,,"Ямало-Ненецкий автономный округ, г Губкинский, мкр 14, д 28, кв 20",,,площадь,Купля-продажа,,,2025-12-27,2025-12-29,134328.35820895524,Общая долевая собственность,1,,,,,,,67.0,9000000.0,,3.0,0.0
2026-01-01,89:10:010305:698,Помещение,2019.0,,Железобетонные,1,,303.0,89:10:010305:677,1,Нежилое,,,"Ямало-Ненецкий автономный округ, Надымский муниципальный район, Городское поселение город Надым, г. Надым, 8-й проезд, строение 19/2, помещение №78",,,площадь,Купля-продажа,,,2025-12-19,2025-12-30,18726.591760299627,Собственность,1,,,,,,,26.7,500000.0,,3.0,0.0
2026-01-01,89:14:010109:1260,Помещение,2008.0,1-комнатная квартира,Кирпичные,3,,101.0,89:14:010109:167,5,Жилое,,,"Ямало-Ненецкий автономный округ, г Губкинский, мкр 9-й, д 24, кв 14",,,площадь,Купля-продажа,,,2025-12-20,2025-12-30,145888.5941644562,Собственность,1,,,,,,,37.7,5500000.0,,3.0,0.0
2026-01-01,89:14:010125:1224,Помещение,2015.0,Гараж,,1,,303.0,,,Нежилое,,,"Ямало-Ненецкий автономный округ, г Губкинский, гаражный массив №12, блок 5/VIII, гараж №7",,,площадь,Купля-продажа,,,2025-12-20,2025-12-30,10729.613733905579,Собственность,1,,,,,,,23.3,250000.0,,3.0,0.0
2026-01-01,89:05:030201:2289,Помещение,1995.0,Помещение: двухкомнатная квартира,Смешанные,2,,205.0,89:05:030201:1397,3,Жилое,,,"Ямало-Ненецкий автономный округ, муниципальный округ Пуровский район, поселок Ханымей, квартал Школьный, дом 2, квартира 13",,,площадь,Купля-продажа,,,2025-12-30,2025-12-30,76923.07692307692,Общая совместная собственность,1,,,,,,,52.0,4000000.0,,3.0,0.0
2026-01-01,89:11:050103:2103,Помещение,1989.0,Квартира,Кирпичные,2,,101.0,89:11:050103:285,11,Жилое,,,"Ямало-Ненецкий автономный округ, г Новый Уренгой, мкр Мирный, д 2, корп 1, кв 8",,,площадь,Купля-продажа,,,2025-12-25,2025-12-30,122678.84322678842,Общая долевая собственность,1,,,,,,,65.7,8060000.0,,3.0,0.0
2026-01-01,89:14:010129:1118,Помещение,2011.0,Квартира,Из прочих материалов,3,,205.0,89:14:010129:768,4,Жилое,,,"Ямало-Ненецкий автономный округ, городской округ город Губкинский, город Губкинский, микрорайон 13, дом 104, квартира 12",,,площадь,Купля-продажа,,,2025-12-29,2025-12-30,78467.15328467154,Собственность,1,,,,,,,54.8,4300000.0,,3.0,0.0
2026-01-01,89:05:020107:257,Помещение,1973.0,Квартира,Из прочих материалов,1,,201.0,89:05:020107:146,1,Жилое,,,"Ямало-Ненецкий автономный округ, р-н Пуровский, г Тарко-Сале, ул Лесная, д 9, кв 1",,,площадь,Купля-продажа,,,2025-12-29,2025-12-30,7278.020378457059,Собственность,1,,,,,,,68.7,500000.0,,3.0,0.0
2026-01-01,89:05:020112:570,Помещение,2015.0,Квартира,Из мелких бетонных блоков,3,,205.0,89:05:020112:537,3,Жилое,,,"Ямало-Ненецкий автономный округ, р-н Пуровский, г Тарко-Сале, ул Осенняя, д 16, кв 34",,,площадь,Купля-продажа,,,2025-12-27,2025-12-30,178041.5430267062,Собственность,1,,,,,,,33.7,6000000.0,,3.0,0.0
2026-01-01,89:01:010101:1100,Помещение,2017.0,Помещение: квартира,Сборно-щитовые,2,,205.0,89:01:010101:1095,3,Жилое,,,"Ямало-Ненецкий автономный округ, р-н Шурышкарский, с Шурышкары, ул Мира, д 13, кв 6",,,площадь,Купля-продажа,,,2025-12-29,2025-12-30,69444.44444444444,Собственность,1,,,,,,,36.0,2500000.0,,3.0,0.0
2026-01-01,89:11:020208:1742,Помещение,2021.0,,Из мелких бетонных блоков,3,,101.0,89:11:020208:1390,10,Жилое,,,"Ямало-Ненецкий автономный округ, городской округ город Новый Уренгой, город Новый Уренгой, улица Арктическая, дом 31, квартира 13",,,площадь,Купля-продажа,,,2025-12-19,2025-12-30,28675.529986052996,Собственность,1,,,,,,,71.7,2056035.5,,3.0,0.0
2026-01-01,89:04:000000:2585,Помещение,2015.0,Гараж,,1,,303.0,,,Нежилое,,,"Ямало-Ненецкий автономный округ, р-н Надымский, пос Пангоды, тов. Автомобилист-93, гараж №157",,,площадь,Купля-продажа,,,2025-12-29,2025-12-30,14912.280701754386,Собственность,1,,,,,,,22.8,340000.0,,3.0,0.0
2026-01-01,89:14:020102:1300,Помещение,2020.0,Гараж,Из легкобетонных панелей,1,,303.0,89:14:020102:741,1,Нежилое,,,"Ямало-Ненецкий автономный округ, г Губкинский, тер Панель 2, строение 0033/3",,,площадь,Купля-продажа,,,2025-12-29,2025-12-30,10373.443983402489,Собственность,1,,,,,,,24.1,250000.0,,3.0,0.0
2026-01-01,89:05:020108:427,Помещение,2003.0,Помещение: трёхкомнатная квартира,Кирпичные,3,,205.0,89:05:020108:106,3,Жилое,,,"Ямало-Ненецкий автономный округ, р-н Пуровский, г Тарко-Сале, мкр Геолог, д 10, кв 9",,,площадь,Купля-продажа,,,2025-12-15,2025-12-30,52888.527257933274,Собственность,1,,,,,,,122.9,6500000.0,,3.0,0.0
2026-01-01,89:11:020206:2627,Помещение,2024.0,,Бетонные,1,,101.0,89:11:020206:2534,8,Жилое,,,"Ямало-Ненецкий автономный округ, городской округ город Новый Уренгой, город Новый Уренгой, улица Южная, дом 54А, квартира 2",,,площадь,Купля-продажа,,,2025-12-26,2025-12-30,176630.4347826087,Собственность,1,,,,,,,36.8,6500000.0,,3.0,0.0
2026-01-04,89:12:110606:1028,Помещение,2013.0,Квартира в многоквартирном доме,Смешанные,3,,205.0,,4,Жилое,,,"Ямало-Ненецкий автономный округ, городской округ город Ноябрьск, город Ноябрьск, улица Республики, дом 38, квартира 17",,,Площадь,Купля-продажа,,,2025-12-30,2026-01-12,154340.83601286172,001001000000,1,,,,,,,31.1,4800000.0,,3.0,0.0
2026-01-04,89:08:010205:849,Помещение,2013.0,Помещение: квартира,Из мелких бетонных блоков,9,,101.0,,9,Жилое,,,"Ямало-Ненецкий автономный округ, г Салехард, ул Комсомольская, д 13, кв 42",,,Площадь,Купля-продажа,,,2025-12-30,2026-01-12,196324.95164410057,001002000000,1,,,,,,,51.7,10150000.0,,3.0,0.0
2026-01-04,89:09:020101:1382,Помещение,1980.0,помещение: квартира,Деревянные,2,,205.0,,2,Жилое,,,"Ямало-Ненецкий автономный округ, г Лабытнанги, ул Центральная, д 42, кв 12",,,Площадь,Купля-продажа,,,2025-12-30,2026-01-12,83025.83025830258,001001000000,1,,,,,,,54.2,4500000.0,,3.0,0.0
2026-01-04,89:11:050102:2660,Помещение,1988.0,помещение: однокомнатная квартира,Крупнопанельные,8,,101.0,,10,Жилое,,,"Ямало-Ненецкий автономный округ, г Новый Уренгой, мкр Восточный, д 1, корп 4, кв 38",,,Площадь,Купля-продажа,,,2025-12-30,2026-01-12,184237.7260981912,001001000000,1,,,,,,,38.7,7130000.0,,3.0,0.0
2026-01-04,89:13:010111:833,Помещение,2006.0,Помещение: двухкомнатная квартира,Крупнопанельные,2,,101.0,,5,Жилое,,,"Ямало-Ненецкий автономный округ, городской округ город Муравленко, город Муравленко, улица Нефтяников, дом 77, квартира 19",,,Площадь,Купля-продажа,,,2025-12-26,2026-01-12,101626.0162601626,001001000000,1,,,,,,,73.8,7500000.0,,3.0,0.0
2026-01-04,89:05:020125:861,Помещение,2003.0,Двухкомнатная квартира,Из прочих материалов,3,,205.0,,4,Жилое,,,"Ямало-Ненецкий автономный округ, р-н Пуровский, г Тарко-Сале, ул Белорусская, д 11, кв 5",,,Площадь,Купля-продажа,,,2025-12-30,2026-01-12,135159.0106007067,001001000000,1,,,,,,,56.6,7650000.0,,3.0,0.0
2026-01-04,89:11:020206:2558,Помещение,2024.0,,Бетонные,6,,101.0,,8,Жилое,,,"Ямало-Ненецкий автономный округ, городской округ город Новый Уренгой, город Новый Уренгой, улица Южная, дом 54А, квартира 151",,,Площадь,Купля-продажа,,,2025-12-30,2026-01-12,184396.9776119403,001001000000,1,,,,,,,26.8,4941839.0,,3.0,0.0
2026-01-04,89:05:020109:525,Помещение,1988.0,Квартира,Кирпичные,2,,205.0,,2,Жилое,,,"Ямало-Ненецкий автономный округ, р-н Пуровский, г Тарко-Сале, мкр-н Советский, д 18, кв 8",,,Площадь,Купля-продажа,,,2025-10-07,2026-01-12,44247.787610619474,001001000000,1,,,,,,,67.8,3000000.0,,3.0,0.0
2026-01-04,89:12:110603:2826,Помещение,2022.0,Квартира,Из мелких бетонных блоков,3,,101.0,,6,Жилое,,,"Ямало-Ненецкий автономный округ, городской округ город Ноябрьск, город Ноябрьск, проспект Мира, дом 17, квартира 10",,,Площадь,Купля-продажа,,,2025-12-29,2026-01-13,128600.82304526749,001001000000,1,,,,,,,48.6,6250000.0,,3.0,0.0
2026-01-04,89:12:110603:731,Помещение,2015.0,Квартира в многоквартирном доме,Из прочих материалов,3,,205.0,,3,Жилое,,,"Ямало-Ненецкий автономный округ, г Ноябрьск, пр-кт Мира, д 5, кв 10",,,Площадь,Купля-продажа,,,2026-01-12,2026-01-13,93833.78016085792,001001000000,1,,,,,,,37.3,3500000.0,,3.0,0.0
2026-01-04,89:05:020103:189,Помещение,1998.0,двухкомнатная квартира,Кирпичные,2,,205.0,,3,Жилое,,,"Ямало-Ненецкий автономный округ, р-н Пуровский, г Тарко-Сале, ул Республики, д 17, кв 3",,,Площадь,Купля-продажа,,,2025-12-30,2026-01-13,159309.02111324377,001002000000,1,,,,,,,52.1,8300000.0,,3.0,0.0
2026-01-04,89:12:000000:8444,Помещение,2015.0,гараж,,1,,303.0,,,Нежилое,,,"Ямало-Ненецкий автономный округ, г Ноябрьск, ГК ""Ханто-2"", ряд 46, Бокс № 3",,,Площадь,Купля-продажа,,,2026-01-06,2026-01-13,23255.81395348837,001001000000,1,,,,,,,21.5,500000.0,,3.0,0.0
2026-01-04,89:12:110701:1657,Помещение,1989.0,двухкомнатная квартира,Крупнопанельные,4,,101.0,,5,Жилое,,,"Ямало-Ненецкий автономный округ, городской округ город Ноябрьск, город Ноябрьск, улица 8 Марта, дом 11, квартира 71",,,Площадь,Купля-продажа,,,2026-01-14,2026-01-14,128571.42857142857,001002000000,1,,,,,,,52.5,6750000.0,,3.0,0.0
2026-01-04,89:10:010105:341,Помещение,1989.0,Однокомнатная квартира,Смешанные,2,,101.0,,6,Жилое,,,"Ямало-Ненецкий автономный округ, г Надым, ул Ямальская, д 5, кв 22",,,Площадь,Купля-продажа,,,2026-01-13,2026-01-14,93700.7874015748,001001000000,1,,,,,,,38.1,3570000.0,,3.0,0.0
2026-01-04,89:09:110401:781,Помещение,2015.0,Помещение: квартира,Кирпичные,3,,101.0,,5,Жилое,,,"Ямало-Ненецкий автономный округ, муниципальный округ Приуральский район, поселок городского типа Харп, улица Дзержинского, дом 11 корпус а, квартира 39",,,Площадь,Купля-продажа,,,2026-01-12,2026-01-14,89411.76470588235,001001000000,1,,,,,,,42.5,3800000.0,,3.0,0.0
2026-01-04,89:05:020111:593,Помещение,2015.0,Квартира,Из прочих материалов,3,,205.0,,3,Жилое,,,"Ямало-Ненецкий автономный округ, р-н Пуровский, г Тарко-Сале, ул Осенняя, д 5, кв 18",,,Площадь,Купля-продажа,,,2025-12-29,2026-01-14,135071.09004739334,001001000000,1,,,,,,,42.2,5700000.0,,3.0,0.0
2026-01-04,89:11:020208:1638,Помещение,2015.0,,Из мелких бетонных блоков,9,,101.0,,10,Жилое,,,"Ямало-Ненецкий автономный округ, городской округ город Новый Уренгой, город Новый Уренгой, улица Арктическая, дом 31, квартира 321",,,Площадь,Купля-продажа,,,2025-12-19,2026-01-14,28675.53,001001000000,1,,,,,,,42.0,1204372.26,,3.0,0.0
2026-01-04,89:11:020208:1766,Помещение,2015.0,,Из мелких бетонных блоков,3,,101.0,,10,Жилое,,,"Ямало-Ненецкий автономный округ, городской округ город Новый Уренгой, город Новый Уренгой, улица Арктическая, дом 31, квартира 231",,,Площадь,Купля-продажа,,,2025-12-19,2026-01-14,43009.310051546396,001001000000,1,,,,,,,77.6,3337522.46,,3.0,0.0
2026-01-04,89:13:010104:1299,Помещение,1986.0,квартира,Крупнопанельные,3,,101.0,,5,Жилое,,,"Ямало-Ненецкий автономный округ, городской округ город Муравленко, город Муравленко, улица Ленина, дом 50, квартира 22",,,Площадь,Купля-продажа,,,2026-01-13,2026-01-14,139805.82524271845,001001000000,1,,,,,,,51.5,7200000.0,,3.0,0.0
2026-01-04,89:11:020208:1477,Помещение,2015.0,,Из мелких бетонных блоков,5,,101.0,,10,Жилое,,,"Ямало-Ненецкий автономный округ, городской округ город Новый Уренгой, город Новый Уренгой, улица Арктическая, дом 31, квартира 301",,,Площадь,Купля-продажа,,,2025-12-19,2026-01-14,28675.52990430622,001001000000,1,,,,,,,41.8,1198637.15,,3.0,0.0
2026-01-04,89:11:020208:1405,Помещение,2015.0,,Из мелких бетонных блоков,4,,101.0,,10,Жилое,,,"Ямало-Ненецкий автономный округ, городской округ город Новый Уренгой, город Новый Уренгой, улица Арктическая, дом 31, квартира 19",,,Площадь,Купля-продажа,,,2025-12-19,2026-01-14,28675.529983249577,001001000000,1,,,,,,,59.7,1711929.14,,3.0,0.0
2026-01-04,89:11:020208:1558,Помещение,2015.0,,Из мелких бетонных блоков,7,,101.0,,10,Жилое,,,"Ямало-Ненецкий автономный округ, городской округ город Новый Уренгой, город Новый Уренгой, улица Арктическая, дом 31, квартира 311",,,Площадь,Купля-продажа,,,2025-12-19,2026-01-14,28675.530071599045,001001000000,1,,,,,,,41.9,1201504.71,,3.0,0.0
2026-01-04,89:11:050303:691,Помещение,2015.0,,Из прочих материалов,9,,101.0,,13,Жилое,,,"Ямало-Ненецкий автономный округ, городской округ город Новый Уренгой, город Новый Уренгой, микрорайон Славянский, дом 1/1, квартира 59",,,Площадь,Купля-продажа,,,2026-01-14,2026-01-15,139500.73421439063,001001000000,1,,,,,,,68.1,9500000.0,,3.0,0.0
2026-01-04,89:10:010209:377,Помещение,2015.0,Помещение,Крупнопанельные,9,,101.0,,11,Жилое,,,"Ямало-Ненецкий автономный округ, г Надым, мкр Олимпийский, д 3, кв 101",,,Площадь,Купля-продажа,,,2026-01-05,2026-01-15,94339.62264150943,001002000000,1,,,,,,,74.2,7000000.0,,3.0,0.0
2026-01-04,89:11:080201:12114,Помещение,2015.0,,Кирпичные,5,,101.0,,5,Жилое,,,"Ямало-Ненецкий автономный округ, городской округ город Новый Уренгой, город Новый Уренгой, улица Нефтяников, дом 14, квартира 151",,,Площадь,Купля-продажа,,,2026-01-15,2026-01-15,118852.45901639345,001002000000,1,,,,,,,48.8,5800000.0,,3.0,0.0
2026-01-04,89:11:030301:2584,Помещение,2015.0,гараж,,1,,303.0,,,Нежилое,,,"Ямало-Ненецкий автономный округ, г Новый Уренгой, Восточная промзона, южнее ул.Промышленной, Кооператив ""Потвор"", гараж №109/III",,,Площадь,Купля-продажа,,,2025-11-22,2026-01-15,18134.715025906735,001001000000,1,,,,,,,19.3,350000.0,,3.0,0.0
2026-01-04,89:08:010202:1236,Помещение,2010.0,Помещение: квартира,Монолитные,3,,101.0,,12,Жилое,,,"Ямало-Ненецкий автономный округ, г Салехард, ул Зои Космодемьянской, д 69, кв 53",,,Площадь,Купля-продажа,,,2026-01-14,2026-01-15,173819.74248927037,001001000000,1,,,,,,,46.6,8100000.0,,3.0,0.0
2026-01-04,89:08:010203:1933,Помещение,1980.0,"Жилое помещение расположено в многоквартирном доме, признанном аварийным и подлежащим сносу или реконструкции",Деревянные,2,,205.0,,2,Жилое,,,"Ямало-Ненецкий автономный округ, г Салехард, ул Зои Космодемьянской, д 28, кв 18",,,Площадь,Купля-продажа,,,2026-01-12,2026-01-15,89766.60682226211,001001000000,1,,,,,,,55.7,5000000.0,,3.0,0.0
2026-01-04,89:04:020101:7962,Помещение,2015.0,Гараж №39 ряд 12,,1,,303.0,,,Нежилое,,,"Ямало-Ненецкий автономный округ, р-н Надымский, пгт Пангоды, ул Звездная, в районе примыкания улицы Звездная к улице Энергетиков, КСЭГ ""Таёжный-2001"", ряд 12, гараж №39",,,Площадь,Купля-продажа,,,2025-12-27,2026-01-15,13824.88479262673,001001000000,1,,,,,,,65.1,900000.0,,3.0,0.0
2026-01-04,89:09:110402:321,Помещение,2015.0,Двухкомнатная квартира,Кирпичные,3,,101.0,,5,Жилое,,,"Ямало-Ненецкий автономный округ, р-н Приуральский, п Харп, квартал Северный, д 3, кв.80",,,Площадь,Купля-продажа,,,2026-01-14,2026-01-15,111492.28130360207,001001000000,1,,,,,,,58.3,6500000.0,,3.0,0.0
2026-01-04,89:11:020207:695,Помещение,2015.0,квартира,Из мелких бетонных блоков,2,,101.0,,11,Жилое,,,"Ямало-Ненецкий автономный округ, г Новый Уренгой, мкр Тундровый, д 3, кв 177",,,Площадь,Купля-продажа,,,2018-03-01,2026-01-15,21043.771043771045,001002000000,1,,,,,,,59.4,1250000.0,,3.0,0.0
2026-01-04,89:05:020130:2001,Помещение,2023.0,Квартира,Бетонные,2,,101.0,,6,Жилое,,,"Ямало-Ненецкий автономный округ, муниципальный округ Пуровский район, город Тарко-Сале, микрорайон Южный, дом 5, квартира 135",,,Площадь,Купля-продажа,,,2025-12-30,2026-01-15,198046.57607361962,001001000000,1,,,,,,,32.6,6456318.38,,3.0,0.0
2026-01-04,89:05:020301:7534,Помещение,2015.0,Квартира,Из прочих материалов,2,,205.0,,2,Жилое,,,"Ямало-Ненецкий автономный округ, р-н Пуровский, пгт Уренгой, Пятый микрорайон, д 46, кв 9",,,Площадь,Купля-продажа,,,2025-12-29,2026-01-15,43535.62005277045,001001000000,1,,,,,,,37.9,1650000.0,,3.0,0.0
2026-01-04,89:11:020209:703,Помещение,2015.0,квартира в многоквартирном доме,Монолитные,4,,101.0,,9,Жилое,,,"Ямало-Ненецкий автономный округ, г Новый Уренгой, ул Сибирская, д 81, кв 64",,,Площадь,Купля-продажа,,,2026-01-15,2026-01-16,162203.02375809936,001001000000,1,,,,,,,46.3,7510000.0,,3.0,0.0
2026-01-04,89:05:020114:231,Помещение,1985.0,Помещение: двухкомнатная квартира,Сборно-щитовые,2,,205.0,,2,Жилое,,,"Ямало-Ненецкий автономный округ, р-н Пуровский, г Тарко-Сале, ул Победы, д 13, кв 7",,,Площадь,Купля-продажа,,,2026-01-15,2026-01-16,108000.0,001001000000,1,,,,,,,50.0,5400000.0,,3.0,0.0
2026-01-04,89:11:020206:2606,Помещение,2024.0,,Бетонные,8,,101.0,,8,Жилое,,,"Ямало-Ненецкий автономный округ, городской округ город Новый Уренгой, город Новый Уренгой, улица Южная, дом 54А, квартира 163",,,Площадь,Купля-продажа,,,2026-01-16,2026-01-16,179063.3608815427,001001000000,1,,,,,,,36.3,6500000.0,,3.0,0.0
2026-01-04,89:11:050303:1137,Помещение,2022.0,Квартира №40,Смешанные,6,,101.0,,13,Жилое,,,"Ямало-Ненецкий автономный округ, г Новый Уренгой, мкр Славянский, д 1/4, кв 40",,,Площадь,Купля-продажа,,,2026-01-15,2026-01-16,154761.90476190476,001001000000,1,,,,,,,33.6,5200000.0,,3.0,0.0
2026-01-04,89:14:010124:451,Помещение,2015.0,гараж,,1,,303.0,,,Нежилое,,,"Ямало-Ненецкий автономный округ, г Губкинский, гаражный массив 11, блок 6/II, бокс 15",,,Площадь,Купля-продажа,,,2026-01-15,2026-01-16,18828.45188284519,001001000000,1,,,,,,,23.9,450000.0,,3.0,0.0
2026-01-04,89:12:110612:369,Помещение,2017.0,квартира,Смешанные,1,,101.0,,5,Жилое,,,"Ямало-Ненецкий автономный округ, г Ноябрьск, ул Космонавтов, д 37, кв 45",,,Площадь,Купля-продажа,,,2026-01-15,2026-01-16,134986.2258953168,001001000000,1,,,,,,,36.3,4900000.0,,3.0,0.0
2026-01-04,89:08:010302:775,Помещение,2015.0,Двухкомнатная квартира,Из прочих материалов,03,,101.0,,6,Жилое,,,"Ямало-Ненецкий автономный округ, г Салехард, ул Броднева, д 28а, кв 66",,,Площадь,Купля-продажа,,,2026-01-15,2026-01-16,177514.7928994083,001001000000,1,,,,,,,67.6,12000000.0,,3.0,0.0
2026-01-04,89:13:010107:112,Помещение,1989.0,Помещение: двухкомнатная квартира,Крупнопанельные,2,,101.0,,5,Жилое,,,"Ямало-Ненецкий автономный округ, городской округ город Муравленко, город Муравленко, улица Муравленко, дом 13, квартира 51",,,Площадь,Купля-продажа,,,2026-01-15,2026-01-16,113948.91944990178,001001000000,1,,,,,,,50.9,5800000.0,,3.0,0.0
2026-01-04,89:08:020201:2142,Помещение,2023.0,,Бетонные,2,,101.0,,8,Жилое,,,"Ямало-Ненецкий автономный округ, городской округ город Салехард, город Салехард, микрорайон Обдорский, дом 3, корпус 3, квартира 118",,,Площадь,Купля-продажа,,,2026-01-15,2026-01-16,174216.02787456446,001001000000,1,,,,,,,57.4,10000000.0,,3.0,0.0
2026-01-04,89:11:050303:615,Помещение,2015.0,,Из прочих материалов,9,,101.0,,13,Жилое,,,"Ямало-Ненецкий автономный округ, городской округ город Новый Уренгой, город Новый Уренгой, микрорайон Славянский, дом 1/1, квартира 146",,,Площадь,Купля-продажа,,,2026-01-13,2026-01-16,156133.82899628254,001001000000,1,,,,,,,53.8,8400000.0,,3.0,0.0
2026-01-04,89:14:010109:389,Помещение,2004.0,однокомнатная квартира,Из легкобетонных панелей,3,,101.0,,5,Жилое,,,"Ямало-Ненецкий автономный округ, г Губкинский, мкр 9-й, д 15, кв 48",,,Площадь,Купля-продажа,,,2026-01-15,2026-01-16,146039.60396039605,001001000000,1,,,,,,,40.4,5900000.0,,3.0,0.0
2026-01-04,89:10:010209:628,Помещение,2019.0,,Железобетонные,1,,101.0,,11,Жилое,,,"Ямало-Ненецкий автономный округ, г Надым, микрорайон Олимпийский, д 6, кв 137",,,Площадь,Купля-продажа,,,2026-01-16,2026-01-19,76628.35249042146,001001000000,1,,,,,,,52.2,4000000.0,,3.0,0.0
2026-01-04,89:11:050104:437,Помещение,2015.0,Квартира,Бетонные,1,,101.0,,10,Жилое,,,"Ямало-Ненецкий автономный округ, г Новый Уренгой, мкр Советский, д 2, корп 1, кв 4",,,Площадь,Купля-продажа,,,2026-01-19,2026-01-19,184324.32432432432,001001000000,1,,,,,,,37.0,6820000.0,,3.0,0.0
2026-01-04,89:12:110816:1545,Помещение,2015.0,гараж №19,,1,,303.0,,,Нежилое,,,"Ямало-Ненецкий автономный округ, г Ноябрьск, район Учебного центра, ГК ""Ханто-2"", гараж 19, ряд 62",,,Площадь,Купля-продажа,,,2026-01-15,2026-01-19,25229.357798165136,001001000000,1,,,,,,,21.8,550000.0,,3.0,0.0
2026-01-04,89:12:110705:1879,Помещение,1983.0,Двухкомнатная квартира,Бетонные,4,,101.0,,5,Жилое,,,"Ямало-Ненецкий автономный округ, городской округ город Ноябрьск, город Ноябрьск, улица Дзержинского, дом 17, квартира 56",,,Площадь,Купля-продажа,,,2026-01-16,2026-01-19,117075.47169811321,001001000000,1,,,,,,,47.7,5584500.0,,3.0,0.0
2026-01-04,89:09:110303:257,Помещение,2015.0,двухкомнатная квартира,Кирпичные,1,,101.0,,5,Жилое,,,"Ямало-Ненецкий автономный округ, г Лабытнанги, пос. Харп, ул Гагарина, д 9, кв 8",,,Площадь,Купля-продажа,,,2026-01-18,2026-01-19,70821.5297450425,001001000000,1,,,,,,,35.3,2500000.0,,3.0,0.0
2026-01-04,89:11:020103:2597,Помещение,2018.0,,Из мелких бетонных блоков,4,,101.0,,7,Жилое,,,"Ямало-Ненецкий автономный округ, городской округ город Новый Уренгой, город Новый Уренгой, микрорайон Строителей, дом 7 корпус 2, квартира 176",,,Площадь,Купля-продажа,,,2025-12-25,2026-01-19,146892.65536723164,001001000000,1,,,,,,,35.4,5200000.0,,3.0,0.0
2026-01-04,89:10:010208:4656,Помещение,1989.0,Квартира,Крупнопанельные,4,,101.0,,10,Жилое,,,"Ямало-Ненецкий автономный округ, муниципальный округ Надымский район, город Надым, улица Зверева, дом 42, квартира 114",,,Площадь,Купля-продажа,,,2026-01-16,2026-01-19,62271.06227106227,001001000000,1,,,,,,,54.6,3400000.0,,3.0,0.0
2026-01-04,89:04:020106:1040,Помещение,2015.0,,Бетонные,1,,101.0,,5,Жилое,,,"Ямало-Ненецкий автономный округ, муниципальный округ Надымский район, поселок городского типа Пангоды, улица Энергетиков, дом 4, квартира 43",,,Площадь,Купля-продажа,,,2026-01-17,2026-01-19,45766.59038901602,001001000000,1,,,,,,,43.7,2000000.0,,3.0,0.0
2026-01-04,89:09:020102:943,Помещение,2021.0,,Смешанные,1,,101.0,,7,Жилое,,,"Ямало-Ненецкий автономный округ, городской округ город Лабытнанги, город Лабытнанги, улица Ивана Путилина, дом 3, квартира 6",,,Площадь,Купля-продажа,,,2026-01-16,2026-01-19,112947.65840220386,001001000000,1,,,,,,,36.3,4100000.0,,3.0,0.0
2026-01-04,89:09:110401:959,Помещение,1989.0,Помещение: квартира,Смешанные,2,,101.0,,5,Жилое,,,"Ямало-Ненецкий автономный округ, р-н Приуральский, п Харп, квартал Северный, д 6, кв.21",,,Площадь,Купля-продажа,,,2026-01-17,2026-01-19,97959.1836734694,001001000000,1,,,,,,,49.0,4800000.0,,3.0,0.0
2026-01-04,89:10:010201:1305,Помещение,1974.0,Квартира,Крупнопанельные,3,,101.0,,5,Жилое,,,"Ямало-Ненецкий автономный округ, г Надым, ул Комсомольская, д 31, кв 38",,,Площадь,Купля-продажа,,,2026-01-16,2026-01-19,63604.24028268551,001001000000,1,,,,,,,28.3,1800000.0,,3.0,0.0
2026-01-04,89:11:020303:654,Помещение,1984.0,трёхкомнатная квартира,Из прочих материалов,1,,101.0,,9,Жилое,,,"Ямало-Ненецкий автономный округ, г Новый Уренгой, пр-кт Ленинградский, д 5, кв 37",,,Площадь,Купля-продажа,,,2026-01-19,2026-01-20,132352.9411764706,001001000000,1,,,,,,,57.8,7650000.0,,3.0,0.0
2026-01-04,89:14:010102:392,Помещение,1993.0,"Здание (многоквартирный дом) признано аварийным и подлежащим сносу или реконструкции. Постановление Администрации города Губкинского ""О признании многоквартирного жилого дома №13 микрорайона 12 города Губкинского аварийным и подлежащим сносу"" №2337 от 08.10.2024г.",Смешанные,2,,205.0,,2,Жилое,,,"Ямало-Ненецкий автономный округ, г Губкинский, мкр 12-й, д 13, кв 16",,,Площадь,Купля-продажа,,,2025-12-19,2026-01-20,125771.42284569138,001001000000,1,,,,,,,49.9,6275994.0,,3.0,0.0
2026-01-04,89:05:030201:1826,Помещение,1996.0,Квартира,Смешанные,1,,205.0,,4,Жилое,,,"Ямало-Ненецкий автономный округ, муниципальный округ Пуровский район, поселок Ханымей, квартал Школьный, дом 4, квартира 1",,,Площадь,Купля-продажа,,,2026-01-18,2026-01-20,73886.63967611337,001001000000,1,,,,,,,49.4,3650000.0,,3.0,0.0
2026-01-04,89:10:010207:2144,Помещение,2017.0,Квартира,Из мелких бетонных блоков,1,,101.0,,6-8,Жилое,,,"Ямало-Ненецкий автономный округ, муниципальный округ Надымский район, город Надым, улица Рыжкова, дом 11, квартира 20",,,Площадь,Купля-продажа,,,2026-01-20,2026-01-21,86330.93525179855,001001000000,1,,,,,,,55.6,4800000.0,,3.0,0.0
2026-01-04,89:11:050101:704,Помещение,1900.0,квартира в многоквартирном доме,Из прочих материалов,6,,101.0,,10,Жилое,,,"Ямало-Ненецкий автономный округ, городской округ город Новый Уренгой, город Новый Уренгой, микрорайон Дружба, дом 2 корпус 1, квартира 58",,,Площадь,Купля-продажа,,,2026-01-19,2026-01-21,147632.31197771587,001001000000,1,,,,,,,35.9,5300000.0,,3.0,0.0
2026-01-04,89:13:010107:166,Помещение,1989.0,двухкомнатная квартира,Крупнопанельные,4,,101.0,,5,Жилое,,,"Ямало-Ненецкий автономный округ, г Муравленко, ул Муравленко, д 11, кв 10",,,Площадь,Купля-продажа,,,2026-01-20,2026-01-21,89494.16342412452,001001000000,1,,,,,,,51.4,4600000.0,,3.0,0.0
2026-01-04,89:01:010101:1299,Помещение,2004.0,квартира,Сборно-щитовые,1,,201.0,,1,Жилое,,,"Ямало-Ненецкий автономный округ, р-н Шурышкарский, с. Шурышкары, ул. Молодежная, д 1, кв 2",,,Площадь,Купля-продажа,,,2026-01-16,2026-01-21,85959.88538681949,001001000000,1,,,,,,,34.9,3000000.0,,3.0,0.0
2026-01-04,89:09:000000:1496,Помещение,2013.0,помещение: квартира,Из прочих материалов,2,,205.0,,3,Жилое,,,"Ямало-Ненецкий автономный округ, г Лабытнанги, ул Первомайская, д 22, кв 5",,,Площадь,Купля-продажа,,,2026-01-20,2026-01-21,148238.80597014926,001002000000,1,,,,,,,33.5,4966000.0,,3.0,0.0
2026-01-04,89:13:010105:3917,Помещение,2024.0,,Смешанные,1,,205.0,,3,Жилое,,,"Ямало-Ненецкий автономный округ, городской округ город Муравленко, город Муравленко, переулок Радужный, дом 8, квартира 3",,,Площадь,Купля-продажа,,,2026-01-20,2026-01-21,129230.76923076923,001001000000,1,,,,,,,32.5,4200000.0,,3.0,0.0
2026-01-04,89:12:110709:667,Помещение,2004.0,Помещение: двухкомнатная квартира,Крупнопанельные,2,,101.0,,9,Жилое,,,"Ямало-Ненецкий автономный округ, городской округ город Ноябрьск, город Ноябрьск, улица Высоцкого, дом 40, квартира 41",,,Площадь,Купля-продажа,,,2026-01-16,2026-01-21,128913.4438305709,001001000000,1,,,,,,,54.3,7000000.0,,3.0,0.0
2026-01-04,89:08:020201:3047,Помещение,2024.0,,Бетонные,1,,101.0,,6-8,Жилое,,,"Ямало-Ненецкий автономный округ, городской округ город Салехард, город Салехард, микрорайон Обдорский, дом 1 корпус 3, квартира 194",,,Площадь,Купля-продажа,,,2025-12-29,2026-01-21,177961.0,001001000000,1,,,,,,,72.0,12813192.0,,3.0,0.0
2026-01-04,89:08:030101:617,Помещение,1979.0,трёхкомнатная квартира,Деревянные,1,,201.0,,1,Жилое,,,"Ямало-Ненецкий автономный округ, городской округ город Салехард, город Салехард, улица Кооперативная, дом 1а, квартира 1",,,Площадь,Купля-продажа,,,2025-12-29,2026-01-21,114990.69026548673,001001000000,1,,,,,,,56.5,6496974.0,,3.0,0.0
2026-01-04,89:13:010103:962,Помещение,1987.0,Трёхкомнатная квартира,Крупнопанельные,3,,101.0,,5,Жилое,,,"Ямало-Ненецкий автономный округ, городской округ город Муравленко, город Муравленко, улица Ленина, дом 66, квартира 38",,,Площадь,Купля-продажа,,,2026-01-20,2026-01-21,97072.41910631741,001002000000,1,,,,,,,64.9,6300000.0,,3.0,0.0
2026-01-04,89:11:020204:2047,Помещение,2015.0,,Из мелких бетонных блоков,1,,107.0,,10,Нежилое,,,"Ямало-Ненецкий автономный округ, городской округ город Новый Уренгой, город Новый Уренгой, микрорайон Созидателей, дом 2А, 5-8 пом",,,Площадь,Купля-продажа,,,2026-01-19,2026-01-21,48562.300319488815,001001000000,1,,,,,,,93.9,4560000.0,,3.0,0.0
2026-01-04,89:13:010112:1837,Помещение,1991.0,двухкомнатная квартира,Железобетонные,5,,101.0,,5,Жилое,,,"Ямало-Ненецкий автономный округ, г Муравленко, ул Муравленко, д 21, кв 58",,,Площадь,Купля-продажа,,,2026-01-20,2026-01-21,110432.17647058824,001001000000,1,,,,,,,51.0,5632041.0,,3.0,0.0
2026-01-04,89:11:020201:2233,Помещение,2007.0,офисные помещения,Крупнопанельные,1,,107.0,,9,Нежилое,,,"Ямало-Ненецкий автономный округ, г Новый Уренгой, мкр Оптимистов, д 3, корп 1",,,Площадь,Купля-продажа,,,2025-12-16,2026-01-21,85132.65306122448,001001000000,1,,,,,,,313.6,26697600.0,,3.0,0.0
2026-01-04,89:12:110710:1786,Помещение,1987.0,Помещение: трёхкомнатная квартира,Железобетонные,3,,101.0,,6,Жилое,,,"Ямало-Ненецкий автономный округ, г Ноябрьск, ул Изыскателей, д 40/13, кв 36",,,Площадь,Купля-продажа,,,2026-01-20,2026-01-22,142523.3644859813,001002000000,1,,,,,,,64.2,9150000.0,,3.0,0.0
2026-01-04,89:11:050105:2037,Помещение,1990.0,квартира,Крупнопанельные,3,,101.0,,10,Жилое,,,"Ямало-Ненецкий автономный округ, г Новый Уренгой, мкр Юбилейный, д 5, корп 7, кв 12",,,Площадь,Купля-продажа,,,2026-01-21,2026-01-22,203784.57059679765,001001000000,1,,,,,,,68.7,14000000.0,,3.0,0.0
2026-01-04,89:09:010201:875,Помещение,1986.0,однокомнатная квартира,Смешанные,2,,507.0,,2,Жилое,,,"Ямало-Ненецкий автономный округ, г Лабытнанги, ул Первомайская, д 61, корп А, кв 15",,,Площадь,Купля-продажа,,,2026-01-21,2026-01-22,91722.59507829977,001001000000,1,,,,,,,44.7,4100000.0,,3.0,0.0
2026-01-04,89:11:050103:2726,Помещение,1900.0,трёхкомнатная квартира,Крупнопанельные,3,,101.0,,10,Жилое,,,"Ямало-Ненецкий автономный округ, городской округ город Новый Уренгой, город Новый Уренгой, микрорайон Мирный, дом 1 корпус 8, квартира 45",,,Площадь,Купля-продажа,,,2026-01-21,2026-01-22,114887.21804511278,001001000000,1,,,,,,,66.5,7640000.0,,3.0,0.0
2026-01-04,89:11:050101:2727,Помещение,2018.0,,Из мелких бетонных блоков,5,,101.0,,16,Жилое,,,"Ямало-Ненецкий автономный округ, г Новый Уренгой, мкр Дружба, д 6, корп 2, кв 30",,,Площадь,Купля-продажа,,,2026-01-21,2026-01-23,287405.6014535957,001001000000,1,,,,,,,82.0,26000000.0,Выброс,3.0,0.0
2026-01-04,89:12:110702:2087,Помещение,1989.0,двухкомнатная квартира,Железобетонные,3,,101.0,,5,Жилое,,,"Ямало-Ненецкий автономный округ, г Ноябрьск, ул Магистральная, д 91, кв 8",,,Площадь,Купля-продажа,,,2026-01-21,2026-01-23,34155.59772296015,001002000000,1,,,,,,,52.7,1800000.0,,3.0,0.0
2026-01-04,89:11:050101:554,Помещение,1992.0,однокомнатная квартира,Крупнопанельные,4,,101.0,,9,Жилое,,,"Ямало-Ненецкий автономный округ, г Новый Уренгой, мкр Дружба, д 1, корп 2, кв 157",,,Площадь,Купля-продажа,,,2026-01-22,2026-01-23,164420.48517520216,001001000000,1,,,,,,,37.1,6100000.0,,3.0,0.0
2026-01-04,89:12:110803:271,Помещение,2015.0,Гараж,,1,,303.0,,,Нежилое,,,"Ямало-Ненецкий автономный округ, г. Ноябрьск, ГК ""Ханто-1"", район ""Н"", блок 12, гараж №35",,,Площадь,Купля-продажа,,,2026-01-21,2026-01-23,40865.38461538462,001001000000,1,,,,,,,20.8,850000.0,,3.0,0.0
2026-01-04,89:12:110903:239,Помещение,2015.0,Гараж 35,,1,,303.0,,,Нежилое,,,"Ямало-Ненецкий автономный округ, г Ноябрьск, ГПК ""Магистраль"", ряд 4, гараж 35",,,Площадь,Купля-продажа,,,2026-01-22,2026-01-23,33333.333333333336,001001000000,1,,,,,,,24.0,800000.0,,3.0,0.0
2026-01-04,89:11:020204:1818,Помещение,2015.0,Квартира,Из прочих материалов,3,,101.0,,10,Жилое,,,"Ямало-Ненецкий автономный округ, городской округ город Новый Уренгой, город Новый Уренгой, микрорайон Созидателей, дом 2 корпус 3, квартира 6",,,Площадь,Купля-продажа,,,2026-01-20,2026-01-23,136582.43080625753,001001000000,1,,,,,,,83.1,11350000.0,,3.0,0.0
2026-01-04,89:10:010102:1073,Помещение,1994.0,Квартира,Смешанные,5,,101.0,,6,Жилое,,,"Ямало-Ненецкий автономный округ, г Надым, ул Ю.Топчева, д 9, кв 59",,,Площадь,Купля-продажа,,,2026-01-22,2026-01-23,37958.11518324607,001001000000,1,,,,,,,38.2,1450000.0,,3.0,0.0
2026-01-04,89:11:050104:1992,Помещение,1987.0,однокомнатная квартира,Крупнопанельные,3,,101.0,,9,Жилое,,,"Ямало-Ненецкий автономный округ, г Новый Уренгой, мкр Советский, д 3, корп 1, кв 147",,,Площадь,Купля-продажа,,,2026-01-22,2026-01-23,179790.02624671915,001001000000,1,,,,,,,38.1,6850000.0,,3.0,0.0
2026-01-04,89:10:010201:715,Помещение,1975.0,Однокомнатная квартира,Крупнопанельные,1,,101.0,,5,Жилое,,,"Ямало-Ненецкий автономный округ, г Надым, ул Комсомольская, д 12/2, кв 23",,,Площадь,Купля-продажа,,,2026-01-22,2026-01-23,88850.17421602788,001001000000,1,,,,,,,28.7,2550000.0,,3.0,0.0
2026-01-04,89:13:000000:602,Помещение,1988.0,Помещение: однокомнатная квартира,Крупнопанельные,1,,205.0,,2,Жилое,,,"Ямало-Ненецкий автономный округ, г Муравленко, ул Губкина, д 26, кв 10",,,Площадь,Купля-продажа,,,2026-01-22,2026-01-23,114238.41059602649,001002000000,1,,,,,,,30.2,3450000.0,,3.0,0.0
2026-01-04,89:05:020124:644,Помещение,2012.0,Квартира,Смешанные,3,,101.0,,5,Жилое,,,"Ямало-Ненецкий автономный округ, р-н Пуровский, г Тарко-Сале, ул Им Е.К.Колесниковой, д 8, кв 10",,,Площадь,Купля-продажа,,,2026-01-22,2026-01-26,200000.0,001001000000,1,,,,,,,37.5,7500000.0,,3.0,0.0
2026-01-04,89:14:010109:2332,Помещение,2015.0,квартира,Кирпичные,2,,101.0,,5,Жилое,,,"Ямало-Ненецкий автономный округ, городской округ город Губкинский, город Губкинский, микрорайон № 9, дом 28, квартира 35",,,Площадь,Купля-продажа,,,2026-01-14,2026-01-26,117359.413202934,001001000000,1,,,,,,,40.9,4800000.0,,3.0,0.0
2026-01-04,89:12:110614:283,Помещение,1993.0,Квартира в многоквартирном доме,Крупнопанельные,5,,101.0,,5,Жилое,,,"Ямало-Ненецкий автономный округ, г Ноябрьск, ул Киевская, д 12, кв 19",,,Площадь,Купля-продажа,,,2026-01-23,2026-01-26,87719.29824561403,001001000000,1,,,,,,,28.5,2500000.0,,3.0,0.0
2026-01-04,89:08:010204:986,Помещение,2001.0,трёхкомнатная квартира,Из прочих материалов,3,,101.0,,5,Жилое,,,"Ямало-Ненецкий автономный округ, г Салехард, ул Манчинского, д 18, кв 48",,,Площадь,Купля-продажа,,,2026-01-23,2026-01-26,171290.71170084437,001001000000,1,,,,,,,82.9,14200000.0,,3.0,0.0
2026-01-04,89:12:110614:524,Помещение,1988.0,двухкомнатная квартира,Крупнопанельные,2,,205.0,,2,Жилое,,,"Ямало-Ненецкий автономный округ, городской округ город Ноябрьск, город Ноябрьск, микрорайон Л, дом 47, квартира 6",,,Площадь,Купля-продажа,,,2026-01-23,2026-01-26,104380.95238095238,001001000000,1,,,,,,,52.5,5480000.0,,3.0,0.0
2026-01-04,89:12:110601:1304,Помещение,1990.0,двухкомнатная квартира,Крупнопанельные,4,,101.0,,6,Жилое,,,"Ямало-Ненецкий автономный округ, городской округ город Ноябрьск, город Ноябрьск, улица Советская, дом 70, квартира 8",,,Площадь,Купля-продажа,,,2026-01-23,2026-01-26,106135.98673300166,001002000000,1,,,,,,,60.3,6400000.0,,3.0,0.0
2026-01-04,89:11:050104:526,Помещение,1987.0,,Крупнопанельные,3,,101.0,,9,Жилое,,,"Ямало-Ненецкий автономный округ, г Новый Уренгой, мкр Советский, д 2, корп 4, кв 47",,,Площадь,Купля-продажа,,,2026-01-26,2026-01-26,136363.63636363638,001001000000,1,,,,,,,52.8,7200000.0,,3.0,0.0
2026-01-04,89:04:020301:1583,Помещение,1991.0,Помещение: двухкомнатная квартира,Деревянные,2,,205.0,,2,Жилое,,,"Ямало-Ненецкий автономный округ, р-н Надымский, п Приозерный, ФК-2, д 2/10, кв 11",,,Площадь,Купля-продажа,,,2026-01-24,2026-01-26,9174.311926605504,001001000000,1,,,,,,,54.5,500000.0,,3.0,0.0
2026-01-04,89:04:020201:1061,Помещение,1981.0,Квартира,Рубленые,2,,205.0,,2,Жилое,,,"Ямало-Ненецкий автономный округ, муниципальный округ Надымский район, поселок Лонгъюган, дом 11, квартира 8",,,Площадь,Купля-продажа,,,2026-01-25,2026-01-26,4007.285974499089,001001000000,1,,,,,,,54.9,220000.0,,3.0,0.0
2026-01-04,89:08:010302:696,Помещение,2003.0,Помещение: квартира,Железобетонные,5,,101.0,,7,Жилое,,,"Ямало-Ненецкий автономный округ, г Салехард, ул Броднева, д 28, кв 38",,,Площадь,Купля-продажа,,,2026-01-22,2026-01-26,217898.8326848249,001001000000,1,,,,,,,51.4,11200000.0,,3.0,0.0
2026-01-04,89:13:010104:1429,Помещение,1986.0,двухкомнатная квартира,Крупнопанельные,2,,101.0,,5,Жилое,,,"Ямало-Ненецкий автономный округ, г Муравленко, ул Ленина, д 54, кв 5",,,Площадь,Купля-продажа,,,2026-01-19,2026-01-26,102851.32382892056,001001000000,1,,,,,,,49.1,5050000.0,,3.0,0.0
2026-01-04,89:10:010208:2291,Помещение,1990.0,Трёхкомнатная квартира,Крупнопанельные,7,,101.0,,10,Жилое,,,"Ямало-Ненецкий автономный округ, г Надым, ул Зверева, д 49, кв 105",,,Площадь,Купля-продажа,,,2026-01-23,2026-01-26,82972.58297258298,001001000000,1,,,,,,,69.3,5750000.0,,3.0,0.0
2026-01-04,89:11:050103:2008,Помещение,1991.0,трёхкомнатная квартира,Железобетонные,6,,101.0,,10,Жилое,,,"Ямало-Ненецкий автономный округ, г Новый Уренгой, мкр Мирный, д 1, корп 4, кв 95",,,Площадь,Купля-продажа,,,2026-01-23,2026-01-26,132743.36283185842,001001000000,1,,,,,,,67.8,9000000.0,,3.0,0.0
2026-01-04,89:13:010112:1005,Помещение,1992.0,Квартира,Крупнопанельные,3,,101.0,,5,Жилое,,,"Ямало-Ненецкий автономный округ, г Муравленко, ул Ленина, д 94, кв 99",,,Площадь,Купля-продажа,,,2026-01-24,2026-01-26,107033.63914373088,001002000000,1,,,,,,,65.4,7000000.0,,3.0,0.0
2026-01-04,89:12:110613:1648,Помещение,1981.0,двухкомнатная квартира,Крупнопанельные,3,,101.0,,6,Жилое,,,"Ямало-Ненецкий автономный округ, г Ноябрьск, пр. Мира, д 73, кв 24",,,Площадь,Купля-продажа,,,2022-02-19,2026-01-26,61264.82213438735,001001000000,1,,,,,,,50.6,3100000.0,,3.0,0.0
2026-01-04,89:05:000000:13178,Помещение,2013.0,Квартира,Смешанные,3,,205.0,,4,Жилое,,,"Ямало-Ненецкий автономный округ, р-н Пуровский, г Тарко-Сале, ул Строителей, д 19, корп 1, кв 40",,,Площадь,Купля-продажа,,,2026-01-27,2026-01-27,182795.69892473117,001001000000,1,,,,,,,46.5,8500000.0,,3.0,0.0
2026-01-04,89:08:010202:3492,Помещение,2017.0,Помещение: квартира,Бетонные,1,,101.0,,10,Жилое,,,"Ямало-Ненецкий автономный округ, г Салехард, ул Зои Космодемьянской, д 67, кв 39",,,Площадь,Купля-продажа,,,2026-01-26,2026-01-27,175000.0,001001000000,1,,,,,,,40.0,7000000.0,,3.0,0.0
2026-01-04,89:13:010111:2124,Помещение,2017.0,Жилое помещение,Из мелких бетонных блоков,5,,101.0,,8,Жилое,,,"Ямало-Ненецкий автономный округ, г Муравленко, ул 70 лет Октября, д 43, кв 92",,,Площадь,Купля-продажа,,,2026-01-26,2026-01-27,136357.2373540856,001001000000,1,,,,,,,25.7,3504381.0,,3.0,0.0
2026-01-04,89:11:020202:1625,Помещение,2012.0,квартира в многоквартирном доме,Смешанные,5,,101.0,,11,Жилое,,,"Ямало-Ненецкий автономный округ, городской округ город Новый Уренгой, город Новый Уренгой, микрорайон Энтузиастов, дом 1, квартира 277",,,Площадь,Купля-продажа,,,2026-01-26,2026-01-27,169889.50276243093,001001000000,1,,,,,,,36.2,6150000.0,,3.0,0.0
2026-01-04,89:10:000000:2778,Помещение,2015.0,Часть здания: гараж,,1; -1,,303.0,,,Нежилое,,,"Ямало-Ненецкий автономный округ, муниципальный округ Надымский район, город Надым, проезд 8-й, строение 38/3, помещение 24",,,Площадь,Купля-продажа,,,2026-01-26,2026-01-27,12218.045112781954,001001000000,1,,,,,,,53.2,650000.0,,3.0,0.0
2026-01-04,89:12:110613:384,Помещение,1980.0,двухкомнатная квартира,Крупнопанельные,2,,101.0,,5,Жилое,,,"Ямало-Ненецкий автономный округ, г Ноябрьск, ул Космонавтов, д 20, кв 49",,,Площадь,Купля-продажа,,,2026-01-27,2026-01-28,123046.875,001002000000,1,,,,,,,51.2,6300000.0,,3.0,0.0
2026-01-04,89:08:010301:1507,Помещение,2013.0,Помещение,Из прочих материалов,1,,303.0,,1,Нежилое,,,"Ямало-Ненецкий автономный округ, г Салехард, восточная часть города, площадка 13, строение 10, бокс 25",,,Площадь,Купля-продажа,,,2026-01-27,2026-01-28,86092.71523178808,001001000000,1,,,,,,,30.2,2600000.0,,3.0,0.0
2026-01-04,89:11:020103:937,Помещение,1985.0,"помещение: двухкомнатная квартира, назначение: жилое, этаж 4",Смешанные,4,,101.0,,5,Жилое,,,"Ямало-Ненецкий автономный округ, г Новый Уренгой, ул Железнодорожная, д 50, кв 25",,,Площадь,Купля-продажа,,,2026-01-27,2026-01-28,131578.94736842104,001001000000,1,,,,,,,57.0,7500000.0,,3.0,0.0
2026-01-04,89:11:020206:1599,Помещение,2018.0,,Бетонные,5,,101.0,,7,Жилое,,,"Ямало-Ненецкий автономный округ, г.Новый Уренгой, район Южный, улица Южная, дом 52А, кв.42",,,Площадь,Купля-продажа,,,2026-01-27,2026-01-28,184210.52631578947,001001000000,1,,,,,,,38.0,7000000.0,,3.0,0.0
2026-01-04,89:12:110601:3545,Помещение,1992.0,Квартира в многоквартирном доме,Железобетонные; Крупнопанельные,1,,205.0,,3,Жилое,,,"Ямало-Ненецкий автономный округ, г Ноябрьск, ул Энтузиастов, д 5 Б, кв 4",,,Площадь,Купля-продажа,,,2026-01-27,2026-01-28,119003.69003690036,001001000000,1,,,,,,,54.2,6450000.0,,3.0,0.0
2026-01-04,89:10:010209:194,Помещение,2015.0,Помещение,Крупнопанельные,7,,101.0,,11,Жилое,,,"Ямало-Ненецкий автономный округ, г Надым, мкр Олимпийский, д 1, кв 175",,,Площадь,Купля-продажа,,,2026-01-26,2026-01-28,89464.28571428571,001001000000,1,,,,,,,56.0,5010000.0,,3.0,0.0
2026-01-04,89:10:010208:4817,Помещение,1989.0,Квартира,Смешанные,3,,101.0,,5,Жилое,,,"Ямало-Ненецкий автономный округ, муниципальный округ Надымский район, город Надым, улица Заводская, дом 4, квартира 93",,,Площадь,Купля-продажа,,,2026-01-27,2026-01-28,66579.63446475196,001001000000,1,,,,,,,38.3,2550000.0,,3.0,0.0
2026-01-04,89:09:020107:226,Помещение,1979.0,двухкомнатная квартира,Рубленые,2,,205.0,,2,Жилое,,,"Ямало-Ненецкий автономный округ, г Лабытнанги, ул Обская, д 2, корп А, кв 23",,,Площадь,Купля-продажа,,,2026-01-27,2026-01-28,77803.20366132722,001001000000,1,,,,,,,43.7,3400000.0,,3.0,0.0
2026-01-04,89:11:020101:3030,Помещение,2019.0,,Смешанные,5,,101.0,,10,Жилое,,,"Ямало-Ненецкий автономный округ, г Новый Уренгой, пр-кт Губкина, д 19, кв 168",,,Площадь,Купля-продажа,,,2026-01-23,2026-01-28,200000.0,001001000000,1,,,,,,,42.5,8500000.0,,3.0,0.0
2026-01-04,89:05:020114:336,Помещение,1900.0,Трехкомнатная квартира на втором этаже,Сборно-щитовые,2,,205.0,,2,Жилое,,,"Ямало-Ненецкий автономный округ, р-н Пуровский, г Тарко-Сале, ул Победы, д 11, кв 13",,,Площадь,Купля-продажа,,,2026-01-27,2026-01-28,107541.89944134079,001001000000,1,,,,,,,71.6,7700000.0,,3.0,0.0
2026-01-04,89:12:110604:1485,Помещение,2015.0,,Иное,2,,101.0,,6,Жилое,,,"Ямало-Ненецкий автономный округ, городской округ город Ноябрьск, город Ноябрьск, улица Энтузиастов, дом 20, квартира 56",,,Площадь,Купля-продажа,,,2026-01-23,2026-01-29,111650.48543689321,001001000000,1,,,,,,,61.8,6900000.0,,3.0,0.0
2026-01-04,89:11:050104:4273,Помещение,1988.0,помещение: двухкомнатная квартира,Железобетонные,7,,101.0,,10,Жилое,,,"Ямало-Ненецкий автономный округ, г Новый Уренгой, мкр Советский, д 6, корп 3, кв 27",,,Площадь,Купля-продажа,,,2026-01-28,2026-01-29,133211.6788321168,001002000000,1,,,,,,,54.8,7300000.0,,3.0,0.0
2026-01-04,89:11:050104:1948,Помещение,1987.0,однокомнатная квартира,Крупнопанельные,7,,101.0,,9,Жилое,,,"Ямало-Ненецкий автономный округ, г Новый Уренгой, мкр Советский, д 3, корп 1, кв 123",,,Площадь,Купля-продажа,,,2026-01-28,2026-01-29,152291.1051212938,001001000000,1,,,,,,,37.1,5650000.0,,3.0,0.0
2026-01-04,89:06:010109:2684,Помещение,2017.0,Квартира,Из мелких бетонных блоков,3,,205.0,,3,Жилое,,,"Ямало-Ненецкий автономный округ, р-н Тазовский, п Тазовский, мкр Подшибякина, д 3, кв 39",,,Площадь,Купля-продажа,,,2026-01-28,2026-01-29,154455.44554455444,001001000000,1,,,,,,,50.5,7800000.0,,3.0,0.0
2026-01-04,89:05:020112:475,Помещение,2015.0,Квартира,Из мелких бетонных блоков,3,,205.0,,3,Жилое,,,"Ямало-Ненецкий автономный округ, р-н Пуровский, г Тарко-Сале, ул Осенняя, д 12, кв 33",,,Площадь,Купля-продажа,,,2026-01-28,2026-01-29,173745.17374517376,001001000000,1,,,,,,,51.8,9000000.0,,3.0,0.0
2026-01-04,89:10:010105:788,Помещение,1991.0,Двухкомнатная квартира,Крупнопанельные,6,,101.0,,9,Жилое,,,"Ямало-Ненецкий автономный округ, муниципальный округ Надымский район, город Надым, улица Кедровая, дом 8, квартира 89",,,Площадь,Купля-продажа,,,2026-01-27,2026-01-29,93582.88770053476,001002000000,1,,,,,,,56.1,5250000.0,,3.0,0.0
2026-01-04,89:10:010102:852,Помещение,1996.0,Двухкомнатная квартира,Смешанные,1,,101.0,,6,Жилое,,,"Ямало-Ненецкий автономный округ, муниципальный округ Надымский район, город Надым, улица Топчева, дом 5, квартира 73",,,Площадь,Купля-продажа,,,2026-01-26,2026-01-29,67567.56756756757,001001000000,1,,,,,,,51.8,3500000.0,,3.0,0.0
2026-01-04,89:14:010109:2509,Помещение,2015.0,Квартира,Смешанные,1,,101.0,,5,Жилое,,,"Ямало-Ненецкий автономный округ, городской округ город Губкинский, город Губкинский, микрорайон № 9, дом 39, квартира 53",,,Площадь,Купля-продажа,,,2026-01-28,2026-01-29,137362.63736263738,001001000000,1,,,,,,,36.4,5000000.0,,3.0,0.0
2026-01-04,89:11:050102:692,Помещение,1999.0,двухкомнатная квартира,Железобетонные,4,,101.0,,10,Жилое,,,"Ямало-Ненецкий автономный округ, г Новый Уренгой, мкр Восточный, д 5, корп 2, кв 14",,,Площадь,Купля-продажа,,,2026-01-29,2026-01-30,133392.22614840989,001001000000,1,,,,,,,56.6,7550000.0,,3.0,0.0
2026-01-04,89:12:110613:733,Помещение,1980.0,двухкомнатная квартира,Крупнопанельные,5,,101.0,,6,Жилое,,,"Ямало-Ненецкий автономный округ, г Ноябрьск, ул Ленина, д 19, кв 75",,,Площадь,Купля-продажа,,,2026-01-27,2026-01-30,133405.6399132321,001001000000,1,,,,,,,46.1,6150000.0,,3.0,0.0
2026-01-04,89:11:020206:2614,Помещение,2024.0,,Бетонные,1,,101.0,,8,Жилое,,,"Ямало-Ненецкий автономный округ, городской округ город Новый Уренгой, город Новый Уренгой, улица Южная, дом 54А, квартира 129",,,Площадь,Купля-продажа,,,2026-01-29,2026-01-30,176388.88888888888,001001000000,1,,,,,,,36.0,6350000.0,,3.0,0.0
2026-01-04,89:05:020301:6309,Помещение,2015.0,Бокс №7,,1,,303.0,,,Нежилое,,,"Ямало-Ненецкий автономный округ, р-н Пуровский, пгт Уренгой, северная часть промышленной зоны поселка, район мкр. Геолог, район жилого дома № 32, бокс № 7",,,Площадь,Купля-продажа,,,2026-01-29,2026-01-30,22222.222222222223,001001000000,1,,,,,,,36.0,800000.0,,3.0,0.0
2026-01-04,89:10:010208:2190,Помещение,1989.0,Двухкомнатная квартира,Смешанные,2,,101.0,,5,Жилое,,,"Ямало-Ненецкий автономный округ, муниципальный округ Надымский район, город Надым, улица Заводская, дом 2, квартира 106",,,Площадь,Купля-продажа,,,2026-01-29,2026-01-30,71955.71955719557,001001000000,1,,,,,,,54.2,3900000.0,,3.0,0.0
2026-01-04,89:10:010306:1650,Помещение,2017.0,Гараж № 69,Бетонные,1,,303.0,,1,Нежилое,,,"Ямало-Ненецкий автономный округ, г Надым, тер ГК Ольга-5, строен 3, гараж № 69",,,Площадь,Купля-продажа,,,2026-01-29,2026-01-30,24414.0625,001001000000,1,,,,,,,25.6,625000.0,,3.0,0.0
2026-01-04,89:11:050105:1668,Помещение,1990.0,трёхкомнатная квартира,Крупнопанельные,5,,101.0,,10,Жилое,,,"Ямало-Ненецкий автономный округ, г Новый Уренгой, мкр Юбилейный, д 5, корп 7, кв 17",,,Площадь,Купля-продажа,,,2025-12-23,2026-01-30,170940.17094017094,001001000000,1,,,,,,,70.2,12000000.0,,3.0,0.0
2026-01-04,89:05:020124:1194,Помещение,2015.0,Двухкомнатная квартира,Монолитные,4,,101.0,,5,Жилое,,,"Ямало-Ненецкий автономный округ, муниципальный округ Пуровский район, город Тарко-Сале, улица Им Е.К.Колесниковой, дом 7, квартира 14",,,Площадь,Купля-продажа,,,2026-01-29,2026-01-30,183471.0743801653,001001000000,1,,,,,,,60.5,11100000.0,,3.0,0.0
2026-01-04,89:11:020206:2633,Помещение,2024.0,,Бетонные,2,,101.0,,8,Жилое,,,"Ямало-Ненецкий автономный округ, городской округ город Новый Уренгой, город Новый Уренгой, улица Южная, дом 54А, квартира 130",,,Площадь,Купля-продажа,,,2026-01-29,2026-01-30,166083.91608391606,001002000000,1,,,,,,,57.2,9500000.0,,3.0,0.0
2026-01-04,89:13:010107:421,Помещение,1989.0,однокомнатная квартира,Крупнопанельные,4,,101.0,,5,Жилое,,,"Ямало-Ненецкий автономный округ, городской округ город Муравленко, город Муравленко, улица Ленина, дом 111, квартира 41",,,Площадь,Купля-продажа,,,2026-01-29,2026-01-30,130177.51479289941,001001000000,1,,,,,,,33.8,4400000.0,,3.0,0.0
2026-01-04,89:06:010109:1634,Помещение,2009.0,квартира в многоквартирном доме,Крупнопанельные,1,,205.0,,3,Жилое,,,"Ямало-Ненецкий автономный округ, р-н Тазовский, пгт Тазовский, мкр Геолог, д 2, кв 27",,,Площадь,Купля-продажа,,,2026-01-29,2026-01-30,182825.48476454293,001001000000,1,,,,,,,36.1,6600000.0,,3.0,0.0
2026-01-04,89:09:020106:953,Помещение,2017.0,Помещение: квартира,Из прочих материалов,1,,205.0,,4,Жилое,,,"Ямало-Ненецкий автономный округ, г Лабытнанги, ул Заполярная, д 1, кв 2",,,Площадь,Купля-продажа,,,2026-01-29,2026-01-30,180722.89156626505,001002000000,1,,,,,,,33.2,6000000.0,,3.0,0.0
2026-01-04,89:09:010103:315,Помещение,1979.0,двухкомнатная квартира на первом этаже одноэтажного жилого дома,Сборно-щитовые,1,,201.0,,1,Жилое,,,"Ямало-Ненецкий автономный округ, г Лабытнанги, пер Молодежный, д 10, кв 2",,,Площадь,Купля-продажа,,,2026-01-26,2026-02-02,83955.22388059701,001001000000,1,,,,,,,53.6,4500000.0,,3.0,0.0
2026-01-04,89:11:020103:1223,Помещение,1988.0,квартира,Железобетонные,2,,101.0,,5,Жилое,,,"Ямало-Ненецкий автономный округ, г Новый Уренгой, ул Железнодорожная, д 44, кв 20",,,Площадь,Купля-продажа,,,2026-01-30,2026-02-02,177057.3566084788,001001000000,1,,,,,,,40.1,7100000.0,,3.0,0.0
2026-01-04,89:11:050101:1616,Помещение,1995.0,трёхкомнатная квартира,Железобетонные,8,,101.0,,10,Жилое,,,"Ямало-Ненецкий автономный округ, г Новый Уренгой, мкр Дружба, д 2, корп 6, кв 171",,,Площадь,Купля-продажа,,,2026-01-30,2026-02-02,172155.6886227545,001001000000,1,,,,,,,66.8,11500000.0,,3.0,0.0
2026-01-04,89:11:050104:2875,Помещение,1987.0,однокомнатная квартира,Железобетонные,8,,101.0,,9,Жилое,,,"Ямало-Ненецкий автономный округ, городской округ город Новый Уренгой, город Новый Уренгой, микрорайон Советский, дом 4 корпус 2, квартира 67",,,Площадь,Купля-продажа,,,2026-01-30,2026-02-02,183908.0459770115,001001000000,1,,,,,,,34.8,6400000.0,,3.0,0.0
2026-01-04,89:12:110610:977,Помещение,1985.0,однокомнатная квартира,Крупнопанельные,3,,101.0,,8,Жилое,,,"Ямало-Ненецкий автономный округ, городской округ город Ноябрьск, город Ноябрьск, проспект Мира, дом 57/55, квартира 307",,,Площадь,Купля-продажа,,,2026-01-30,2026-02-02,151960.78431372548,001001000000,1,,,,,,,30.6,4650000.0,,3.0,0.0
2026-01-04,89:13:010112:814,Помещение,1993.0,Квартира,Крупнопанельные,1,,101.0,,5,Жилое,,,"Ямало-Ненецкий автономный округ, городской округ город Муравленко, город Муравленко, улица 70 лет Октября, дом 32, квартира 18",,,Площадь,Купля-продажа,,,2026-01-30,2026-02-02,87403.59897172237,001001000000,1,,,,,,,38.9,3400000.0,,3.0,0.0
2026-01-04,89:13:010111:1008,Помещение,1995.0,квартира,Крупнопанельные,5,,101.0,,5,Жилое,,,"Ямало-Ненецкий автономный округ, городской округ город Муравленко, город Муравленко, улица Российская, дом 40, квартира 43",,,Площадь,Купля-продажа,,,2026-01-30,2026-02-02,90373.28094302554,001001000000,1,,,,,,,50.9,4600000.0,,3.0,0.0
2026-01-04,89:12:110704:1896,Помещение,2014.0,Квартира в многоквартирном доме,Смешанные,3,,101.0,,10,Жилое,,,"Ямало-Ненецкий автономный округ, г Ноябрьск, ул Магистральная, д 125, кв 240",,,Площадь,Купля-продажа,,,2026-01-30,2026-02-02,111731.84357541898,001001000000,1,,,,,,,53.7,6000000.0,,3.0,0.0
2026-01-04,89:09:010106:53,Помещение,2009.0,двухкомнатная квартира,Кирпичные,2,,205.0,,3,Жилое,,,"Ямало-Ненецкий автономный округ, г Лабытнанги, ул Обская, д 55, кв 19",,,Площадь,Купля-продажа,,,2026-01-27,2026-02-02,131280.3889789303,001001000000,1,,,,,,,61.7,8100000.0,,3.0,0.0
2026-01-04,89:11:030101:2296,Помещение,2015.0,Квартира,Крупнопанельные,8,,101.0,,10-11,Жилое,,,"Ямало-Ненецкий автономный округ, г Новый Уренгой, пр-кт Губкина, д 28, кв 57",,,Площадь,Купля-продажа,,,2026-01-31,2026-02-02,213883.67729831146,001001000000,1,,,,,,,53.3,11400000.0,,3.0,0.0
2026-01-04,89:04:020101:7856,Помещение,2013.0,Квартира,Смешанные,3,,205.0,,3,Жилое,,,"Ямало-Ненецкий автономный округ, р-н Надымский, пгт Пангоды, ул Полярников, д 9, кв 21",,,Площадь,Купля-продажа,,,2026-01-30,2026-02-02,29569.892473118278,001001000000,1,,,,,,,37.2,1100000.0,,3.0,0.0
2026-01-04,89:12:110711:200,Помещение,1989.0,Квартира,Крупнопанельные,5,,101.0,,5,Жилое,,,"Ямало-Ненецкий автономный округ, городской округ город Ноябрьск, город Ноябрьск, улица Изыскателей, дом 41б, квартира 12",,,Площадь,Купля-продажа,,,2026-01-28,2026-02-02,144145.87332053742,001001000000,1,,,,,,,52.1,7510000.0,,3.0,0.0
2026-01-04,89:08:010106:182,Помещение,2008.0,Помещение: квартира,Монолитные,4,,101.0,,5,Жилое,,,"Ямало-Ненецкий автономный округ, г Салехард, ул Свердлова, д 42, кв 75",,,Площадь,Купля-продажа,,,2026-01-31,2026-02-02,91755.31914893618,001002000000,1,,,,,,,56.4,5175000.0,,3.0,0.0
2026-01-04,89:11:020303:791,Помещение,1985.0,квартира в многоквартирном доме,Из мелких бетонных блоков,3,,101.0,,9,Жилое,,,"Ямало-Ненецкий автономный округ, г Новый Уренгой, пр-кт Ленинградский, д 12а, кв 48",,,Площадь,Купля-продажа,,,2026-01-31,2026-02-02,146804.8359240069,001001000000,1,,,,,,,57.9,8500000.0,,3.0,0.0
2026-01-04,89:12:110610:1343,Помещение,1985.0,Комната,Крупнопанельные,5,,101.0,,8,Жилое,,,"Ямало-Ненецкий автономный округ, городской округ город Ноябрьск, город Ноябрьск, проспект Мира, дом 57/55, квартира 506",,,Площадь,Купля-продажа,,,2026-01-26,2026-02-02,162337.66233766233,001001000000,1,,,,,,,15.4,2500000.0,,3.0,0.0
2026-01-04,89:08:020101:411,Помещение,1977.0,"Жилое помещение расположено в многоквартирном доме, признанном аварийным и подлежащим сносу или реконструкции",Деревянные,1,,205.0,,2,Жилое,,,"Ямало-Ненецкий автономный округ, г Салехард, ул Горького, д 1, кв 19",,,Площадь,Купля-продажа,,,2026-01-29,2026-02-02,95744.68085106382,001001000000,1,,,,,,,37.6,3600000.0,,3.0,0.0
2026-01-04,89:08:010202:1849,Помещение,2003.0,Помещение: квартира,Железобетонные,2,,101.0,,8,Жилое,,,"Ямало-Ненецкий автономный округ, г Салехард, ул Губкина, д 1, кв 73",,,Площадь,Купля-продажа,,,2026-01-27,2026-02-02,161111.11111111112,001001000000,1,,,,,,,54.0,8700000.0,,3.0,0.0
2026-01-04,89:05:030301:5276,Помещение,1997.0,Трехкомнатная квартира на втором этаже,Кирпичные,2,,205.0,,4,Жилое,,,"Ямало-Ненецкий автономный округ, городской округ город Губкинский, город Губкинский, территория Пурпе-1, улица Молодежная, дом 1, квартира 22",,,Площадь,Купля-продажа,,,2026-02-02,2026-02-03,57080.1317233809,001001000000,1,,,,,,,91.1,5200000.0,,3.0,0.0
2026-01-04,89:12:110616:6853,Помещение,2024.0,,Кирпичные; Из мелких бетонных блоков,3,,205.0,,5,Жилое,,,"Ямало-Ненецкий автономный округ, городской округ город Ноябрьск, город Ноябрьск, улица Изыскателей, дом 2, квартира 88",,,Площадь,Купля-продажа,,,2026-01-29,2026-02-03,116959.06432748536,001001000000,1,,,,,,,34.2,4000000.0,,3.0,0.0
2026-01-04,89:10:010207:881,Помещение,1987.0,Квартира,Крупнопанельные,8,,101.0,,9,Жилое,,,"Ямало-Ненецкий автономный округ, муниципальный округ Надымский район, город Надым, улица Рыжкова, дом 8, квартира 194",,,Площадь,Купля-продажа,,,2026-02-02,2026-02-03,74285.71428571429,001001000000,1,,,,,,,87.5,6500000.0,,3.0,0.0
2026-01-04,89:11:020204:2016,Помещение,2015.0,Квартира,Из мелких бетонных блоков,2,,101.0,,10,Жилое,,,"Ямало-Ненецкий автономный округ, городской округ город Новый Уренгой, город Новый Уренгой, микрорайон Созидателей, дом 2А, квартира 2",,,Площадь,Купля-продажа,,,2026-01-31,2026-02-03,170000.0,001001000000,1,,,,,,,55.7,9469000.0,,3.0,0.0
2026-01-04,89:05:020201:2302,Помещение,2015.0,Гараж №17,,1,,303.0,,,Нежилое,,,"Ямало-Ненецкий автономный округ, муниципальный округ Пуровский район, город Тарко-Сале, территория площадка 7, строение 17",,,Площадь,Купля-продажа,,,2026-01-30,2026-02-03,43478.260869565216,001001000000,1,,,,,,,46.0,2000000.0,,3.0,0.0
2026-01-04,89:12:000000:8599,Помещение,2015.0,Гараж,,1,,303.0,,,Нежилое,,,"Ямало-Ненецкий автономный округ, г Ноябрьск, ГК Ханто-2, ряд 17, гараж 14",,,Площадь,Купля-продажа,,,2026-01-26,2026-02-03,33333.333333333336,001001000000,1,,,,,,,24.0,800000.0,,3.0,0.0
2026-01-04,89:10:010206:2336,Помещение,1988.0,Двухкомнатная квартира,Железобетонные,9,,101.0,,9,Жилое,,,"Ямало-Ненецкий автономный округ, муниципальный округ Надымский район, город Надым, улица Зверева, дом 39, квартира 97",,,Площадь,Купля-продажа,,,2026-01-30,2026-02-03,72595.28130671506,001001000000,1,,,,,,,55.1,4000000.0,,3.0,0.0
2026-01-04,89:11:020201:2069,Помещение,2006.0,однокомнатная квартира,Крупнопанельные,5,,101.0,,8,Жилое,,,"Ямало-Ненецкий автономный округ, г Новый Уренгой, мкр Оптимистов, д 4, корп 1, кв 40",,,Площадь,Купля-продажа,,,2026-02-02,2026-02-03,159909.9099099099,001001000000,1,,,,,,,44.4,7100000.0,,3.0,0.0
2026-01-04,89:08:010202:622,Помещение,2002.0,Помещение: трёхкомнатная квартира,Монолитные,5,,101.0,,8,Жилое,,,"Ямало-Ненецкий автономный округ, г Салехард, ул Губкина, д 3, кв 17",,,Площадь,Купля-продажа,,,2026-02-01,2026-02-04,160085.37886872998,001001000000,1,,,,,,,93.7,15000000.0,,3.0,0.0
2026-01-04,89:11:010303:668,Помещение,2015.0,Гараж 280,,1,,303.0,,,Нежилое,,,"Ямало-Ненецкий автономный округ, г Новый Уренгой, Западная промзона,панель""Е"".ПГСК""Булгар"" Гаражная ячейка № 280",,,Площадь,Купля-продажа,,,2026-01-30,2026-02-04,42105.26315789474,001001000000,1,,,,,,,28.5,1200000.0,,3.0,0.0
2026-01-04,89:11:020207:964,Помещение,2015.0,Квартира,Из прочих материалов,3,,101.0,,11,Жилое,,,"Ямало-Ненецкий автономный округ, г Новый Уренгой, мкр Тундровый, д 6, кв 213",,,Площадь,Купля-продажа,,,2026-02-03,2026-02-04,136206.89655172414,001001000000,1,,,,,,,58.0,7900000.0,,3.0,0.0
2026-01-04,89:13:010111:1741,Помещение,2016.0,Квартира,Из мелких бетонных блоков,3,,101.0,,7,Жилое,,,"Ямало-Ненецкий автономный округ, г Муравленко, ул 70 лет Октября, д 45, кв 48",,,Площадь,Купля-продажа,,,2026-01-30,2026-02-04,103515.625,001001000000,1,,,,,,,25.6,2650000.0,,3.0,0.0
2026-01-04,89:12:110701:1378,Помещение,1988.0,Помещение: двухкомнатная квартира,Железобетонные,2,,101.0,,5,Жилое,,,"Ямало-Ненецкий автономный округ, г Ноябрьск, пр. Мира, д 6, кв 79",,,Площадь,Купля-продажа,,,2026-02-03,2026-02-04,148296.59318637275,001001000000,1,,,,,,,49.9,7400000.0,,3.0,0.0
2026-01-04,89:10:010201:769,Помещение,1973.0,Однокомнатная квартира на втором этаже жилого дома,Крупнопанельные,2,,101.0,,5,Жилое,,,"Ямало-Ненецкий автономный округ, г Надым, ул Комсомольская, д 17, кв 65",,,Площадь,Купля-продажа,,,2026-02-03,2026-02-04,73170.73170731707,001001000000,1,,,,,,,28.7,2100000.0,,3.0,0.0
2026-01-04,89:12:000000:2649,Помещение,1986.0,трёхкомнатная квартира,Крупнопанельные,1,,101.0,,5,Жилое,,,"Ямало-Ненецкий автономный округ, г Ноябрьск, пр-кт Мира, д 93А, кв 2",,,Площадь,Купля-продажа,,,2026-01-30,2026-02-04,48952.87958115183,001002000000,1,,,,,,,76.4,3740000.0,,3.0,0.0
2026-01-04,89:01:010804:304,Помещение,2017.0,квартира,Из мелких бетонных блоков,2,,205.0,,3,Жилое,,,"Ямало-Ненецкий автономный округ, р-н Шурышкарский, с Мужи, ул Уральская, 33, корп 2, кв 17",,,Площадь,Купля-продажа,,,2026-02-03,2026-02-04,119047.61904761905,001001000000,1,,,,,,,42.0,5000000.0,,3.0,0.0
2026-01-04,89:12:110702:364,Помещение,1991.0,Квартира,Крупнопанельные,5,,101.0,,5,Жилое,,,"Ямало-Ненецкий автономный округ, г Ноябрьск, ул 8 Марта, д 4, кв 30",,,Площадь,Купля-продажа,,,2026-01-30,2026-02-04,129032.25806451612,001001000000,1,,,,,,,52.7,6800000.0,,3.0,0.0
2026-01-04,89:10:010208:10484,Помещение,1989.0,Квартира,Смешанные,2,,101.0,,5,Жилое,,,"Ямало-Ненецкий автономный округ, муниципальный округ Надымский район, город Надым, улица Заводская, дом 4, квартира 149",,,Площадь,Купля-продажа,,,2026-02-02,2026-02-04,55045.87155963303,001001000000,1,,,,,,,54.5,3000000.0,,3.0,0.0
2026-01-04,89:12:110709:3151,Помещение,1996.0,квартира,Железобетонные,9,,101.0,,9,Жилое,,,"Ямало-Ненецкий автономный округ, городской округ город Ноябрьск, город Ноябрьск, улица Высоцкого, дом 22, квартира 33",,,Площадь,Купля-продажа,,,2026-02-03,2026-02-04,125000.0,001001000000,1,,,,,,,74.8,9350000.0,,3.0,0.0
2026-01-04,89:05:030301:5457,Помещение,2002.0,Помещение: Двухкомнатная квартира на первом этаже,Из прочих материалов,1,,205.0,,1,Жилое,,,"Ямало-Ненецкий автономный округ, городской округ город Губкинский, город Губкинский, территория Пурпе-1, улица Российская, дом 10, квартира 2",,,Площадь,Купля-продажа,,,2026-01-31,2026-02-04,44136.529411764706,001001000000,1,,,,,,,85.0,3751605.0,,3.0,0.0
2026-01-04,89:14:010109:1720,Помещение,1996.0,однокомнатная квартира,Из прочих материалов,7,,101.0,,9,Жилое,,,"Ямало-Ненецкий автономный округ, г Губкинский, мкр 9-й, д 10, кв 63",,,Площадь,Купля-продажа,,,2026-02-01,2026-02-04,139037.43315508022,001001000000,1,,,,,,,37.4,5200000.0,,3.0,0.0
2026-01-04,89:09:010101:846,Помещение,2015.0,часть здания: гараж в капитальном исполнении,,1,,303.0,,,Нежилое,,,"Ямало-Ненецкий автономный округ, г Лабытнанги, ул Геологов, Гараж (бокс №19)",,,Площадь,Купля-продажа,,,2026-02-03,2026-02-04,73170.73170731707,001001000000,1,,,,,,,24.6,1800000.0,,3.0,0.0
2026-01-04,89:04:020101:5750,Помещение,1996.0,Трёхкомнатная квартира,Кирпичные,1,,101.0,,5,Жилое,,,"Ямало-Ненецкий автономный округ, р-н Надымский, пгт Пангоды, ул Мира, д 17, кв 47",,,Площадь,Купля-продажа,,,2025-12-28,2026-02-05,62391.68110918544,001002000000,1,,,,,,,57.7,3600000.0,,3.0,0.0
2026-01-04,89:10:010107:2225,Помещение,1973.0,Квартира,Из прочих материалов,3,,101.0,,5,Жилое,,,"Ямало-Ненецкий автономный округ, муниципальный округ Надымский район, город Надым, улица Полярная, дом 15, квартира 131",,,Площадь,Купля-продажа,,,2026-02-04,2026-02-05,75342.46575342467,001001000000,1,,,,,,,29.2,2200000.0,,3.0,0.0
2026-01-04,89:14:010109:343,Помещение,2010.0,1-комнатная квартира,Бетонные,5,,101.0,,5,Жилое,,,"Ямало-Ненецкий автономный округ, г Губкинский, мкр 9-й, д 22, кв 24",,,Площадь,Купля-продажа,,,2026-02-05,2026-02-05,117187.5,001001000000,1,,,,,,,38.4,4500000.0,,3.0,0.0
2026-01-04,89:08:010204:1331,Помещение,2015.0,Помещение: квартира,Смешанные,9,,101.0,,9,Жилое,,,"Ямало-Ненецкий автономный округ, городской округ город Салехард, город Салехард, улица Республики, дом 77, квартира 43",,,Площадь,Купля-продажа,,,2026-02-05,2026-02-05,198098.25673534072,001002000000,1,,,,,,,63.1,12500000.0,,3.0,0.0
2026-01-04,89:04:020101:4534,Помещение,1988.0,Двухкомнатная квартира,Кирпичные,1,,205.0,,3,Жилое,,,"Ямало-Ненецкий автономный округ, м.о. Надымский район, пгт Пангоды, ул Мира, д. 3А, кв. 10",,,Площадь,Купля-продажа,,,2026-02-03,2026-02-05,48923.67906066536,001001000000,1,,,,,,,51.1,2500000.0,,3.0,0.0
2026-01-04,89:10:010305:1399,Помещение,2015.0,Гараж,,1,,303.0,,,Нежилое,,,"Ямало-Ненецкий автономный округ, г Надым, промзона, панель ""М"", ГСК ""Озон"", гараж № 107",,,Площадь,Купля-продажа,,,2026-02-02,2026-02-05,30620.15503875969,001001000000,1,,,,,,,25.8,790000.0,,3.0,0.0
2026-01-04,89:10:000000:3751,Помещение,2015.0,Гараж,,1,,303.0,,,Нежилое,,,"Ямало-Ненецкий автономный округ, г Надым, ГСК ""Пилот"", гараж № 14, ряд 11, район 2 котельной",,,Площадь,Купля-продажа,,,2026-02-02,2026-02-05,42801.556420233464,001001000000,1,,,,,,,25.7,1100000.0,,3.0,0.0
2026-01-04,89:11:000000:3341,Помещение,1900.0,квартира в многоквартирном доме,Крупнопанельные,4,,101.0,,11,Жилое,,,"Ямало-Ненецкий автономный округ, г Новый Уренгой, мкр Мирный, д 3, корп 4, кв 14",,,Площадь,Купля-продажа,,,2026-02-01,2026-02-05,125698.32402234638,001001000000,1,,,,,,,35.8,4500000.0,,3.0,0.0
2026-01-04,89:04:020101:4836,Помещение,1985.0,Квартира,Деревянные,2,,205.0,,2,Жилое,,,"Ямало-Ненецкий автономный округ, муниципальный округ Надымский район, поселок городского типа Пангоды, улица Энергетиков, дом 24, квартира 9",,,Площадь,Купля-продажа,,,2026-02-04,2026-02-06,39045.55314533623,001001000000,1,,,,,,,46.1,1800000.0,,3.0,0.0
2026-01-04,89:11:050105:1049,Помещение,1987.0,однокомнатная квартира,Крупнопанельные,2,,101.0,,6,Жилое,,,"Ямало-Ненецкий автономный округ, городской округ город Новый Уренгой, город Новый Уренгой, микрорайон Юбилейный, дом 1 корпус 2, квартира 20",,,Площадь,Купля-продажа,,,2026-02-05,2026-02-06,184605.5979643766,001001000000,1,,,,,,,39.3,7255000.0,,3.0,0.0
2026-01-04,89:11:010303:1166,Помещение,2010.0,гараж,Кирпичные; Железобетонные,1,,303.0,,1,Нежилое,,,"Ямало-Ненецкий автономный округ, г Новый Уренгой, район аэропорта, Гаражно-эксплуатационный кооператив ""Авиатор"", гараж А-23",,,Площадь,Купля-продажа,,,2026-02-05,2026-02-06,33632.28699551569,001001000000,1,,,,,,,22.3,750000.0,,3.0,0.0
2026-01-04,89:12:110604:1482,Помещение,2015.0,,Иное,1,,101.0,,6,Жилое,,,"Ямало-Ненецкий автономный округ, городской округ город Ноябрьск, город Ноябрьск, улица Энтузиастов, дом 20, квартира 53",,,Площадь,Купля-продажа,,,2026-02-05,2026-02-06,143001.6313213703,001001000000,1,,,,,,,61.3,8766000.0,,3.0,0.0
2026-01-04,89:08:030202:746,Помещение,1986.0,"Жилое помещение расположено в многоквартирном доме, признанном аварийным и подлежащим сносу или реконструкции",Деревянные,2,,205.0,,2,Жилое,,,"Ямало-Ненецкий автономный округ, г Салехард, ул Чапаева, д 4а, кв 13",,,Площадь,Купля-продажа,,,2019-09-28,2026-02-06,55350.553505535056,001001000000,1,,,,,,,54.2,3000000.0,,3.0,0.0
2026-01-04,89:09:020101:1732,Помещение,2015.0,гараж (бокс №47),,1,,303.0,,,Нежилое,,,"Ямало-Ненецкий автономный округ, г Лабытнанги, ул Больничная, гаражная площадка №39",,,Площадь,Купля-продажа,,,2026-02-05,2026-02-06,75221.2389380531,001001000000,1,,,,,,,22.6,1700000.0,,3.0,0.0
2026-01-04,89:14:010109:2304,Помещение,2015.0,квартира,Кирпичные,3,,101.0,,5,Жилое,,,"Ямало-Ненецкий автономный округ, городской округ город Губкинский, город Губкинский, микрорайон № 9, дом 28, квартира 14",,,Площадь,Купля-продажа,,,2026-02-05,2026-02-06,150602.4096385542,001001000000,1,,,,,,,33.2,5000000.0,,3.0,0.0
2026-01-04,89:10:010206:2982,Помещение,1979.0,Квартира,Смешанные,3,,101.0,,5,Жилое,,,"Ямало-Ненецкий автономный округ, г Надым, ул Зверева, д 17, кв 52",,,Площадь,Купля-продажа,,,2026-02-04,2026-02-06,64847.9427549195,001001000000,1,,,,,,,55.9,3625000.0,,3.0,0.0
2026-01-04,89:11:050102:2372,Помещение,1994.0,трёхкомнатная квартира,Из легкобетонных панелей,9,,101.0,,10,Жилое,,,"Ямало-Ненецкий автономный округ, городской округ город Новый Уренгой, город Новый Уренгой, микрорайон Восточный, дом 1 корпус 6, квартира 36",,,Площадь,Купля-продажа,,,2026-02-06,2026-02-09,143292.6829268293,001001000000,1,,,,,,,65.6,9400000.0,,3.0,0.0
2026-01-04,89:11:020203:3498,Помещение,2023.0,,Бетонные,9,,101.0,,10,Жилое,,,"Ямало-Ненецкий автономный округ, городской округ Новый Уренгой, г.Новый Уренгой, ул.Сибирская, дом 31А, кв.276",,,Площадь,Купля-продажа,,,2026-02-06,2026-02-09,185185.1851851852,001001000000,1,,,,,,,54.0,10000000.0,,3.0,0.0
2026-01-04,89:08:030201:1214,Помещение,2018.0,,Из мелких бетонных блоков,3,,205.0,,3,Жилое,,,"Ямало-Ненецкий автономный округ, Городской округ город Салехард, г Салехард, ул Геологов, д 22б, кв 19",,,Площадь,Купля-продажа,,,2026-02-06,2026-02-09,173575.12953367876,001001000000,1,,,,,,,38.6,6700000.0,,3.0,0.0
2026-01-04,89:10:010104:173,Помещение,2015.0,Гараж,,1,,303.0,,,Нежилое,,,"Ямало-Ненецкий автономный округ, г Надым, вдоль автодороги Надым-Салехард, ГСЭК Мираж, гараж №38",,,Площадь,Купля-продажа,,,2026-02-07,2026-02-09,13257.575757575758,001001000000,1,,,,,,,26.4,350000.0,,3.0,0.0
2026-01-04,89:10:010206:1726,Помещение,1988.0,Однокомнатная квартира,Крупнопанельные,2,,101.0,,9,Жилое,,,"Ямало-Ненецкий автономный округ, муниципальный округ Надымский район, город Надым, улица Зверева, дом 40а, квартира 43",,,Площадь,Купля-продажа,,,2026-02-05,2026-02-09,77306.73316708229,001001000000,1,,,,,,,40.1,3100000.0,,3.0,0.0
2026-01-04,89:11:020304:1619,Помещение,1986.0,двухкомнатная квартира,Крупнопанельные,8,,101.0,,9,Жилое,,,"Ямало-Ненецкий автономный округ, г Новый Уренгой, ул Молодежная, д 9А, кв 103",,,Площадь,Купля-продажа,,,2026-02-05,2026-02-09,164319.24882629106,001001000000,1,,,,,,,42.6,7000000.0,,3.0,0.0
2026-01-04,89:12:110707:2498,Помещение,1984.0,Квартира в многоквартирном доме,Крупнопанельные,3,,101.0,,5,Жилое,,,"Ямало-Ненецкий автономный округ, г Ноябрьск, ул Дзержинского, д 12, кв 23",,,Площадь,Купля-продажа,,,2026-02-06,2026-02-09,151452.28215767635,001001000000,1,,,,,,,48.2,7300000.0,,3.0,0.0
2026-01-04,89:11:050303:1745,Помещение,2015.0,,Смешанные,12,,101.0,,9-9-11-13-11,Жилое,,,"Российская Федерация, Ямало-Ненецкий автономный округ, г.о. город Новый Уренгой, г Новый Уренгой, мкр Славянский, д. 2/1, Квартира 204",,,Площадь,Купля-продажа,,,2026-02-06,2026-02-09,161290.32258064518,001001000000,1,,,,,,,65.1,10500000.0,,3.0,0.0
2026-01-04,89:08:010103:321,Помещение,2008.0,Помещение: квартира,Монолитные,4,,101.0,,9,Жилое,,,"Ямало-Ненецкий автономный округ, г Салехард, ул Свердлова, д 39, кв 48",,,Площадь,Купля-продажа,,,2026-02-07,2026-02-09,81466.3951120163,001002000000,1,,,,,,,49.1,4000000.0,,3.0,0.0
2026-01-04,89:09:010105:213,Помещение,1986.0,двухкомнатная квартира,Деревянные,2,,205.0,,2,Жилое,,,"Ямало-Ненецкий автономный округ, муниципальный округ Приуральский район, город Лабытнанги, переулок Парковый, дом 18, квартира 13",,,Площадь,Купля-продажа,,,2024-06-18,2026-02-09,48613.67837338262,001001000000,1,,,,,,,54.1,2630000.0,,3.0,0.0
2026-01-04,89:09:010104:63,Помещение,1989.0,трехкомнатная квартира,Смешанные,2,,205.0,,2,Жилое,,,"Ямало-Ненецкий автономный округ, г Лабытнанги, ул Школьная, д 41, кв 6",,,Площадь,Купля-продажа,,,2026-02-06,2026-02-09,68627.45098039215,001001000000,1,,,,,,,71.4,4900000.0,,3.0,0.0
2026-01-04,89:14:040101:1635,Помещение,2015.0,,Бетонные,1,,101.0,,7-8,Жилое,,,"Ямало-Ненецкий автономный округ, городской округ город Губкинский, город Губкинский, микрорайон № 17, дом 12, квартира 2",,,Площадь,Купля-продажа,,,2025-12-23,2026-02-09,120900.0,001002000000,1,,,,,,,63.2,7640880.0,,3.0,0.0
2026-01-04,89:14:010101:933,Помещение,1995.0,"Двухкомнатная квартира - ""Жилое помещение расположено в многоквартирном доме, признанном аварийным и подлежащим сносу или реконструкции"" (Постановление Администрации города Губкинского ""О признании многоквартирного жилого дома № 46 микрорайона 1 города Губкинского аварийным и подлежащим сносу"" №1604 от 21.10.2019 г. года)",Смешанные,2,,205.0,,2,Жилое,,,"Ямало-Ненецкий автономный округ, г Губкинский, мкр 1-й, д 46, кв 6",,,Площадь,Купля-продажа,,,2025-12-23,2026-02-09,128000.0,001001000000,1,,,,,,,54.0,6912000.0,,3.0,0.0
2026-01-04,89:14:010101:931,Помещение,1995.0,квартира,Смешанные,2,,205.0,,2,Жилое,,,"Ямало-Ненецкий автономный округ, г Губкинский, мкр 1-й, д 46, кв 16",,,Площадь,Купля-продажа,,,2025-12-09,2026-02-09,128000.0,001001000000,1,,,,,,,53.7,6873600.0,,3.0,0.0
2026-01-04,89:14:040101:1641,Помещение,2015.0,,Бетонные,3,,101.0,,7-8,Жилое,,,"Ямало-Ненецкий автономный округ, городской округ город Губкинский, город Губкинский, микрорайон № 17, дом 12, квартира 9",,,Площадь,Купля-продажа,,,2025-12-09,2026-02-09,122100.0,001001000000,1,,,,,,,62.9,7680090.0,,3.0,0.0
2026-01-04,89:13:010102:1160,Помещение,1988.0,Квартира,Крупнопанельные,4,,101.0,,5,Жилое,,,"Ямало-Ненецкий автономный округ, г Муравленко, ул Ленина, д 75, кв 40",,,Площадь,Купля-продажа,,,2026-02-05,2026-02-09,164062.5,001001000000,1,,,,,,,51.2,8400000.0,,3.0,0.0
2026-01-04,89:11:020102:2497,Помещение,2015.0,,Иное,5,,101.0,,9,Жилое,,,"Ямало-Ненецкий автономный округ, городской округ город Новый Уренгой, город Новый Уренгой, улица Набережная, дом 43Б, квартира 40",,,Площадь,Купля-продажа,,,2026-02-06,2026-02-09,170000.0,001001000000,1,,,,,,,43.7,7429000.0,,3.0,0.0
2026-01-04,89:12:110710:1064,Помещение,1986.0,Квартира,Крупнопанельные,5,,101.0,,5,Жилое,,,"Ямало-Ненецкий автономный округ, городской округ город Ноябрьск, город Ноябрьск, проспект Мира, дом 84, квартира 59",,,Площадь,Купля-продажа,,,2026-02-06,2026-02-09,117525.77319587629,001001000000,1,,,,,,,48.5,5700000.0,,3.0,0.0
2026-01-04,89:14:010109:2343,Помещение,2015.0,квартира,Кирпичные,3,,101.0,,5,Жилое,,,"Ямало-Ненецкий автономный округ, городской округ город Губкинский, город Губкинский, микрорайон № 9, дом 28, квартира 44",,,Площадь,Купля-продажа,,,2026-02-02,2026-02-09,176204.8192771084,001001000000,1,,,,,,,33.2,5850000.0,,3.0,0.0
2026-01-04,89:12:110710:1399,Помещение,1986.0,трёхкомнатная квартира,Крупнопанельные,3,,101.0,,5,Жилое,,,"Ямало-Ненецкий автономный округ, г Ноябрьск, ул Изыскателей, д 36, кв 16",,,Площадь,Купля-продажа,,,2026-02-07,2026-02-09,119300.91185410335,001002000000,1,,,,,,,65.8,7850000.0,,3.0,0.0
2026-01-04,89:11:020103:2709,Помещение,2019.0,,Бетонные,2,,101.0,,7,Жилое,,,"Ямало-Ненецкий автономный округ, городской округ город Новый Уренгой, город Новый Уренгой, микрорайон Строителей, дом 5, корпус 5, кв 8",,,Площадь,Купля-продажа,,,2026-02-06,2026-02-09,134660.42154566743,001001000000,1,,,,,,,42.7,5750000.0,,3.0,0.0
2026-01-04,89:08:000000:1123,Помещение,2015.0,Гараж,,2,,303.0,,,Нежилое,,,"Ямало-Ненецкий автономный округ, г Салехард, ул Обская, площадка № 1, строение № 2, бокс № 5",,,Площадь,Купля-продажа,,,2026-02-06,2026-02-09,34268.5370741483,001001000000,1,,,,,,,49.9,1710000.0,,3.0,0.0
2026-01-04,89:14:010104:916,Помещение,1987.0,"Квартира - Жилое помещение расположено в многоквартирном доме, признанном аварийным и подлежащим сносу или реконструкции",Из прочих материалов,1,,205.0,,2,Жилое,,,"Ямало-Ненецкий автономный округ, г Губкинский, микрорайон 4, д 4, кв 10",,,Площадь,Купля-продажа,,,2025-12-17,2026-02-09,128000.0,001001000000,1,,,,,,,49.1,6284800.0,,3.0,0.0
2026-01-04,89:14:010102:3009,Помещение,2015.0,,Из прочих материалов,1,,101.0,,4-5,Жилое,,,"Ямало-Ненецкий автономный округ, город Губкинский, микрорайон №2, д 3, кв 104",,,Площадь,Купля-продажа,,,2025-12-17,2026-02-09,132000.0,001001000000,1,,,,,,,50.1,6613200.0,,3.0,0.0
2026-01-04,89:12:110704:1564,Помещение,2014.0,Квартира,Смешанные,1,,101.0,,10,Жилое,,,"Ямало-Ненецкий автономный округ, городской округ город Ноябрьск, город Ноябрьск, улица Советская, дом 110, квартира 197",,,Площадь,Купля-продажа,,,2026-02-09,2026-02-10,24451.939291736933,001002000000,1,,,,,,,59.3,1450000.0,,3.0,0.0
2026-01-04,89:09:110201:383,Помещение,2015.0,Помещение,,1,,303.0,,,Нежилое,,,"Ямало-Ненецкий автономный округ, р-н Приуральский, п Харп, ул Одесская, гаражная площадка № 10, блок "" В"", бокс 10",,,Площадь,Купля-продажа,,,2026-02-07,2026-02-10,7272.727272727273,001001000000,1,,,,,,,27.5,200000.0,,3.0,0.0
2026-01-04,89:10:010207:2160,Помещение,2017.0,Квартира,Из мелких бетонных блоков,5,,101.0,,6-8,Жилое,,,"Ямало-Ненецкий автономный округ, муниципальный округ Надымский район, город Надым, улица Рыжкова, дом 11, квартира 36",,,Площадь,Купля-продажа,,,2026-02-07,2026-02-10,84985.835694051,001001000000,1,,,,,,,35.3,3000000.0,,3.0,0.0
2026-01-04,89:11:050202:819,Помещение,2015.0,гараж,,1,,303.0,,,Нежилое,,,"Ямало-Ненецкий автономный округ, г Новый Уренгой, Северная Коммунальная Зона, Гаражно-строительный кооператив ""Москвич"", гараж №133",,,Площадь,Купля-продажа,,,2026-02-06,2026-02-10,81250.0,001001000000,1,,,,,,,32.0,2600000.0,,3.0,0.0
2026-01-04,89:12:110703:2258,Помещение,1990.0,Квартира,Железобетонные,2,,101.0,,5,Жилое,,,"Ямало-Ненецкий автономный округ, городской округ город Ноябрьск, город Ноябрьск, улица Магистральная, дом 115, квартира 79",,,Площадь,Купля-продажа,,,2026-02-10,2026-02-10,135523.613963039,001001000000,1,,,,,,,48.7,6600000.0,,3.0,0.0
2026-01-04,89:14:010103:275,Помещение,1900.0,"квартира - ""Жилое помещение расположено в многоквартирном доме, признанном аварийным и подлежащим сносу или реконструкции"" (Постановление Администрации города Губкинского ""О признании многоквартирного жилого дома № 32 микрорайона 7 города Губкинского аварийным и подлежащим сносу"" №1515 от 07.10.2019 г. года)",Дощатые,2,,205.0,,2,Жилое,,,"Ямало-Ненецкий автономный округ, г Губкинский, мкр 3-й, д 32, кв 18",,,Площадь,Купля-продажа,,,2018-08-08,2026-02-10,21220.15915119363,001002000000,1,,,,,,,37.7,800000.0,,3.0,0.0
2026-01-04,89:11:020206:2580,Помещение,2024.0,,Бетонные,7,,101.0,,8,Жилое,,,"Ямало-Ненецкий автономный округ, городской округ город Новый Уренгой, город Новый Уренгой, улица Южная, дом 54А, квартира 155",,,Площадь,Купля-продажа,,,2026-02-09,2026-02-10,166083.91608391606,001001000000,1,,,,,,,57.2,9500000.0,,3.0,0.0
2026-01-04,89:11:080201:6335,Помещение,2015.0,квартира,Из прочих материалов,3,,101.0,,6,Жилое,,,"Ямало-Ненецкий автономный округ, г Новый Уренгой, пр-кт Мира, д 22, корп 4, кв 65",,,Площадь,Купля-продажа,,,2026-02-05,2026-02-10,94350.96153846153,001002000000,1,,,,,,,83.2,7850000.0,,3.0,0.0
2026-01-04,89:11:050101:2277,Помещение,2017.0,Квартира,Из мелких бетонных блоков,9,,101.0,,14,Жилое,,,"Ямало-Ненецкий автономный округ, г Новый Уренгой, мкр Дружба, д 4, корп 2, кв 135",,,Площадь,Купля-продажа,,,2026-02-09,2026-02-10,217021.27659574468,001001000000,1,,,,,,,23.5,5100000.0,,3.0,0.0
2026-01-04,89:11:050303:591,Помещение,2015.0,,Из прочих материалов,6,,101.0,,13,Жилое,,,"Ямало-Ненецкий автономный округ, городской округ город Новый Уренгой, город Новый Уренгой, микрорайон Славянский, дом 1/1, квартира 124",,,Площадь,Купля-продажа,,,2026-02-09,2026-02-10,120270.27027027027,001001000000,1,,,,,,,74.0,8900000.0,,3.0,0.0
2026-01-04,89:11:020203:1810,Помещение,1992.0,трёхкомнатная квартира,Железобетонные,4,,101.0,,5,Жилое,,,"Ямало-Ненецкий автономный округ, городской округ город Новый Уренгой, город Новый Уренгой, улица Сибирская, дом 17А, квартира 27",,,Площадь,Купля-продажа,,,2026-02-09,2026-02-10,112857.14285714286,001002000000,1,,,,,,,70.0,7900000.0,,3.0,0.0
2026-01-04,89:14:010114:964,Помещение,2011.0,1-комнатная квартира,Бетонные,1,,101.0,,5,Жилое,,,"Ямало-Ненецкий автономный округ, г Губкинский, мкр 14, д 14, кв 2",,,Площадь,Купля-продажа,,,2026-02-10,2026-02-11,128395.06172839506,001001000000,1,,,,,,,40.5,5200000.0,,3.0,0.0
2026-01-04,89:11:020202:1379,Помещение,2012.0,квартира в многоквартирном доме,Смешанные,3,,101.0,,11,Жилое,,,"Ямало-Ненецкий автономный округ, г Новый Уренгой, мкр Энтузиастов, д 1, кв 7",,,Площадь,Купля-продажа,,,2026-02-11,2026-02-11,184438.0403458213,001001000000,1,,,,,,,34.7,6400000.0,,3.0,0.0
2026-01-04,89:08:010202:2912,Помещение,2015.0,Помещение: квартира,Монолитные,4,,101.0,,9,Жилое,,,"Ямало-Ненецкий автономный округ, г Салехард, ул Зои Космодемьянской, д 63, кв 16",,,Площадь,Купля-продажа,,,2026-02-10,2026-02-11,195497.63033175355,001001000000,1,,,,,,,42.2,8250000.0,,3.0,0.0
2026-01-04,89:12:110512:674,Помещение,1990.0,Помещение: двухкомнатная квартира,Крупнопанельные,1,,205.0,,3,Жилое,,,"Ямало-Ненецкий автономный округ, городской округ город Ноябрьск, город Ноябрьск, улица Шевченко, дом 127, квартира 2",,,Площадь,Купля-продажа,,,2026-02-11,2026-02-11,141700.4048582996,001001000000,1,,,,,,,49.4,7000000.0,,3.0,0.0
2026-01-04,89:08:020104:345,Помещение,1995.0,Помещение: двухкомнатная квартира,Рубленые,1,,205.0,,2,Жилое,,,"Ямало-Ненецкий автономный округ, г Салехард, ул Чупрова, д 32, кв 3",,,Площадь,Купля-продажа,,,2026-02-10,2026-02-11,152215.79961464356,001001000000,1,,,,,,,51.9,7900000.0,,3.0,0.0
2026-01-04,89:12:110603:2946,Помещение,2025.0,Квартира,Кирпичные,3,,101.0,,6,Жилое,,,"Ямало-Ненецкий автономный округ, городской округ город Ноябрьск, город Ноябрьск, улица Советская, дом 28, квартира 28",,,Площадь,Купля-продажа,,,2026-02-06,2026-02-11,184371.42857142858,001001000000,1,,,,,,,35.0,6453000.0,,3.0,0.0
2026-01-04,89:12:110512:478,Помещение,1987.0,двухкомнатная квартира,Из прочих материалов,1,,205.0,,2,Жилое,,,"Ямало-Ненецкий автономный округ, г Ноябрьск, ул Шевченко, д 157, кв 2",,,Площадь,Купля-продажа,,,2026-02-10,2026-02-11,53763.44086021506,001001000000,1,,,,,,,55.8,3000000.0,,3.0,0.0
2026-01-04,89:11:020207:693,Помещение,2015.0,Квартира,Из мелких бетонных блоков,9,,101.0,,11,Жилое,,,"Ямало-Ненецкий автономный округ, городской округ город Новый Уренгой, город Новый Уренгой, микрорайон Тундровый, дом 3, квартира 175",,,Площадь,Купля-продажа,,,2026-02-10,2026-02-11,204081.63265306124,001001000000,1,,,,,,,34.3,7000000.0,,3.0,0.0
2026-01-04,89:10:010206:625,Помещение,1985.0,Квартира,Смешанные,5,,101.0,,5,Жилое,,,"Ямало-Ненецкий автономный округ, муниципальный округ Надымский район, город Надым, улица Набережная имени Оруджева С.А., дом 15, квартира 14",,,Площадь,Купля-продажа,,,2026-02-10,2026-02-11,53872.053872053875,001001000000,1,,,,,,,59.4,3200000.0,,3.0,0.0
2026-01-04,89:10:000000:3900,Помещение,2015.0,Помещение,Железобетонные,3,,101.0,,11,Жилое,,,"Ямало-Ненецкий автономный округ, г Надым, мкр Олимпийский, д 5, кв 11",,,Площадь,Купля-продажа,,,2026-02-10,2026-02-12,86153.84615384616,001002000000,1,,,,,,,32.5,2800000.0,,3.0,0.0
2026-01-04,89:10:010105:662,Помещение,1991.0,Двухкомнатная квартира,Крупнопанельные,4,,101.0,,9,Жилое,,,"Ямало-Ненецкий автономный округ, муниципальный округ Надымский район, город Надым, улица Кедровая, дом 8, квартира 83",,,Площадь,Купля-продажа,,,2026-02-11,2026-02-12,65953.6541889483,001002000000,1,,,,,,,56.1,3700000.0,,3.0,0.0
2026-01-04,89:08:010201:1752,Помещение,2008.0,Помещение: квартира,Монолитные,4,,101.0,,8,Жилое,,,"Ямало-Ненецкий автономный округ, г Салехард, ул Ямальская, д 1, кв 87",,,Площадь,Купля-продажа,,,2026-02-12,2026-02-13,198855.5078683834,001001000000,1,,,,,,,69.9,13900000.0,,3.0,0.0
2026-01-04,89:13:010112:850,Помещение,1993.0,двухкомнатная квартира,Крупнопанельные,5,,101.0,,5,Жилое,,,"Ямало-Ненецкий автономный округ, городской округ город Муравленко, город Муравленко, улица 70 лет Октября, дом 30, квартира 60",,,Площадь,Купля-продажа,,,2026-02-12,2026-02-13,87598.4251968504,001001000000,1,,,,,,,50.8,4450000.0,,3.0,0.0
2026-01-04,89:01:030301:2482,Помещение,2016.0,помещение: квартира,Из мелких бетонных блоков,3,,205.0,,3,Жилое,,,"Ямало-Ненецкий автономный округ, р-н Шурышкарский, с Горки, ул Октябрьская, д 20, корп 4, кв 23",,,Площадь,Купля-продажа,,,2026-02-10,2026-02-13,90604.02684563758,001001000000,1,,,,,,,29.8,2700000.0,,3.0,0.0
2026-01-04,89:10:010102:1091,Помещение,2015.0,Квартира,Кирпичные,6,,101.0,,7,Жилое,,,"Ямало-Ненецкий автономный округ, муниципальный округ Надымский район, город Надым, район Лесной, дом 12а, квартира 17",,,Площадь,Купля-продажа,,,2026-02-12,2026-02-13,80357.14285714286,001001000000,1,,,,,,,44.8,3600000.0,,3.0,0.0
2026-01-04,89:13:010106:1658,Помещение,2015.0,Квартира,Из мелких бетонных блоков,3,,205.0,,3,Жилое,,,"Ямало-Ненецкий автономный округ, городской округ город Муравленко, город Муравленко, улица Энтузиастов, дом 1, квартира 51",,,Площадь,Купля-продажа,,,2026-02-11,2026-02-13,118181.81818181818,001001000000,1,,,,,,,33.0,3900000.0,,3.0,0.0
2026-01-04,89:11:020201:1366,Помещение,2007.0,двухкомнатная квартира,Крупнопанельные,2,,101.0,,9,Жилое,,,"Ямало-Ненецкий автономный округ, г Новый Уренгой, мкр Оптимистов, д 3, корп 1, кв 26",,,Площадь,Купля-продажа,,,2026-02-05,2026-02-16,64935.06493506494,001001000000,1,,,,,,,69.3,4500000.0,,3.0,0.0
2026-01-04,89:14:010109:1840,Помещение,2015.0,квартира,Смешанные,5,,101.0,,5,Жилое,,,"Ямало-Ненецкий автономный округ, г Губкинский, мкр 9-й, д 32, кв 29",,,Площадь,Купля-продажа,,,2026-02-13,2026-02-16,114285.71428571429,001001000000,1,,,,,,,43.4,4960000.0,,3.0,0.0
2026-01-04,89:10:010207:930,Помещение,1987.0,Помещение: двухкомнатная квартира,Крупнопанельные,2,,101.0,,9,Жилое,,,"Ямало-Ненецкий автономный округ, муниципальный округ Надымский район, город Надым, улица Рыжкова, дом 8, квартира 70",,,Площадь,Купля-продажа,,,2026-02-13,2026-02-16,78324.22586520948,001001000000,1,,,,,,,54.9,4300000.0,,3.0,0.0
2026-01-04,89:11:050203:422,Помещение,2015.0,гараж,,1,,303.0,,,Нежилое,,,"Ямало-Ненецкий автономный округ, г Новый Уренгой, Северная Коммунальная Зона, Гаражно-строительный кооператив ""Вольво"", гараж №187",,,Площадь,Купля-продажа,,,2026-02-13,2026-02-16,75757.57575757576,001001000000,1,,,,,,,23.1,1750000.0,,3.0,0.0
2026-01-04,89:12:110709:1370,Помещение,1991.0,Квартира,Крупнопанельные,4,,101.0,,5,Жилое,,,"Ямало-Ненецкий автономный округ, городской округ город Ноябрьск, город Ноябрьск, улица Цоя, дом 9б, квартира 72",,,Площадь,Купля-продажа,,,2026-02-12,2026-02-16,124756.33528265108,001001000000,1,,,,,,,51.3,6400000.0,,3.0,0.0
2026-01-04,89:11:020201:757,Помещение,2007.0,,Крупнопанельные,6,,101.0,,8,Жилое,,,"Ямало-Ненецкий автономный округ, г Новый Уренгой, мкр Оптимистов, д 2, корп 2, кв 82",,,Площадь,Купля-продажа,,,2026-02-13,2026-02-16,149224.80620155038,001001000000,1,,,,,,,51.6,7700000.0,,3.0,0.0
2026-01-04,89:12:110610:965,Помещение,1987.0,Однокомнатная квартира,Смешанные,2,,101.0,,9,Жилое,,,"Ямало-Ненецкий автономный округ, г Ноябрьск, пр. Мира, д 61, кв 204",,,Площадь,Купля-продажа,,,2026-02-13,2026-02-16,142622.95081967214,001001000000,1,,,,,,,30.5,4350000.0,,3.0,0.0
2026-01-04,89:12:110603:2948,Помещение,2025.0,Квартира,Кирпичные,3,,101.0,,6,Жилое,,,"Ямало-Ненецкий автономный округ, городской округ город Ноябрьск, город Ноябрьск, улица Советская, дом 28, квартира 29",,,Площадь,Купля-продажа,,,2026-02-09,2026-02-16,184396.28482972138,001001000000,1,,,,,,,32.3,5956000.0,,3.0,0.0
2026-01-04,89:11:050103:1628,Помещение,1900.0,трёхкомнатная квартира,Крупнопанельные,9,,101.0,,11,Жилое,,,"Ямало-Ненецкий автономный округ, городской округ город Новый Уренгой, город Новый Уренгой, микрорайон Мирный, дом 2 корпус 2, квартира 113",,,Площадь,Купля-продажа,,,2026-02-13,2026-02-16,118287.37300435413,001002000000,1,,,,,,,68.9,8150000.0,,3.0,0.0
2026-01-04,89:14:010129:695,Помещение,2014.0,квартира,Смешанные,2,,205.0,,3,Жилое,,,"Ямало-Ненецкий автономный округ, г Губкинский, мкр 13-й, д 5, кв 32",,,Площадь,Купля-продажа,,,2026-02-09,2026-02-16,142450.14245014245,001001000000,1,,,,,,,35.1,5000000.0,,3.0,0.0
2026-01-04,89:11:050101:2366,Помещение,2017.0,Квартира,Из мелких бетонных блоков,2,,101.0,,14,Жилое,,,"Ямало-Ненецкий автономный округ, г Новый Уренгой, мкр Дружба, д 4, корп 3, кв 22",,,Площадь,Купля-продажа,,,2026-02-14,2026-02-16,216738.19742489269,001001000000,1,,,,,,,23.3,5050000.0,,3.0,0.0
2026-01-04,89:11:050102:1677,Помещение,1992.0,однокомнатная квартира,Крупнопанельные,6,,101.0,,9,Жилое,,,"Ямало-Ненецкий автономный округ, городской округ город Новый Уренгой, город Новый Уренгой, микрорайон Восточный, дом 6 корпус 4, квартира 72",,,Площадь,Купля-продажа,,,2026-02-10,2026-02-16,176151.76151761517,001001000000,1,,,,,,,36.9,6500000.0,,3.0,0.0
2026-01-04,89:11:020302:204,Помещение,1983.0,,Железобетонные,5,,101.0,,5,Жилое,,,"Ямало-Ненецкий автономный округ, г Новый Уренгой, ул Юбилейная, д 1, кв 47",,,Площадь,Купля-продажа,,,2026-02-06,2026-02-16,140151.51515151514,001001000000,1,,,,,,,39.6,5550000.0,,3.0,0.0
2026-01-04,89:04:020101:6068,Помещение,1987.0,Однокомнатная квартира,Смешанные,5,,101.0,,5,Жилое,,,"Ямало-Ненецкий автономный округ, р-н Надымский, пгт Пангоды, ул Ленина, д 10, кв 59",,,Площадь,Купля-продажа,,,2026-02-11,2026-02-16,40100.25062656642,001001000000,1,,,,,,,39.9,1600000.0,,3.0,0.0
2026-01-04,89:11:020101:2877,Помещение,2018.0,,Смешанные,3,,101.0,,10,Жилое,,,"Ямало-Ненецкий автономный округ, г Новый Уренгой, пр-кт Губкина, д 19, кв 58",,,Площадь,Купля-продажа,,,2026-02-13,2026-02-16,197368.42105263157,001001000000,1,,,,,,,26.6,5250000.0,,3.0,0.0
2026-01-04,89:05:020301:9773,Помещение,2016.0,,Смешанные,1,,205.0,,3,Жилое,,,"Ямало-Ненецкий автономный округ, р-н Пуровский, пгт Уренгой, мкр Центральный, д 2, кв 27",,,Площадь,Купля-продажа,,,2026-02-13,2026-02-16,106463.87832699619,001002000000,1,,,,,,,78.9,8400000.0,,3.0,0.0
2026-01-04,89:11:020301:932,Помещение,1981.0,однокомнатная квартира,Крупнопанельные,5,,101.0,,9,Жилое,,,"Ямало-Ненецкий автономный округ, городской округ город Новый Уренгой, город Новый Уренгой, улица Геологоразведчиков, дом 4, квартира 54",,,Площадь,Купля-продажа,,,2026-02-09,2026-02-16,172413.7931034483,001001000000,1,,,,,,,31.9,5500000.0,,3.0,0.0
2026-01-04,89:11:020202:1565,Помещение,2012.0,квартира,Смешанные,7,,101.0,,11,Жилое,,,"Ямало-Ненецкий автономный округ, г Новый Уренгой, мкр Энтузиастов, д 1, кв 221",,,Площадь,Купля-продажа,,,2026-02-11,2026-02-16,166666.6666666667,001001000000,1,,,,,,,34.8,5800000.0,,3.0,0.0
2026-01-04,89:11:050105:2146,Помещение,2015.0,Помещение,Кирпичные,Цокольный,,107.0,,11,Нежилое,,,"Ямало-Ненецкий автономный округ, г Новый Уренгой, р-н Северный, мкр Юбилейный, д 2, корп 2А, пом 1-5,7,8 на поэтажном плане",,,Площадь,Купля-продажа,,,2026-02-13,2026-02-17,182291.66666666666,001001000000,1,,,,,,,57.6,10500000.0,,3.0,0.0
2026-01-04,89:11:050105:2101,Помещение,2015.0,Помещение,Кирпичные,Цокольный,,107.0,,11,Нежилое,,,"Ямало-Ненецкий автономный округ, г Новый Уренгой, район Северный, микрорайон Юбилейный, дом 2, корпус 2А, помещение с №№6,9,10,11 на поэтажном плане.",,,Площадь,Купля-продажа,,,2026-02-13,2026-02-17,186500.88809946715,001001000000,1,,,,,,,56.3,10500000.0,,3.0,0.0
2026-01-04,89:08:020201:2928,Помещение,2024.0,,Бетонные,5,,101.0,,6-8,Жилое,,,"Ямало-Ненецкий автономный округ, городской округ город Салехард, город Салехард, микрорайон Обдорский, дом 1 корпус 3, квартира 219",,,Площадь,Купля-продажа,,,2026-02-16,2026-02-17,177100.59171597633,001001000000,1,,,,,,,33.8,5986000.0,,3.0,0.0
2026-01-04,89:09:000000:1300,Помещение,2015.0,часть здания: гараж в капитальном исполнении,,1,,303.0,,,Нежилое,,,"Ямало-Ненецкий автономный округ, г Лабытнанги, мкр 2, гаражная площадка №17, блок М, (бокс №1а)",,,Площадь,Купля-продажа,,,2026-02-14,2026-02-17,17052.98013245033,001001000000,1,,,,,,,30.2,515000.0,,3.0,0.0
2026-01-04,89:11:020303:362,Помещение,1983.0,Квартира,Из мелких бетонных блоков,8,,101.0,,9,Жилое,,,"Ямало-Ненецкий автономный округ, городской округ город Новый Уренгой, город Новый Уренгой, проспект Ленинградский, дом 14А, квартира 31",,,Площадь,Купля-продажа,,,2026-02-12,2026-02-17,180094.78672985782,001001000000,1,,,,,,,42.2,7600000.0,,3.0,0.0
2026-01-04,89:11:070101:1771,Помещение,1991.0,Квартира,Смешанные,3,,101.0,,6,Жилое,,,"Ямало-Ненецкий автономный округ, городской округ город Новый Уренгой, город Новый Уренгой, микрорайон Приозёрный, дом 11/1, квартира 50",,,Площадь,Купля-продажа,,,2026-02-16,2026-02-17,95266.27218934913,001001000000,1,,,,,,,33.8,3220000.0,,3.0,0.0
2026-01-04,89:11:050102:4250,Помещение,1990.0,квартира,Крупнопанельные,2,,101.0,,5,Жилое,,,"Ямало-Ненецкий автономный округ, городской округ город Новый Уренгой, город Новый Уренгой, микрорайон Восточный, дом 1 корпус 1, квартира 47",,,Площадь,Купля-продажа,,,2026-02-16,2026-02-17,171480.14440433212,001001000000,1,,,,,,,55.4,9500000.0,,3.0,0.0
2026-01-04,89:05:020301:9011,Помещение,2015.0,Гараж в капитальном исполнении,,1,,303.0,,,Нежилое,,,"Ямало-Ненецкий автономный округ, Пуровский район, пгт Уренгой, мкр-н Таёжный, район производственной базы ТУСМ-4, бокс №25, ряд 2",,,Площадь,Купля-продажа,,,2026-02-13,2026-02-17,5899.705014749263,001001000000,1,,,,,,,33.9,200000.0,,3.0,0.0
2026-01-04,89:13:010103:1161,Помещение,2015.0,Помещение: однокомнатная квартира,Из прочих материалов,2,,101.0,,5,Жилое,,,"Ямало-Ненецкий автономный округ, г Муравленко, ул Губкина, д 25, кв 49",,,Площадь,Купля-продажа,,,2026-02-13,2026-02-17,131268.4365781711,001001000000,1,,,,,,,33.9,4450000.0,,3.0,0.0
2026-01-04,89:12:110705:2990,Помещение,1982.0,Квартира,Из прочих материалов,1,,101.0,,5,Жилое,,,"Ямало-Ненецкий автономный округ, г Ноябрьск, ул Ленина, д 40, кв 48",,,Площадь,Купля-продажа,,,2026-02-16,2026-02-17,157894.73684210525,001001000000,1,,,,,,,38.0,6000000.0,,3.0,0.0
2026-01-04,89:14:010109:1642,Помещение,1995.0,однокомнатная квартира,Из легкобетонных панелей,5,,101.0,,9,Жилое,,,"Ямало-Ненецкий автономный округ, городской округ город Губкинский, город Губкинский, микрорайон № 9, дом 9, квартира 23",,,Площадь,Купля-продажа,,,2026-02-13,2026-02-17,115485.56430446194,001001000000,1,,,,,,,38.1,4400000.0,,3.0,0.0
2026-01-04,89:10:010107:1342,Помещение,1974.0,Однокомнатная квартира,Крупнопанельные,2,,101.0,,5,Жилое,,,"Ямало-Ненецкий автономный округ, г Надым, ул Полярная, д 14, кв 47",,,Площадь,Купля-продажа,,,2026-02-16,2026-02-17,86805.55555555555,001001000000,1,,,,,,,28.8,2500000.0,,3.0,0.0
2026-01-04,89:11:020304:2052,Помещение,1984.0,двухкомнатная квартира,Из прочих материалов,8,,101.0,,10,Жилое,,,"Ямало-Ненецкий автономный округ, г Новый Уренгой, пр-кт Ленинградский, д 8, кв 173",,,Площадь,Купля-продажа,,,2026-02-16,2026-02-17,152073.73271889403,001001000000,1,,,,,,,43.4,6600000.0,,3.0,0.0
2026-01-04,89:14:010109:757,Помещение,2000.0,Квартира,Из легкобетонных панелей,7,,101.0,,9,Жилое,,,"Ямало-Ненецкий автономный округ, г Губкинский, мкр 9-й, д 12, кв 80",,,Площадь,Купля-продажа,,,2026-02-17,2026-02-18,118613.1386861314,001001000000,1,,,,,,,54.8,6500000.0,,3.0,0.0
2026-01-04,89:10:010208:1857,Помещение,1980.0,Комната,Из прочих материалов,9,,507.0,,10,Жилое,,,"Ямало-Ненецкий автономный округ, г Надым, ул Зверева, д 3/1, к 170",,,Площадь,Купля-продажа,,,2026-02-17,2026-02-18,65891.47286821705,001001000000,1,,,,,,,12.9,850000.0,,3.0,0.0
2026-01-04,89:12:110705:2371,Помещение,1983.0,,Железобетонные,3,,101.0,,5,Жилое,,,"Ямало-Ненецкий автономный округ, г Ноябрьск, пр-кт Мира, д 52, кв 39",,,Площадь,Купля-продажа,,,2026-02-17,2026-02-18,95030.80495356038,001002000000,1,,,,,,,64.6,6138990.0,,3.0,0.0
2026-01-04,89:11:020306:688,Помещение,1983.0,квартира в многоквартирном доме,Крупнопанельные,5,,101.0,,9,Жилое,,,"Ямало-Ненецкий автономный округ, городской округ город Новый Уренгой, город Новый Уренгой, улица Геологоразведчиков, дом 2Б, квартира 508",,,Площадь,Купля-продажа,,,2026-02-17,2026-02-18,133333.33333333334,001001000000,1,,,,,,,30.0,4000000.0,,3.0,0.0
2026-01-04,89:11:020202:1650,Помещение,2012.0,квартира,Смешанные,4,,101.0,,11,Жилое,,,"Ямало-Ненецкий автономный округ, г Новый Уренгой, мкр Энтузиастов, д 1, кв 177",,,Площадь,Купля-продажа,,,2026-02-17,2026-02-18,175287.3563218391,001001000000,1,,,,,,,34.8,6100000.0,,3.0,0.0
2026-01-04,89:10:010208:1732,Помещение,1991.0,Квартира,Крупнопанельные,8,,101.0,,10,Жилое,,,"Ямало-Ненецкий автономный округ, муниципальный округ Надымский район, город Надым, улица Заводская, дом 5а, квартира 70",,,Площадь,Купля-продажа,,,2026-02-17,2026-02-18,54945.054945054944,001001000000,1,,,,,,,54.6,3000000.0,,3.0,0.0
2026-01-04,89:12:110703:1785,Помещение,1991.0,двухкомнатная квартира,Крупнопанельные,2,,101.0,,10,Жилое,,,"Ямало-Ненецкий автономный округ, городской округ город Ноябрьск, город Ноябрьск, улица Советская, дом 90а, квартира 212",,,Площадь,Купля-продажа,,,2026-02-13,2026-02-18,120177.38359201774,001002000000,1,,,,,,,45.1,5420000.0,,3.0,0.0
2026-01-04,89:10:010201:1803,Помещение,1978.0,Двухкомнатная квартира,Крупнопанельные,5,,101.0,,5,Жилое,,,"Ямало-Ненецкий автономный округ, г Надым, ул Зверева, д 21, кв 82",,,Площадь,Купля-продажа,,,2026-02-17,2026-02-18,54817.275747508305,001001000000,1,,,,,,,60.2,3300000.0,,3.0,0.0
2026-01-04,89:04:020101:6488,Помещение,1996.0,Квартира,Смешанные,1,,101.0,,5,Жилое,,,"Ямало-Ненецкий автономный округ, р-н Надымский, пгт Пангоды, ул Ленина, д 12, кв 31",,,Площадь,Купля-продажа,,,2026-02-13,2026-02-18,69444.44444444444,001001000000,1,,,,,,,57.6,4000000.0,,3.0,0.0
2026-01-04,89:11:020103:4130,Помещение,2023.0,,Из мелких бетонных блоков,2,,101.0,,8,Жилое,,,"Ямало-Ненецкий автономный округ, городской округ город Новый Уренгой, город Новый Уренгой, микрорайон Строителей, дом 4, квартира 9",,,Площадь,Купля-продажа,,,2026-02-17,2026-02-18,137432.18806509947,001001000000,1,,,,,,,55.3,7600000.0,,3.0,0.0
2026-01-04,89:11:080201:12636,Помещение,2015.0,,Иное,4,,101.0,,5,Жилое,,,"Ямало-Ненецкий автономный округ, городской округ город Новый Уренгой, город Новый Уренгой, улица Нефтяников, дом 13, квартира 33",,,Площадь,Купля-продажа,,,2026-02-18,2026-02-19,103064.06685236769,001001000000,1,,,,,,,35.9,3700000.0,,3.0,0.0
2026-01-04,89:11:020206:2692,Помещение,2024.0,,Бетонные,5,,101.0,,8,Жилое,,,"Ямало-Ненецкий автономный округ, городской округ город Новый Уренгой, город Новый Уренгой, улица Южная, дом 54А, квартира 61",,,Площадь,Купля-продажа,,,2026-02-05,2026-02-19,173053.61305361305,001001000000,1,,,,,,,42.9,7424000.0,,3.0,0.0
2026-01-04,89:11:020201:2113,Помещение,2009.0,квартира в многоквартирном доме,Монолитные; Железобетонные,7,,101.0,,8,Жилое,,,"Ямало-Ненецкий автономный округ, г Новый Уренгой, мкр Оптимистов, д 4, корп 3, кв 82",,,Площадь,Купля-продажа,,,2026-01-14,2026-02-19,162790.6976744186,001001000000,1,,,,,,,43.0,7000000.0,,3.0,0.0
2026-01-04,89:11:050101:2387,Помещение,2017.0,Квартира,Из мелких бетонных блоков,4,,101.0,,14,Жилое,,,"Ямало-Ненецкий автономный округ, г Новый Уренгой, мкр Дружба, д 4, корп 3, кв 42",,,Площадь,Купля-продажа,,,2026-02-18,2026-02-19,19820.971867007673,001001000000,1,,,,,,,39.1,775000.0,,3.0,0.0
2026-01-04,89:14:010114:435,Помещение,2006.0,помещение: однокомнатная квартира,Крупнопанельные,4,,205.0,,4,Жилое,,,"Ямало-Ненецкий автономный округ, г Губкинский, мкр 14-й, д 5, кв 15",,,Площадь,Купля-продажа,,,2026-02-18,2026-02-19,100478.46889952154,001001000000,1,,,,,,,41.8,4200000.0,,3.0,0.0
2026-01-04,89:08:010104:524,Помещение,2001.0,четырёхкомнатная квартира,Из прочих материалов,3,,101.0,,5,Жилое,,,"Ямало-Ненецкий автономный округ, г Салехард, ул Манчинского, д 18, кв 29",,,Площадь,Купля-продажа,,,2026-02-18,2026-02-19,138401.55945419104,001001000000,1,,,,,,,102.6,14200000.0,,3.0,0.0
2026-01-04,89:04:020106:320,Помещение,1999.0,Двухкомнатная квартира,Смешанные,1,,101.0,,5,Жилое,,,"Ямало-Ненецкий автономный округ, р-н Надымский, пос Пангоды, ул Энергетиков, д 39, кв 16",,,Площадь,Купля-продажа,,,2026-02-18,2026-02-19,63888.88888888889,001002000000,1,,,,,,,54.0,3450000.0,,3.0,0.0
2026-01-04,89:09:110303:217,Помещение,2015.0,Помещение: двухкомнатная квартира,Кирпичные,2,,101.0,,5,Жилое,,,"Ямало-Ненецкий автономный округ, р-н Приуральский, п Харп, ул Гагарина, д 9, кв.13",,,Площадь,Купля-продажа,,,2026-02-18,2026-02-19,94086.02150537635,001001000000,1,,,,,,,55.8,5250000.0,,3.0,0.0
2026-01-04,89:10:010206:2023,Помещение,1988.0,Помещение: трёхкомнатная квартира,Крупнопанельные,1,,101.0,,9,Жилое,,,"Ямало-Ненецкий автономный округ, муниципальный округ Надымский район, город Надым, улица Зверева, дом 38, квартира 1",,,Площадь,Купля-продажа,,,2026-02-13,2026-02-19,67598.4752223634,001001000000,1,,,,,,,78.7,5320000.0,,3.0,0.0
2026-01-04,89:11:070101:2532,Помещение,1989.0,однокомнатная квартира,Крупнопанельные,3,,101.0,,6,Жилое,,,"Ямало-Ненецкий автономный округ, городской округ город Новый Уренгой, город Новый Уренгой, микрорайон Приозёрный, дом 12, квартира 8",,,Площадь,Купля-продажа,,,2026-02-18,2026-02-19,119596.5417867435,001001000000,1,,,,,,,34.7,4150000.0,,3.0,0.0
2026-01-04,89:11:020303:479,Помещение,1983.0,однокомнатная квартира,Железобетонные,4,,101.0,,9,Жилое,,,"Ямало-Ненецкий автономный округ, городской округ город Новый Уренгой, город Новый Уренгой, проспект Ленинградский, дом 14, квартира 85",,,Площадь,Купля-продажа,,,2026-02-20,2026-02-20,164516.12903225806,001001000000,1,,,,,,,31.0,5100000.0,,3.0,0.0
2026-01-04,89:12:110703:1706,Помещение,1991.0,двухкомнатная квартира,Крупнопанельные,2,,101.0,,5,Жилое,,,"Ямало-Ненецкий автономный округ, г Ноябрьск, ул Высоцкого, д 7, кв 19",,,Площадь,Купля-продажа,,,2026-02-19,2026-02-20,146108.94941634242,001001000000,1,,,,,,,51.4,7510000.0,,3.0,0.0
2026-01-04,89:10:010107:817,Помещение,1900.0,Однокомнатная квартира,Крупнопанельные,1,,101.0,,5,Жилое,,,"Ямало-Ненецкий автономный округ, г Надым, ул Комсомольская, д 1, кв 47",,,Площадь,Купля-продажа,,,2026-02-18,2026-02-20,86879.43262411348,001001000000,1,,,,,,,28.2,2450000.0,,3.0,0.0
2026-01-04,89:08:020201:2894,Помещение,2024.0,,Бетонные,4,,101.0,,6-8,Жилое,,,"Ямало-Ненецкий автономный округ, городской округ город Салехард, город Салехард, микрорайон Обдорский, дом 1 корпус 3, квартира 214",,,Площадь,Купля-продажа,,,2026-02-19,2026-02-20,207756.2326869806,001001000000,1,,,,,,,36.1,7500000.0,,3.0,0.0
2026-01-04,89:10:010208:2404,Помещение,1990.0,трёхкомнатная квартира,Крупнопанельные,9,,101.0,,10,Жилое,,,"Ямало-Ненецкий автономный округ, г Надым, ул Зверева, д 50, кв 296",,,Площадь,Купля-продажа,,,2026-02-13,2026-02-20,75221.2389380531,001002000000,1,,,,,,,67.8,5100000.0,,3.0,0.0
2026-01-04,89:05:020114:245,Помещение,1900.0,Двухкомнатная квартира,Сборно-щитовые,2,,205.0,,2,Жилое,,,"Ямало-Ненецкий автономный округ, р-н Пуровский, г Тарко-Сале, ул Победы, д 21, кв 16",,,Площадь,Купля-продажа,,,2026-01-20,2026-02-20,83175.8034026465,001001000000,1,,,,,,,52.9,4400000.0,,3.0,0.0
2026-01-04,89:12:110606:1128,Помещение,1982.0,однокомнатная квартира,Деревянные,1,,205.0,,2,Жилое,,,"Ямало-Ненецкий автономный округ, г Ноябрьск, ул Советская, д 53а, кв 1",,,Площадь,Купля-продажа,,,2026-02-24,2026-02-24,124999.99999999999,001001000000,1,,,,,,,34.2,4275000.0,,3.0,0.0
2026-01-04,89:12:110709:3536,Помещение,2008.0,Квартира в многоквартирном доме,Крупнопанельные,7,,507.0,,11,Жилое,,,"Ямало-Ненецкий автономный округ, г Ноябрьск, ул Высоцкого, д 38а, кв 79",,,Площадь,Купля-продажа,,,2026-02-20,2026-02-24,164473.68421052632,001001000000,1,,,,,,,45.6,7500000.0,,3.0,0.0
2026-01-04,89:12:110616:7179,Помещение,2025.0,,Иное,4,,101.0,,5,Жилое,,,"Ямало-Ненецкий автономный округ, городской округ город Ноябрьск, город Ноябрьск, улица Изыскателей, дом 16, квартира 54",,,Площадь,Купля-продажа,,,2026-02-19,2026-02-24,137465.8573596358,001002000000,1,,,,,,,65.9,9059000.0,,3.0,0.0
2026-01-04,89:12:110610:1313,Помещение,1981.0,Комната,Кирпичные,1,,205.0,,2,Жилое,,,"Ямало-Ненецкий автономный округ, г Ноябрьск, ул Ленина, д 16/9, к.12",,,Площадь,Купля-продажа,,,2026-02-16,2026-02-24,51510.43979057591,001001000000,1,,,,,,,19.1,983849.4,,3.0,0.0
2026-01-04,89:12:110606:2800,Помещение,2025.0,,Смешанные,4,,205.0,,5,Жилое,,,"Ямало-Ненецкий автономный округ, городской округ город Ноябрьск, город Ноябрьск, улица Республики, дом 60 корпус 3, квартира 22",,,Площадь,Купля-продажа,,,2026-02-16,2026-02-24,150628.57142857142,001001000000,1,,,,,,,35.0,5272000.0,,3.0,0.0
2026-01-04,89:11:080201:5606,Помещение,2015.0,Гараж 43,,1,,303.0,,,Нежилое,,,"Ямало-Ненецкий автономный округ, г Новый Уренгой, пр-кт Мира, Гаражно-строительный кооператив ""Надежда"", гараж №43",,,Площадь,Купля-продажа,,,2026-02-21,2026-02-24,30737.70491803279,001001000000,1,,,,,,,24.4,750000.0,,3.0,0.0
2026-01-04,89:10:010203:1328,Помещение,2016.0,гараж №48,Железобетонные,1; -1,,303.0,,1,Нежилое,,,"Ямало-Ненецкий автономный округ, г Надым, ул Геологоразведчиков, ГСК ""Металлист"", гараж №48",,,Площадь,Купля-продажа,,,2026-02-18,2026-02-24,16666.666666666668,001001000000,1,,,,,,,60.0,1000000.0,,3.0,0.0
2026-01-04,89:12:110601:3337,Помещение,1984.0,Квартира в многоквартирном доме,Деревянные,2,,205.0,,2,Жилое,,,"Ямало-Ненецкий автономный округ, г Ноябрьск, ул Энтузиастов, д 22В, кв 15",,,Площадь,Купля-продажа,,,2025-12-17,2026-02-24,118775.0,001001000000,1,,,,,,,53.4,6342585.0,,3.0,0.0
2026-01-04,89:12:110616:7180,Помещение,2025.0,,Иное,4,,101.0,,5,Жилое,,,"Ямало-Ненецкий автономный округ, городской округ город Ноябрьск, город Ноябрьск, улица Изыскателей, дом 16, квартира 55",,,Площадь,Купля-продажа,,,2026-02-17,2026-02-24,149180.790960452,001001000000,1,,,,,,,35.4,5281000.0,,3.0,0.0
2026-01-04,89:12:110505:335,Помещение,1980.0,Помещение: однокомнатная квартира,Из прочих материалов,1,,205.0,,1,Жилое,,,"Ямало-Ненецкий автономный округ, г Ноябрьск, пос.УТАДС, д 39а, кв 2",,,Площадь,Купля-продажа,,,2026-02-17,2026-02-24,13379.869803921569,001001000000,1,,,,,,,25.5,341186.68,,3.0,0.0
2026-01-04,89:11:050104:3858,Помещение,2015.0,однокомнатная квартира,Бетонные,1,,101.0,,10,Жилое,,,"Ямало-Ненецкий автономный округ, г Новый Уренгой, мкр Советский, д 2, корп 1, кв 138",,,Площадь,Купля-продажа,,,2026-02-20,2026-02-24,161725.06738544474,001002000000,1,,,,,,,37.1,6000000.0,,3.0,0.0
2026-01-04,89:04:020201:1287,Помещение,1993.0,Квартира,Смешанные,3,,205.0,,3,Жилое,,,"Ямало-Ненецкий автономный округ, р-н Надымский, п Лонгъюган, д 23, кв 5",,,Площадь,Купля-продажа,,,2010-04-13,2026-02-24,4451.038575667655,001001000000,1,,,,,,,67.4,300000.0,,3.0,0.0
2026-01-04,89:12:110505:336,Помещение,1980.0,однокомнатная квартира,Из прочих материалов,1,,205.0,,1,Жилое,,,"Ямало-Ненецкий автономный округ, городской округ город Ноябрьск, город Ноябрьск, микрорайон П, дом 39а, квартира 5",,,Площадь,Купля-продажа,,,2026-02-19,2026-02-24,13379.870204081633,001001000000,1,,,,,,,24.5,327806.82,,3.0,0.0
2026-01-04,89:12:110606:2835,Помещение,2025.0,,Смешанные,4,,205.0,,5,Жилое,,,"Ямало-Ненецкий автономный округ, городской округ город Ноябрьск, город Ноябрьск, улица Республики, дом 60 корпус 3, квартира 54",,,Площадь,Купля-продажа,,,2026-02-19,2026-02-24,147726.02739726027,001001000000,1,,,,,,,36.5,5392000.0,,3.0,0.0
2026-01-04,89:04:020108:373,Помещение,2015.0,Гараж,,1,,303.0,,,Нежилое,,,"Ямало-Ненецкий автономный округ, р-н Надымский, пос Пангоды, ул Мира, КСЭИГ Автомобилист-93, гараж №250",,,Площадь,Купля-продажа,,,2026-02-21,2026-02-24,13596.491228070176,001001000000,1,,,,,,,22.8,310000.0,,3.0,0.0
2026-01-04,89:10:010209:761,Помещение,2019.0,,Железобетонные,9,,101.0,,11,Жилое,,,"Ямало-Ненецкий автономный округ, г Надым, микрорайон Олимпийский, д 6, кв 53",,,Площадь,Купля-продажа,,,2026-02-16,2026-02-24,66918.26612903226,001002000000,1,,,,,,,74.4,4978719.0,,3.0,0.0
2026-01-04,89:13:010103:1075,Помещение,1987.0,двухкомнатная квартира,Из легкобетонных панелей,2,,101.0,,5,Жилое,,,"Ямало-Ненецкий автономный округ, г Муравленко, ул Ленина, д 70, кв 5",,,Площадь,Купля-продажа,,,2026-02-19,2026-02-24,104081.63265306123,001001000000,1,,,,,,,49.0,5100000.0,,3.0,0.0
2026-01-04,89:12:160102:117,Помещение,1987.0,двухкомнатная квартира,Сборно-щитовые,,,205.0,,2,Жилое,,,"Ямало-Ненецкий автономный округ, г Ноябрьск, мкр Вынгапуровский, ул Ленина, д 12, кв 16",,,Площадь,Купля-продажа,,,2026-02-19,2026-02-24,124929.85971943889,001001000000,1,,,,,,,49.9,6234000.0,,3.0,0.0
2026-01-04,89:05:030201:1856,Помещение,2009.0,Квартира,Смешанные,2,,205.0,,4,Жилое,,,"Ямало-Ненецкий автономный округ, р-н Пуровский, п Ханымей, кв-л Комсомольский, д 8, кв 17",,,Площадь,Купля-продажа,,,2026-02-21,2026-02-24,75928.91760904685,001002000000,1,,,,,,,61.9,4700000.0,,3.0,0.0
2026-01-04,89:11:020202:1906,Помещение,1987.0,помещение: однокомнатная квартира,Железобетонные,3,,101.0,,7,Жилое,,,"Ямало-Ненецкий автономный округ, г Новый Уренгой, мкр Юбилейный, д 5, корп 3, кв 8",,,Площадь,Купля-продажа,,,2026-02-24,2026-02-24,183417.0854271357,001001000000,1,,,,,,,39.8,7300000.0,,3.0,0.0
2026-01-04,89:11:020101:5649,Помещение,2015.0,,Иное,3,,101.0,,11,Жилое,,,"Ямало-Ненецкий автономный округ, городской округ город Новый Уренгой, город Новый Уренгой, проспект Губкина, дом 11Б, квартира 91",,,Площадь,Купля-продажа,,,2026-02-18,2026-02-24,90579.71014492754,001001000000,1,,,,,,,55.2,5000000.0,,3.0,0.0
2026-01-04,89:10:010206:1244,Помещение,1981.0,Двухкомнатная квартира,Смешанные,2,,101.0,,5,Жилое,,,"Ямало-Ненецкий автономный округ, муниципальный округ Надымский район, город Надым, проспект Ленинградский, дом 5, квартира 19",,,Площадь,Купля-продажа,,,2026-02-20,2026-02-24,57142.85714285714,001001000000,1,,,,,,,56.7,3240000.0,,3.0,0.0
2026-01-04,89:12:110604:490,Помещение,2012.0,Квартира в многоквартирном доме,Из прочих материалов,2,,205.0,,4,Жилое,,,"Ямало-Ненецкий автономный округ, г Ноябрьск, ул Энтузиастов, д 26, кв 20",,,Площадь,Купля-продажа,,,2026-02-20,2026-02-24,144200.62695924766,001001000000,1,,,,,,,31.9,4600000.0,,3.0,0.0
2026-01-04,89:08:010205:305,Помещение,2001.0,Помещение: однокомнатная квартира,Кирпичные,3,,101.0,,6,Жилое,,,"Ямало-Ненецкий автономный округ, г Салехард, ул Республики, д 78, кв 41",,,Площадь,Купля-продажа,,,2026-02-20,2026-02-24,185882.35294117648,001001000000,1,,,,,,,42.5,7900000.0,,3.0,0.0
2026-01-04,89:06:010104:1664,Помещение,2015.0,квартира,Бетонные,2,,205.0,,3,Жилое,,,"Ямало-Ненецкий автономный округ, р-н Тазовский, п Тазовский, ул Пушкина, д 25, кв 17",,,Площадь,Купля-продажа,,,2026-02-20,2026-02-24,150753.7688442211,001001000000,1,,,,,,,39.8,6000000.0,,3.0,0.0
2026-01-04,89:06:010105:1556,Помещение,2015.0,,Из мелких бетонных блоков,1,,205.0,,4,Жилое,,,"Ямало-Ненецкий автономный округ, муниципальный округ Тазовский район, поселок Тазовский, улица Кирова, дом 7, кв 20",,,Площадь,Купля-продажа,,,2026-02-19,2026-02-24,176540.28436018957,001001000000,1,,,,,,,42.2,7450000.0,,3.0,0.0
2026-01-04,89:11:020301:2045,Помещение,1983.0,квартира в многоквартирном доме,Крупнопанельные,8,,101.0,,9,Жилое,,,"Ямало-Ненецкий автономный округ, городской округ город Новый Уренгой, город Новый Уренгой, улица Геологоразведчиков, дом 2Б, квартира 813",,,Площадь,Купля-продажа,,,2026-02-16,2026-02-24,165644.1717791411,001001000000,1,,,,,,,16.3,2700000.0,,3.0,0.0
2026-01-04,89:09:010108:270,Помещение,1990.0,двухкомнатная квартира на третьем этаже пятиэтажного жилого дома,Из прочих материалов,3,,101.0,,5,Жилое,,,"Ямало-Ненецкий автономный округ, г Лабытнанги, ул Леонида Гиршгорна, д 65, кв 22",,,Площадь,Купля-продажа,,,2026-02-20,2026-02-24,134168.15742397137,001001000000,1,,,,,,,55.9,7500000.0,,3.0,0.0
2026-01-04,89:04:020106:1068,Помещение,2015.0,,Бетонные,3,,101.0,,5,Жилое,,,"Ямало-Ненецкий автономный округ, муниципальный округ Надымский район, поселок городского типа Пангоды, улица Энергетиков, дом 4, квартира 53",,,Площадь,Купля-продажа,,,2026-02-20,2026-02-24,22654.462242562928,001001000000,1,,,,,,,43.7,990000.0,,3.0,0.0
2026-01-04,89:12:110705:271,Помещение,1982.0,двухкомнатная квартира,Крупнопанельные,4,,101.0,,5,Жилое,,,"Ямало-Ненецкий автономный округ, г Ноябрьск, ул Ленина, д 28, кв 26",,,Площадь,Купля-продажа,,,2026-02-17,2026-02-24,116700.20120724346,001002000000,1,,,,,,,49.7,5800000.0,,3.0,0.0
2026-01-04,89:12:110403:617,Помещение,2007.0,Квартира в многоквартирном доме,Смешанные,2,,205.0,,4,Жилое,,,"Ямало-Ненецкий автономный округ, городской округ город Ноябрьск, город Ноябрьск, улица Интернационалистов, дом 47, квартира 66",,,Площадь,Купля-продажа,,,2026-02-20,2026-02-24,139925.37313432834,001001000000,1,,,,,,,53.6,7500000.0,,3.0,0.0
2026-01-04,89:12:110704:2016,Помещение,2014.0,квартира,Смешанные,8,,101.0,,10,Жилое,,,"Ямало-Ненецкий автономный округ, г Ноябрьск, ул Магистральная, д 125, кв 398",,,Площадь,Купля-продажа,,,2015-12-24,2026-02-24,26470.58823529412,001002000000,1,,,,,,,68.0,1800000.0,,3.0,0.0
2026-01-04,89:10:010202:1364,Помещение,1990.0,Квартира,Кирпичные,2,,101.0,,5,Жилое,,,"Ямало-Ненецкий автономный округ, муниципальный округ Надымский район, город Надым, улица Строителей, дом 5/2, квартира 24",,,Площадь,Купля-продажа,,,2026-02-19,2026-02-24,79791.27134724858,001001000000,1,,,,,,,52.7,4205000.0,,3.0,0.0
2026-01-04,89:11:030204:202,Помещение,2015.0,Гараж,,1,,303.0,,,Нежилое,,,"Ямало-Ненецкий автономный округ, г Новый Уренгой, Восточная промзона, южнее улицы Промышленная, ПГК ""Потвор"", гараж №212",,,Площадь,Купля-продажа,,,2026-02-19,2026-02-24,20737.327188940093,001001000000,1,,,,,,,21.7,450000.0,,3.0,0.0
2026-01-04,89:10:010306:2253,Помещение,2018.0,гараж №7,Железобетонные,1; -1,,303.0,,1,Нежилое,,,"Ямало-Ненецкий автономный округ, г Надым, территория КСиЭГ для личного автотранспорта ""Протон"", строен 8, гараж №7",,,Площадь,Купля-продажа,,,2026-02-18,2026-02-24,17647.058823529413,001001000000,1,,,,,,,51.0,900000.0,,3.0,0.0
2026-01-04,89:12:110709:364,Помещение,1993.0,Помещение: двухкомнатная квартира,Крупнопанельные,5,,101.0,,5,Жилое,,,"Ямало-Ненецкий автономный округ, г Ноябрьск, ул Высоцкого, д 34, кв 60",,,Площадь,Купля-продажа,,,2026-02-19,2026-02-24,118446.60194174758,001001000000,1,,,,,,,51.5,6100000.0,,3.0,0.0
2026-01-04,89:09:020103:306,Помещение,1987.0,двухкомнатная квартира,Бетонные,2,,205.0,,2,Жилое,,,"Ямало-Ненецкий автономный округ, г Лабытнанги, пер Первомайский, д 32, кв 22",,,Площадь,Купля-продажа,,,2026-02-20,2026-02-24,78028.74743326489,001001000000,1,,,,,,,48.7,3800000.0,,3.0,0.0
2026-01-04,89:12:110710:791,Помещение,1990.0,Квартира в многоквартирном доме,Из легкобетонных панелей,5,,101.0,,9,Жилое,,,"Ямало-Ненецкий автономный округ, г Ноябрьск, пр-кт Мира, д 80, кв 52",,,Площадь,Купля-продажа,,,2026-02-19,2026-02-24,126106.19469026547,001002000000,1,,,,,,,45.2,5700000.0,,3.0,0.0
2026-01-04,89:10:010207:591,Помещение,1990.0,Трёхкомнатная квартира,Крупнопанельные,3,,101.0,,10,Жилое,,,"Ямало-Ненецкий автономный округ, г Надым, ул Зверева, д 50, кв 229",,,Площадь,Купля-продажа,,,2026-02-16,2026-02-24,58737.15124816447,001002000000,1,,,,,,,68.1,4000000.0,,3.0,0.0
2026-01-04,89:09:010108:98,Помещение,1991.0,двухкомнатная квартира,Деревянные,1,,205.0,,2,Жилое,,,"Ямало-Ненецкий автономный округ, г Лабытнанги, ул Леонида Гиршгорна, д 77, кв 1",,,Площадь,Купля-продажа,,,2026-02-20,2026-02-24,104761.90476190476,001001000000,1,,,,,,,31.5,3300000.0,,3.0,0.0
2026-01-04,89:10:010208:5521,Помещение,2015.0,Часть здания - гараж,,1,,303.0,,,Нежилое,,,"Ямало-Ненецкий автономный округ, г Надым, ул Зверева, 21а, гараж 14",,,Площадь,Купля-продажа,,,2026-02-17,2026-02-24,35353.53535353536,001001000000,1,,,,,,,29.7,1050000.0,,3.0,0.0
2026-01-04,89:04:020101:4439,Помещение,1994.0,Трёхкомнатная квартира,Кирпичные,2,,101.0,,5,Жилое,,,"Ямало-Ненецкий автономный округ, р-н Надымский, пгт Пангоды, ул Звездная, д 20, кв 27",,,Площадь,Купля-продажа,,,2026-02-16,2026-02-24,41055.718475073314,001001000000,1,,,,,,,68.2,2800000.0,,3.0,0.0
2026-01-04,89:10:010202:828,Помещение,1990.0,Квартира,Кирпичные,4,,101.0,,5,Жилое,,,"Ямало-Ненецкий автономный округ, г Надым, ул Строителей, д 5/2, кв 13",,,Площадь,Купля-продажа,,,2026-02-19,2026-02-24,59405.94059405941,001001000000,1,,,,,,,40.4,2400000.0,,3.0,0.0
2026-01-04,89:12:110601:8577,Помещение,2015.0,,Из мелких бетонных блоков,1,,205.0,,5,Жилое,,,"Ямало-Ненецкий автономный округ, городской округ город Ноябрьск, город Ноябрьск, улица Магистральная, дом 17, квартира 30",,,Площадь,Купля-продажа,,,2026-02-20,2026-02-24,135315.31531531533,001001000000,1,,,,,,,55.5,7510000.0,,3.0,0.0
2026-01-04,89:10:010206:482,Помещение,1983.0,Квартира,Смешанные,3,,101.0,,5,Жилое,,,"Ямало-Ненецкий автономный округ, муниципальный округ Надымский район, город Надым, улица Набережная имени Оруджева С.А., дом 8, квартира 7",,,Площадь,Купля-продажа,,,2026-02-18,2026-02-24,77142.85714285714,001002000000,1,,,,,,,70.0,5400000.0,,3.0,0.0
2026-01-04,89:12:110616:1573,Помещение,1987.0,двухкомнатная квартира,Железобетонные,2,,101.0,,6,Жилое,,,"Ямало-Ненецкий автономный округ, г Ноябрьск, пр-кт Мира, д 89Б, кв 17",,,Площадь,Купля-продажа,,,2026-02-19,2026-02-24,146484.375,001002000000,1,,,,,,,51.2,7500000.0,,3.0,0.0
2026-01-04,89:08:010204:1434,Помещение,2013.0,Помещение: квартира,Из мелких бетонных блоков,9,,101.0,,9,Жилое,,,"Ямало-Ненецкий автономный округ, г Салехард, ул Республики, д 75, кв 182",,,Площадь,Купля-продажа,,,2026-02-18,2026-02-24,208877.28459530027,001001000000,1,,,,,,,38.3,8000000.0,,3.0,0.0
2026-01-04,89:12:110703:425,Помещение,2005.0,"Помещение: однокомнатная квартира, этаж 10, назначение: жилое",Из прочих материалов,10,,101.0,,11,Жилое,,,"Ямало-Ненецкий автономный округ, г Ноябрьск, ул Советская, д 88, кв 39",,,Площадь,Купля-продажа,,,2026-02-19,2026-02-24,111386.13861386139,001001000000,1,,,,,,,40.4,4500000.0,,3.0,0.0
2026-01-04,89:06:010104:1672,Помещение,2015.0,квартира,Бетонные,1,,205.0,,3,Жилое,,,"Ямало-Ненецкий автономный округ, р-н Тазовский, п Тазовский, ул Пушкина, д 25, кв 27",,,Площадь,Купля-продажа,,,2026-02-24,2026-02-25,184210.52631578947,001002000000,1,,,,,,,43.7,8050000.0,,3.0,0.0
2026-01-04,89:10:010206:1397,Помещение,1979.0,Квартира,Смешанные,1,,101.0,,5,Жилое,,,"Ямало-Ненецкий автономный округ, муниципальный округ Надымский район, город Надым, улица Зверева, дом 17, квартира 3",,,Площадь,Купля-продажа,,,2026-02-24,2026-02-25,62836.62477558348,001001000000,1,,,,,,,55.7,3500000.0,,3.0,0.0
2026-01-04,89:11:050104:1047,Помещение,1988.0,трёхкомнатная квартира,Крупнопанельные,4,,101.0,,10,Жилое,,,"Ямало-Ненецкий автономный округ, городской округ город Новый Уренгой, город Новый Уренгой, микрорайон Советский, дом 5 корпус 1, квартира 88",,,Площадь,Купля-продажа,,,2026-02-24,2026-02-25,120481.92771084336,001001000000,1,,,,,,,66.4,8000000.0,,3.0,0.0
2026-01-04,89:04:020101:5918,Помещение,1982.0,"Помещение расположено в многоквартирном доме, признанном аварийным и подлжещим сносу иди реконструкции",Сборно-щитовые,2,,205.0,,2,Жилое,,,"Ямало-Ненецкий автономный округ, р-н Надымский, пгт Пангоды, ул Строителей, д 10, кв 8",,,Площадь,Купля-продажа,,,2026-02-24,2026-02-25,44042.97297297297,001001000000,1,,,,,,,74.0,3259180.0,,3.0,0.0
2026-01-04,89:10:010305:845,Помещение,2019.0,,Железобетонные,1,,303.0,,1,Нежилое,,,"Ямало-Ненецкий автономный округ, г Надым, 8-й проезд, строение 19/6, гараж № 364",,,Площадь,Купля-продажа,,,2026-02-21,2026-02-25,3703.703703703704,001001000000,1,,,,,,,27.0,100000.0,,3.0,0.0
2026-01-04,89:11:020302:888,Помещение,1982.0,Квартира,Бетонные,3,,101.0,,10,Жилое,,,"Ямало-Ненецкий автономный округ, г Новый Уренгой, пр-кт Ленинградский, д 1, кв 47",,,Площадь,Купля-продажа,,,2026-02-24,2026-02-25,149643.70546318288,001001000000,1,,,,,,,42.1,6300000.0,,3.0,0.0
2026-01-04,89:11:030301:2646,Помещение,2015.0,гараж,,1,,303.0,,,Нежилое,,,"Ямало-Ненецкий автономный округ, г Новый Уренгой, Восточная промзона, Гаражный кооператив ""Спутник"", гараж №180",,,Площадь,Купля-продажа,,,2026-02-20,2026-02-25,30303.0303030303,001001000000,1,,,,,,,23.1,700000.0,,3.0,0.0
2026-01-04,89:04:020301:1515,Помещение,1984.0,Двухкомнатная квартира,Сборно-щитовые,1,,205.0,,2,Жилое,,,"Ямало-Ненецкий автономный округ, р-н Надымский, п Приозерный, ФК-2, д 3, кв 3",,,Площадь,Купля-продажа,,,2026-02-21,2026-02-25,5434.782608695652,001001000000,1,,,,,,,46.0,250000.0,,3.0,0.0
2026-01-04,89:10:010203:468,Помещение,1983.0,однокомнатная квартира,Смешанные,3,,101.0,,6,Жилое,,,"Ямало-Ненецкий автономный округ, муниципальный округ Надымский район, город Надым, улица Геологоразведчиков, дом 1, квартира 53",,,Площадь,Купля-продажа,,,2026-02-24,2026-02-25,59193.95465994962,001001000000,1,,,,,,,39.7,2350000.0,,3.0,0.0
2026-01-04,89:04:020105:484,Помещение,2017.0,Квартира,Смешанные,2,,101.0,,6,Жилое,,,"Ямало-Ненецкий автономный округ, р-н Надымский, пгт Пангоды, ул Мира, д 63, кв 39",,,Площадь,Купля-продажа,,,2026-02-24,2026-02-25,56675.06297229219,001001000000,1,,,,,,,39.7,2250000.0,,3.0,0.0
2026-01-04,89:11:020204:1354,Помещение,2015.0,,Из мелких бетонных блоков,6,,101.0,,8,Жилое,,,"Ямало-Ненецкий автономный округ, городской округ город Новый Уренгой, город Новый Уренгой, микрорайон Созидателей, дом 5/1, квартира 50",,,Площадь,Купля-продажа,,,2026-02-20,2026-02-25,184611.2115732369,001001000000,1,,,,,,,55.3,10209000.0,,3.0,0.0
2026-01-04,89:12:110610:237,Помещение,1988.0,Квартира,Кирпичные,9,,101.0,,9,Жилое,,,"Ямало-Ненецкий автономный округ, г Ноябрьск, ул Космонавтов, д 10, кв 906",,,Площадь,Купля-продажа,,,2026-02-24,2026-02-25,121212.12121212122,001001000000,1,,,,,,,26.4,3200000.0,,3.0,0.0
2026-01-04,89:08:010303:383,Помещение,1979.0,"Жилое помещение расположено в многоквартирном доме, признанном аварийным и подлежащим сносу или реконструкции",Смешанные,2,,205.0,,2,Жилое,,,"Ямало-Ненецкий автономный округ, г Салехард, ул Глазкова, д 17А, кв 8",,,Площадь,Купля-продажа,,,2004-12-29,2026-02-25,109070.86614173229,001002000000,1,,,,,,,63.5,6926000.0,,3.0,0.0
2026-01-04,89:10:010209:56,Помещение,2015.0,Помещение,Крупнопанельные,6,,101.0,,11,Жилое,,,"Ямало-Ненецкий автономный округ, г Надым, мкр Олимпийский, д 1, кв 37",,,Площадь,Купля-продажа,,,2026-02-24,2026-02-25,71428.57142857143,001001000000,1,,,,,,,56.0,4000000.0,,3.0,0.0
2026-01-04,89:10:010307:531,Помещение,2015.0,Гараж,,1,,303.0,,,Нежилое,,,"Ямало-Ненецкий автономный округ, г Надым, ул Зверева, ГСК Витязь, гараж №7",,,Площадь,Купля-продажа,,,2026-02-24,2026-02-25,17078.189300411523,001001000000,1,,,,,,,24.3,415000.0,,3.0,0.0
2026-01-04,89:13:010108:998,Помещение,1991.0,Квартира,Железобетонные,3,,101.0,,5,Жилое,,,"Ямало-Ненецкий автономный округ, городской округ город Муравленко, город Муравленко, улица 70 лет Октября, дом 1, квартира 8",,,Площадь,Купля-продажа,,,2026-02-24,2026-02-25,115835.7771260997,001001000000,1,,,,,,,34.1,3950000.0,,3.0,0.0
2026-01-04,89:10:010208:885,Помещение,1990.0,Квартира,Крупнопанельные,1,,101.0,,10,Жилое,,,"Ямало-Ненецкий автономный округ, муниципальный округ Надымский район, город Надым, улица Заводская, дом 3, квартира 2",,,Площадь,Купля-продажа,,,2026-02-24,2026-02-25,77519.37984496124,001001000000,1,,,,,,,38.7,3000000.0,,3.0,0.0
2026-01-04,89:10:010208:1791,Помещение,1989.0,Квартира,Крупнопанельные,5,,101.0,,10,Жилое,,,"Ямало-Ненецкий автономный округ, муниципальный округ Надымский район, город Надым, улица Зверева, дом 42, квартира 77",,,Площадь,Купля-продажа,,,2026-02-24,2026-02-25,70901.03397341211,001001000000,1,,,,,,,67.7,4800000.0,,3.0,0.0
2026-01-04,89:07:010101:4713,Помещение,1982.0,"двухкомнатная квартира, жилое помещение расположено в многоквартирном доме, признанном аварийным и подлежащим сносу",Каркасно-засыпные,1,,201.0,,1,Жилое,,,"Ямало-Ненецкий автономный округ, р-н Красноселькупский, с Красноселькуп, ул Геологоразведчиков, д 10, кв 3",,,Площадь,Купля-продажа,,,2026-02-11,2026-02-25,53742.80230326296,001001000000,1,,,,,,,52.1,2800000.0,,3.0,0.0
2026-01-04,89:10:010104:676,Помещение,2018.0,гараж,Железобетонные,1,,303.0,,1,Нежилое,,,"Ямало-Ненецкий автономный округ, г. Надым, ул. Ямальская, строение 20/5, гараж №9",,,Площадь,Купля-продажа,,,2026-02-23,2026-02-25,18888.88888888889,001001000000,1,,,,,,,27.0,510000.0,,3.0,0.0
2026-01-04,89:12:110817:449,Помещение,2015.0,Здание - Гараж,,1,,303.0,,,Нежилое,,,"Ямало-Ненецкий автономный округ, Городской округ город Ноябрьск, г Ноябрьск, ГК Ханто-2 тер., 31-й ряд, гараж 23",,,Площадь,Купля-продажа,,,2026-02-21,2026-02-25,59734.51327433628,001001000000,1,,,,,,,22.6,1350000.0,,3.0,0.0
2026-01-04,89:03:040402:586,Помещение,2014.0,,Из мелких бетонных блоков,3,,205.0,,3,Жилое,,,"Ямало-Ненецкий автономный округ, р-н Ямальский, с Панаевск, ул Вануйто Енсо, д 8, кв 13",,,Площадь,Купля-продажа,,,2026-02-24,2026-02-25,97260.27397260274,001001000000,1,,,,,,,36.5,3550000.0,,3.0,0.0
2026-01-04,89:13:010112:1857,Помещение,1991.0,2-комнатная квартира,Железобетонные,3,,101.0,,5,Жилое,,,"Ямало-Ненецкий автономный округ, г Муравленко, ул Муравленко, д 21, кв 37",,,Площадь,Купля-продажа,,,2026-02-26,2026-02-26,124260.35502958579,001001000000,1,,,,,,,50.7,6300000.0,,3.0,0.0
2026-01-04,89:08:010201:1084,Помещение,2008.0,Помещение: квартира,Из мелких бетонных блоков,5,,101.0,,8,Жилое,,,"Ямало-Ненецкий автономный округ, г Салехард, ул Арктическая, д 4, кв 162",,,Площадь,Купля-продажа,,,2026-02-25,2026-02-26,208520.1793721973,001002000000,1,,,,,,,44.6,9300000.0,,3.0,0.0
2026-01-04,89:08:030201:725,Помещение,1982.0,"Жилое помещение расположено в многоквартирном доме, признанном аварийным и подлежащим сносу или реконструкции",Из прочих материалов,1,,205.0,,2,Жилое,,,"Ямало-Ненецкий автономный округ, городской округ город Салехард, город Салехард, улица Геологов, дом 3а, квартира 1",,,Площадь,Купля-продажа,,,2026-02-25,2026-02-26,108024.69135802469,001001000000,1,,,,,,,32.4,3500000.0,,3.0,0.0
2026-01-04,89:10:010306:4419,Помещение,2015.0,,Железобетонные,1,,303.0,,2,Нежилое,,,"Ямало-Ненецкий автономный округ, муниципальный округ Надымский район, город Надым, проезд 8-й, строение 29/4, помещение 6б",,,Площадь,Купля-продажа,,,2026-02-25,2026-02-26,32646.048109965635,001001000000,1,,,,,,,58.2,1900000.0,,3.0,0.0
2026-01-04,89:10:010305:449,Помещение,2015.0,гараж,,1,,303.0,,,Нежилое,,,"Ямало-Ненецкий автономный округ, г Надым, промзона, панель ""М"",ПК ГСК ""Харлей"", ряд №3, гараж № 60",,,Площадь,Купля-продажа,,,2026-02-19,2026-02-26,5230.125523012553,001001000000,1,,,,,,,47.8,250000.0,,3.0,0.0
2026-01-04,89:12:160103:157,Помещение,1990.0,"трехкомнатная квартира, назначение: жилое, этаж 1 расположена в многоквартирном доме, признанном аварийным и подлежащим сносу или реконструкции",Деревянные,,,205.0,,2,Жилое,,,"Ямало-Ненецкий автономный округ, г Ноябрьск, мкр Вынгапуровский, ул 70 лет Октября, д 16, кв 2",,,Площадь,Купля-продажа,,,2026-02-24,2026-02-26,124763.19350473612,001001000000,1,,,,,,,73.9,9220000.0,,3.0,0.0
2026-01-04,89:08:010302:738,Помещение,2015.0,Двухкомнатная квартира,Из прочих материалов,5,,101.0,,6,Жилое,,,"Ямало-Ненецкий автономный округ, г Салехард, ул Броднева, д 28а, кв 38",,,Площадь,Купля-продажа,,,2026-02-26,2026-02-26,162721.89349112427,001001000000,1,,,,,,,67.6,11000000.0,,3.0,0.0
2026-01-04,89:10:010102:2405,Помещение,2018.0,,Смешанные,4,,101.0,,6,Жилое,,,"Ямало-Ненецкий автономный округ, муниципальный округ Надымский район, город Надым, проезд 1-й, дом 20, квартира 44",,,Площадь,Купля-продажа,,,2026-02-20,2026-02-26,60393.25842696629,001001000000,1,,,,,,,35.6,2150000.0,,3.0,0.0
2026-01-04,89:10:010203:826,Помещение,1977.0,Двухкомнатная квартира,Кирпичные,3,,101.0,,5,Жилое,,,"Ямало-Ненецкий автономный округ, г Надым, ул Строителей, д 6, кв 77",,,Площадь,Купля-продажа,,,2026-02-25,2026-02-26,50251.25628140703,001002000000,1,,,,,,,59.7,3000000.0,,3.0,0.0
2026-01-04,89:10:010106:681,Помещение,2015.0,,,1,,303.0,,,Нежилое,,,"Ямало-Ненецкий автономный округ, г Надым, район автодороги Надым-Салехард, ГСК ""Градостроитель"", гараж № 143",,,Площадь,Купля-продажа,,,2026-02-21,2026-02-26,28985.50724637681,001001000000,1,,,,,,,27.6,800000.0,,3.0,0.0
2026-01-04,89:11:030204:418,Помещение,2015.0,Гараж,,1,,303.0,,,Нежилое,,,"Ямало-Ненецкий автономный округ, г Новый Уренгой, Восточная промзона, южнее ул. Промышленная, ПГК ""Потвор"", гараж № 150",,,Площадь,Купля-продажа,,,2026-02-21,2026-02-26,48689.13857677903,001001000000,1,,,,,,,26.7,1300000.0,,3.0,0.0
2026-01-04,89:13:010101:336,Помещение,1990.0,1-комнатная квартира,Крупнопанельные,3,,205.0,,3,Жилое,,,"Ямало-Ненецкий автономный округ, г Муравленко, ул Губкина, д 18, кв 17",,,Площадь,Купля-продажа,,,2026-02-24,2026-02-26,114006.51465798046,001001000000,1,,,,,,,30.7,3500000.0,,3.0,0.0
2026-01-04,89:12:110606:1169,Помещение,2008.0,Квартира в многоквартирном доме,Крупнопанельные,3,,205.0,,4,Жилое,,,"Ямало-Ненецкий автономный округ, г Ноябрьск, ул Республики, д 46, кв 25",,,Площадь,Купля-продажа,,,2026-02-25,2026-02-26,115254.2372881356,001001000000,1,,,,,,,59.0,6800000.0,,3.0,0.0
2026-01-04,89:11:080201:7813,Помещение,2015.0,,Кирпичные,2,,101.0,,5,Жилое,,,"Ямало-Ненецкий автономный округ, городской округ город Новый Уренгой, город Новый Уренгой, улица Нефтяников, дом 16, квартира 51",,,Площадь,Купля-продажа,,,2026-02-25,2026-02-26,139664.80446927375,001001000000,1,,,,,,,53.7,7500000.0,,3.0,0.0
2026-01-04,89:13:010112:829,Помещение,1993.0,Квартира,Крупнопанельные,1,,101.0,,5,Жилое,,,"Ямало-Ненецкий автономный округ, г Муравленко, ул 70 лет Октября, д 16, кв 46",,,Площадь,Купля-продажа,,,2026-02-25,2026-02-26,115758.75486381323,001001000000,1,,,,,,,51.4,5950000.0,,3.0,0.0
2026-01-04,89:14:010104:417,Помещение,1996.0,Двухкомнатная квартира,Кирпичные,2,,205.0,,4,Жилое,,,"Ямало-Ненецкий автономный округ, г Губкинский, мкр 14-й, д 24, кв 23",,,Площадь,Купля-продажа,,,2026-02-25,2026-02-26,155492.15406562056,001002000000,1,,,,,,,70.1,10900000.0,,3.0,0.0
2026-01-04,89:11:020202:2470,Помещение,2019.0,,Из мелких бетонных блоков,4,,101.0,,11,Жилое,,,"Ямало-Ненецкий автономный округ, город Новый Уренгой г.о., г Новый Уренгой, мкр Энтузиастов, д. 8, кв. 128",,,Площадь,Купля-продажа,,,2026-02-27,2026-02-27,61093.247588424434,001001000000,1,,,,,,,62.2,3800000.0,,3.0,0.0
2026-01-04,89:10:010306:1468,Помещение,2015.0,Гараж № 77,Бетонные,1,,303.0,,1,Нежилое,,,"Ямало-Ненецкий автономный округ, г Надым, промзона, проезд № 8, панель ""Р"", индивидуальные гаражи, гараж № 77",,,Площадь,Купля-продажа,,,2026-02-24,2026-02-27,36259.54198473282,001001000000,1,,,,,,,26.2,950000.0,,3.0,0.0
2026-01-04,89:10:010102:896,Помещение,1995.0,Однокомнатная квартира,Смешанные,1,,101.0,,5,Жилое,,,"Ямало-Ненецкий автономный округ, г Надым, ул Ю.Топчева, д 10, кв 2",,,Площадь,Купля-продажа,,,2026-02-26,2026-02-27,47619.047619047626,001001000000,1,,,,,,,37.8,1800000.0,,3.0,0.0
2026-01-04,89:05:030301:13055,Помещение,2015.0,,Из прочих материалов,4,,205.0,,4,Жилое,,,"Ямало-Ненецкий автономный округ, город Губкинский, ул Железнодорожная, д 2В, кв 61",,,Площадь,Купля-продажа,,,2025-12-04,2026-02-27,123031.98294243071,001002000000,1,,,,,,,46.9,5770200.0,,3.0,0.0
2026-01-04,89:05:030301:5419,Помещение,1988.0,"квартира расположена в многоквартирном доме, признанном аварийным и подлежащим сносу или реконструкции",Иное,2,,205.0,,2,Жилое,,,"Ямало-Ненецкий автономный округ, р-н Пуровский, пос Пурпе-1, мкр-н Молодёжный, ул Парковская, д 5, кв 5",,,Площадь,Купля-продажа,,,2025-12-04,2026-02-27,118000.0,001001000000,1,,,,,,,48.9,5770200.0,,3.0,0.0
2026-01-04,89:11:020101:5948,Помещение,2025.0,,Иное,7,,101.0,,11,Жилое,,,"Ямало-Ненецкий автономный округ, городской округ город Новый Уренгой, город Новый Уренгой, проспект Губкина, дом 9Б, квартира 53",,,Площадь,Купля-продажа,,,2026-02-27,2026-02-27,184612.98804780876,001001000000,1,,,,,,,50.2,9267572.0,,3.0,0.0
2026-01-04,89:11:050104:2622,Помещение,1988.0,,Крупнопанельные,7,,101.0,,10,Жилое,,,"Ямало-Ненецкий автономный округ, г Новый Уренгой, мкр Советский, д 6, корп 2, кв 63",,,Площадь,Купля-продажа,,,2026-02-26,2026-02-27,139146.56771799628,001001000000,1,,,,,,,53.9,7500000.0,,3.0,0.0
2026-01-04,89:11:050102:941,Помещение,2009.0,квартира в многоквартирном доме,Смешанные,9,,101.0,,12,Жилое,,,"Ямало-Ненецкий автономный округ, городской округ город Новый Уренгой, город Новый Уренгой, микрорайон Восточный, дом 3 корпус 1, квартира 72",,,Площадь,Купля-продажа,,,2026-02-25,2026-02-27,151709.4017094017,001001000000,1,,,,,,,70.2,10650000.0,,3.0,0.0
2026-01-04,89:05:020125:1058,Помещение,2015.0,Квартира,Смешанные,1,,205.0,,3,Жилое,,,"Ямало-Ненецкий автономный округ, р-н Пуровский, г Тарко-Сале, ул Белорусская, д 15, кв 1",,,Площадь,Купля-продажа,,,2026-02-25,2026-02-27,51414.116878876914,001001000000,1,,,,,,,306.3,15748144.0,,3.0,0.0
2026-01-04,89:09:010101:2102,Помещение,2024.0,,Бетонные,5,,101.0,,5,Жилое,,,"Ямало-Ненецкий автономный округ, городской округ город Лабытнанги, город Лабытнанги, улица Комарова, дом 4, квартира 20",,,Площадь,Купля-продажа,,,2026-02-24,2026-02-27,151575.09157509156,001001000000,1,,,,,,,54.6,8276000.0,,3.0,0.0
2026-01-04,89:09:010101:492,Помещение,1967.0,"Жилое помещение расположено в многоквартирном доме, признанном аварийным и подлежащим сносу или реконструкции. Распоряжение ""О признании многоквартирных домов аварийными и подлежащими сносу и установлении сроков отселения из аварийных и подлежащих сносу многоквартирных домов"" №256 от 12.02.2024",Деревянные,2,,205.0,,2,Жилое,,,"Ямало-Ненецкий автономный округ, г Лабытнанги, ул Гагарина, д 10, кв 7",,,Площадь,Купля-продажа,,,2026-02-24,2026-02-27,108057.25971370144,001001000000,1,,,,,,,48.9,5284000.0,,3.0,0.0
2026-01-04,89:12:110705:2881,Помещение,1982.0,двухкомнатная квартира,Бетонные,3,,101.0,,5,Жилое,,,"Ямало-Ненецкий автономный округ, г Ноябрьск, ул Дзержинского, д 19, кв 23",,,Площадь,Купля-продажа,,,2026-02-26,2026-02-27,138702.9288702929,001001000000,1,,,,,,,47.8,6630000.0,,3.0,0.0
2026-01-04,89:12:110704:2695,Помещение,2014.0,Квартира,Смешанные,2,,101.0,,10,Жилое,,,"Ямало-Ненецкий автономный округ, г Ноябрьск, ул Магистральная, д 121, кв 201",,,Площадь,Купля-продажа,,,2026-02-26,2026-02-27,116236.1623616236,001001000000,1,,,,,,,54.2,6300000.0,,3.0,0.0
2026-01-04,89:10:010208:3778,Помещение,1990.0,Двухкомнатная квартира,Крупнопанельные,9,,101.0,,10,Жилое,,,"Ямало-Ненецкий автономный округ, г Надым, ул Зверева, д 49, кв 155",,,Площадь,Купля-продажа,,,2026-02-26,2026-02-27,93065.69343065695,001001000000,1,,,,,,,54.8,5100000.0,,3.0,0.0
2026-01-04,89:10:010107:375,Помещение,1974.0,Двухкомнатная квартира,Крупнопанельные,2,,101.0,,5,Жилое,,,"Ямало-Ненецкий автономный округ, г Надым, ул Полярная, д 17, кв 59",,,Площадь,Купля-продажа,,,2026-02-26,2026-02-27,76923.07692307692,001001000000,1,,,,,,,52.0,4000000.0,,3.0,0.0
2026-01-04,89:12:160104:171,Помещение,1980.0,двухкомнатная квартира,Смешанные,1,,507.0,,1,Жилое,,,"Ямало-Ненецкий автономный округ, г Ноябрьск, мкр Вынгапуровский, ул Тихая, д 1, кв 1",,,Площадь,Купля-продажа,,,2026-02-26,2026-02-27,119816.17647058824,001001000000,1,,,,,,,54.4,6518000.0,,3.0,0.0
2026-01-04,89:11:020102:2478,Помещение,2015.0,,Иное,3,,101.0,,9,Жилое,,,"Ямало-Ненецкий автономный округ, г.о. город Новый Уренгой, г Новый Уренгой, ул Набережная, д. 43Б, кв. 23",,,Площадь,Купля-продажа,,,2026-02-26,2026-03-02,184612.99999999997,001001000000,1,,,,,,,60.2,11113702.6,,3.0,0.0
2026-01-04,89:10:010208:1874,Помещение,1989.0,Комната,Смешанные,5,,507.0,,6,Жилое,,,"Ямало-Ненецкий автономный округ, муниципальный округ Надымский район, город Надым, улица Заводская, дом 8, комната 509",,,Площадь,Купля-продажа,,,2025-12-26,2026-03-02,67857.14285714286,001001000000,1,,,,,,,14.0,950000.0,,3.0,0.0
2026-01-04,89:12:110609:185,Помещение,2015.0,Квартира в многоквартирном доме,Из мелких бетонных блоков,2,,205.0,,5,Жилое,,,"Ямало-Ненецкий автономный округ, городской округ город Ноябрьск, город Ноябрьск, улица Республики, дом 41, квартира 26",,,Площадь,Купля-продажа,,,2026-02-27,2026-03-02,136363.63636363635,001001000000,1,,,,,,,46.2,6300000.0,,3.0,0.0
2026-01-04,89:11:050104:1306,Помещение,1990.0,трёхкомнатная квартира,Крупнопанельные,3,,101.0,,9,Жилое,,,"Ямало-Ненецкий автономный округ, городской округ город Новый Уренгой, город Новый Уренгой, микрорайон Советский, дом 3 корпус 5, квартира 48",,,Площадь,Купля-продажа,,,2026-02-27,2026-03-02,141203.7037037037,001001000000,1,,,,,,,64.8,9150000.0,,3.0,0.0
2026-01-04,89:10:010207:1783,Помещение,1987.0,Двухкомнатная квартира,Железобетонные,2,,101.0,,9,Жилое,,,"Ямало-Ненецкий автономный округ, муниципальный округ Надымский район, город Надым, улица Зверева, дом 47, квартира 5",,,Площадь,Купля-продажа,,,2026-02-25,2026-03-02,75812.27436823105,001001000000,1,,,,,,,55.4,4200000.0,,3.0,0.0
2026-01-04,89:11:050102:1684,Помещение,1992.0,помещение: однокомнатная квартира,Крупнопанельные,5,,101.0,,9,Жилое,,,"Ямало-Ненецкий автономный округ, городской округ город Новый Уренгой, город Новый Уренгой, микрорайон Восточный, дом 6 корпус 4, квартира 24",,,Площадь,Купля-продажа,,,2026-02-27,2026-03-02,131233.59580052493,001001000000,1,,,,,,,38.1,5000000.0,,3.0,0.0
2026-01-04,89:10:010203:1482,Помещение,2018.0,гараж,Железобетонные,1,,303.0,,1,Нежилое,,,"Ямало-Ненецкий автономный округ, г Надым, ул Геологоразведчиков, строение 6в, помещение №13а",,,Площадь,Купля-продажа,,,2026-02-17,2026-03-02,19531.25,001001000000,1,,,,,,,51.2,1000000.0,,3.0,0.0
2026-01-04,89:11:020101:2995,Помещение,2019.0,,Смешанные,8,,101.0,,10,Жилое,,,"Ямало-Ненецкий автономный округ, городской округ город Новый Уренгой, город Новый Уренгой, проспект Губкина, дом 19/1, квартира 136",,,Площадь,Купля-продажа,,,2026-02-26,2026-03-02,202334.63035019455,001001000000,1,,,,,,,25.7,5200000.0,,3.0,0.0
2026-01-04,89:12:110605:122,Помещение,1983.0,Стоматологический кабинет,Бетонные,1,,107.0,,5,Нежилое,,,"Ямало-Ненецкий автономный округ, г Ноябрьск, пр-кт Мира, д 30, кв 47",,,Площадь,Купля-продажа,,,2026-02-24,2026-03-02,94876.66034155597,001001000000,1,,,,,,,52.7,5000000.0,,3.0,0.0
2026-01-04,89:08:010204:845,Помещение,2015.0,Помещение: квартира,Монолитные,2,,101.0,,9,Жилое,,,"Ямало-Ненецкий автономный округ, г Салехард, ул Республики, д 71, кв 7",,,Площадь,Купля-продажа,,,2026-02-27,2026-03-02,204678.3625730994,001001000000,1,,,,,,,34.2,7000000.0,,3.0,0.0
2026-01-04,89:12:110603:512,Помещение,1986.0,однокомнатная квартира,Крупнопанельные,3,,205.0,,3,Жилое,,,"Ямало-Ненецкий автономный округ, г Ноябрьск, ул Дружбы, д 12, кв 17",,,Площадь,Купля-продажа,,,2026-02-24,2026-03-02,111959.28753180662,001001000000,1,,,,,,,39.3,4400000.0,,3.0,0.0
2026-01-04,89:10:010208:1011,Помещение,1990.0,Квартира,Смешанные,3,,101.0,,5,Жилое,,,"Ямало-Ненецкий автономный округ, муниципальный округ Надымский район, город Надым, улица Заводская, дом 9, квартира 23",,,Площадь,Купля-продажа,,,2026-02-27,2026-03-02,52493.43832020997,001001000000,1,,,,,,,38.1,2000000.0,,3.0,0.0
2026-01-04,89:12:000000:4085,Помещение,2015.0,Гараж,,1,,303.0,,,Нежилое,,,"Ямало-Ненецкий автономный округ, г Ноябрьск, ГК Ханто-2, ряд 55, гараж 16",,,Площадь,Купля-продажа,,,2026-02-20,2026-03-02,18750.0,001001000000,1,,,,,,,24.0,450000.0,,3.0,0.0
2026-01-04,89:11:010201:363,Помещение,2011.0,гараж,Железобетонные,1,,303.0,,2,Нежилое,,,"Ямало-Ненецкий автономный округ, г Новый Уренгой, Западная промзона, панель ""Ж"", Общественно - потребительский гаражный кооператив ""Юг-Регион-Авто"", Гаражная ячейка № 41",,,Площадь,Купля-продажа,,,2026-02-28,2026-03-02,26200.873362445418,001001000000,1,,,,,,,22.9,600000.0,,3.0,0.0
2026-01-04,89:02:020103:676,Помещение,2013.0,Помещение: квартира,Из прочих материалов,3,,205.0,,3,Жилое,,,"Ямало-Ненецкий автономный округ, р-н Приуральский, с Аксарка, кв-л ""Брусничный"", д 4, кв 16",,,Площадь,Купля-продажа,,,2026-02-27,2026-03-02,150976.90941385436,001001000000,1,,,,,,,56.3,8500000.0,,3.0,0.0
2026-01-04,89:10:010206:2386,Помещение,1988.0,Трёхкомнатная квартира,Смешанные,7,,101.0,,9,Жилое,,,"Ямало-Ненецкий автономный округ, муниципальный округ Надымский район, город Надым, улица Зверева, дом 40, квартира 93",,,Площадь,Купля-продажа,,,2026-02-24,2026-03-02,86956.52173913043,001001000000,1,,,,,,,69.0,6000000.0,,3.0,0.0
2026-01-04,89:10:010202:1361,Помещение,1976.0,квартира,Крупнопанельные,5,,101.0,,5,Жилое,,,"Ямало-Ненецкий автономный округ, муниципальный округ Надымский район, город Надым, улица Строителей, дом 2а, квартира 19",,,Площадь,Купля-продажа,,,2026-02-27,2026-03-02,42402.826855123676,001002000000,1,,,,,,,28.3,1200000.0,,3.0,0.0
2026-01-04,89:05:020116:508,Помещение,2016.0,квартира,Из прочих материалов,2,,205.0,,4,Жилое,,,"Ямало-Ненецкий автономный округ, р-н Пуровский, г Тарко-Сале, ул Тарасова, д 5 В, кв 7",,,Площадь,Купля-продажа,,,2026-02-27,2026-03-02,155650.31982942432,001001000000,1,,,,,,,46.9,7300000.0,,3.0,0.0
2026-01-04,89:12:110615:499,Помещение,1996.0,однокомнатная квартира,Крупнопанельные,1,,101.0,,5,Жилое,,,"Ямало-Ненецкий автономный округ, г Ноябрьск, ул 60 лет СССР, д 13Б, кв 3",,,Площадь,Купля-продажа,,,2026-02-24,2026-03-02,110347.82608695651,001001000000,1,,,,,,,39.1,4314600.0,,3.0,0.0
2026-01-04,89:08:020201:1981,Помещение,2023.0,,Бетонные,4,,101.0,,8,Жилое,,,"Ямало-Ненецкий автономный округ, городской округ город Салехард, город Салехард, микрорайон Обдорский, дом 3 корпус 2, квартира 127",,,Площадь,Купля-продажа,,,2026-02-27,2026-03-02,175879.39698492465,001001000000,1,,,,,,,39.8,7000000.0,,3.0,0.0
2026-01-04,89:10:010205:514,Помещение,1987.0,Трёхкомнатная квартира,Крупнопанельные,7,,101.0,,7,Жилое,,,"Ямало-Ненецкий автономный округ, г Надым, пр. Ленинградский, д 11, кв 28",,,Площадь,Купля-продажа,,,2026-02-24,2026-03-02,79528.71870397642,001002000000,1,,,,,,,67.9,5400000.0,,3.0,0.0
2026-01-04,89:11:050101:1138,Помещение,1994.0,квартира в многоквартирном доме,Железобетонные,2,,101.0,,9,Жилое,,,"Ямало-Ненецкий автономный округ, г Новый Уренгой, мкр Дружба, д 2, корп 3, кв 220",,,Площадь,Купля-продажа,,,2026-02-27,2026-03-02,197740.1129943503,001001000000,1,,,,,,,35.4,7000000.0,,3.0,0.0
2026-01-04,89:11:050105:798,Помещение,1988.0,трёхкомнатная квартира,Железобетонные,1,,101.0,,9,Жилое,,,"Ямало-Ненецкий автономный округ, г Новый Уренгой, мкр Юбилейный, д 1, корп 6, кв 73",,,Площадь,Купля-продажа,,,2026-02-28,2026-03-02,150862.06896551725,001001000000,1,,,,,,,69.6,10500000.0,,3.0,0.0
2026-01-04,89:12:110709:1704,Помещение,1992.0,трёхкомнатная квартира,Крупнопанельные,3,,101.0,,5,Жилое,,,"Ямало-Ненецкий автономный округ, г Ноябрьск, ул Высоцкого, д 34Б, кв 16",,,Площадь,Купля-продажа,,,2026-02-28,2026-03-02,47872.34042553192,001002000000,1,,,,,,,65.8,3150000.0,,3.0,0.0
2026-01-04,89:12:110406:2267,Помещение,2025.0,,Кирпичные; Из мелких бетонных блоков,1,,101.0,,5,Жилое,,,"Ямало-Ненецкий автономный округ, городской округ город Ноябрьск, город Ноябрьск, улица Муравленко, дом 10, квартира 1",,,Площадь,Купля-продажа,,,2026-03-01,2026-03-02,131513.64764267992,001001000000,1,,,,,,,40.3,5300000.0,,3.0,0.0
2026-01-04,89:11:020103:1895,Помещение,2007.0,Гараж,Бетонные,1,,303.0,,1,Нежилое,,,"Ямало-Ненецкий автономный округ, г Новый Уренгой, мкр Строителей, Потребительский гаражный кооператив Фаэтон-1, гараж №196",,,Площадь,Купля-продажа,,,2026-02-26,2026-03-02,83582.0895522388,001001000000,1,,,,,,,33.5,2800000.0,,3.0,0.0
2026-01-04,89:08:020105:559,Помещение,2015.0,Помещение: квартира,Бетонные,3,,205.0,,4,Жилое,,,"Ямало-Ненецкий автономный округ, г Салехард, ул Почтовая, д 4, кв 23",,,Площадь,Купля-продажа,,,2026-02-27,2026-03-02,196581.19658119656,001001000000,1,,,,,,,35.1,6900000.0,,3.0,0.0
2026-01-04,89:11:050105:713,Помещение,1988.0,двухкомнатная квартира,Железобетонные,9,,101.0,,9,Жилое,,,"Ямало-Ненецкий автономный округ, г Новый Уренгой, мкр Юбилейный, д 1, корп 6, кв 35",,,Площадь,Купля-продажа,,,2026-02-27,2026-03-02,159829.05982905984,001001000000,1,,,,,,,58.5,9350000.0,,3.0,0.0
2026-01-04,89:03:040402:554,Помещение,2014.0,Помещение: квартира,Из мелких бетонных блоков,2,,205.0,,3,Жилое,,,"Ямало-Ненецкий автономный округ, р-н Ямальский, с Панаевск, ул Вануйто Енсо, д 6, кв 11",,,Площадь,Купля-продажа,,,2026-02-28,2026-03-02,126382.30647709321,001001000000,1,,,,,,,63.3,8000000.0,,3.0,0.0
2026-01-04,89:14:010106:378,Помещение,1988.0,помещение: однокомнатная квартира,Дощатые,2,,205.0,,2,Жилое,,,"Ямало-Ненецкий автономный округ, г Губкинский, мкр 6-й, д 14, кв 17",,,Площадь,Купля-продажа,,,2025-02-26,2026-03-02,119777.15877437327,001002000000,1,,,,,,,35.9,4300000.0,,3.0,0.0
2026-01-04,89:12:110402:666,Помещение,1995.0,однокомнатная квартира,Кирпичные; Железобетонные,3,,205.0,,3,Жилое,,,"Ямало-Ненецкий автономный округ, г Ноябрьск, ул Рабочая, д 109, кв 7",,,Площадь,Купля-продажа,,,2026-02-28,2026-03-03,125748.50299401199,001001000000,1,,,,,,,33.4,4200000.0,,3.0,0.0
2026-01-04,89:11:010101:774,Помещение,2015.0,гараж,,1,,303.0,,,Нежилое,,,"Ямало-Ненецкий автономный округ, г Новый Уренгой, Западная промзона, ПГЭК ""Сибирячка"", гараж №110",,,Площадь,Купля-продажа,,,2026-02-27,2026-03-03,9505.703422053231,001001000000,1,,,,,,,52.6,500000.0,,3.0,0.0
2026-01-04,89:10:010105:388,Помещение,1993.0,Однокомнатная квартира на первом этаже жилого дома,Смешанные,1,,101.0,,5,Жилое,,,"Ямало-Ненецкий автономный округ, г Надым, ул Кедровая, д 18, кв 2",,,Площадь,Купля-продажа,,,2026-02-25,2026-03-03,64267.35218508998,001001000000,1,,,,,,,38.9,2500000.0,,3.0,0.0
2026-01-04,89:12:110616:7126,Помещение,2025.0,,Иное,2,,101.0,,5,Жилое,,,"Ямало-Ненецкий автономный округ, городской округ город Ноябрьск, город Ноябрьск, улица Изыскателей, дом 16, квартира 31",,,Площадь,Купля-продажа,,,2026-02-19,2026-03-03,136630.63063063062,001001000000,1,,,,,,,55.5,7583000.0,,3.0,0.0
2026-01-04,89:12:110617:1186,Помещение,1990.0,Квартира,Деревянные,1,,205.0,,2,Жилое,,,"Ямало-Ненецкий автономный округ, городской округ город Ноябрьск, город Ноябрьск, улица Северная, дом 18а, квартира 7",,,Площадь,Купля-продажа,,,2026-02-19,2026-03-03,134946.2365591398,001001000000,1,,,,,,,55.8,7530000.0,,3.0,0.0
2026-01-04,89:14:010102:197,Помещение,1992.0,"Жилое  помещение  расположено в многоквартирном доме, признанном аварийным и подлежащим сносу или  реконструкции. Постановление Администрации г. Губкинского от 08.10.2024 № 2338 ""О признании многоквартирного жилого дома № 9 микрорайона 12 города Губкинского аварийным и подлежащим сносу""",Деревянные,1,,205.0,,2,Жилое,,,"Ямало-Ненецкий автономный округ, г Губкинский, мкр 12-й, д 9, кв 3",,,Площадь,Купля-продажа,,,2025-12-30,2026-03-03,125203.53159851301,001001000000,1,,,,,,,53.8,6735950.0,,3.0,0.0
2026-01-04,89:14:040101:1628,Помещение,2015.0,,Бетонные,2,,101.0,,7-8,Жилое,,,"Ямало-Ненецкий автономный округ, городской округ город Губкинский, город Губкинский, микрорайон № 17, дом 12, квартира 54",,,Площадь,Купля-продажа,,,2025-12-30,2026-03-03,122100.0,001001000000,1,,,,,,,63.0,7692300.0,,3.0,0.0
2026-01-04,89:10:010306:2235,Помещение,2018.0,гараж №5,Железобетонные,1; -1,,303.0,,1,Нежилое,,,"Ямало-Ненецкий автономный округ, г Надым, территория КСиЭГ для личного автотранспорта ""Протон"", строен 8, гараж №5",,,Площадь,Купля-продажа,,,2026-02-28,2026-03-03,9295.499021526419,001001000000,1,,,,,,,51.1,475000.0,,3.0,0.0
2026-01-04,89:05:020130:2767,Помещение,2024.0,Квартира,Бетонные,5,,101.0,,6,Жилое,,,"Ямало-Ненецкий автономный округ, муниципальный округ Пуровский район, город Тарко-Сале, микрорайон Южный, дом 8, квартира 91",,,Площадь,Купля-продажа,,,2026-02-24,2026-03-03,170334.2618384401,001001000000,1,,,,,,,35.9,6115000.0,,3.0,0.0
2026-01-04,89:05:020201:1689,Помещение,1900.0,"""Здание (многоквартирный дом) признано аварийным и подлежащим сносу или реконструкции"", Распоряжение ""О признании жилых домов аварийным и подлежащим сносу в муниципальном образовании Пуровское"" № 103 от 18.06.2018 года",Сборно-щитовые,1,,205.0,,2,Жилое,,,"Ямало-Ненецкий автономный округ, муниципальный округ Пуровский район, город Тарко-Сале, микрорайон Пуровск, улица Молодежная, дом 16, квартира 8",,,Площадь,Купля-продажа,,,2026-02-24,2026-03-03,133863.63636363635,001001000000,1,,,,,,,35.2,4712000.0,,3.0,0.0
2026-01-04,89:13:010101:399,Помещение,1992.0,Квартира,Крупнопанельные,2,,101.0,,5,Жилое,,,"Ямало-Ненецкий автономный округ, г Муравленко, ул Губкина, д 20, кв 36",,,Площадь,Купля-продажа,,,2026-02-28,2026-03-03,137254.9019607843,001001000000,1,,,,,,,51.0,7000000.0,,3.0,0.0
2026-01-04,89:10:010207:1571,Помещение,1986.0,Двухкомнатная квартира,Крупнопанельные,3,,101.0,,5,Жилое,,,"Ямало-Ненецкий автономный округ, муниципальный округ Надымский район, город Надым, улица Набережная имени Оруджева С.А., дом 52, квартира 21",,,Площадь,Купля-продажа,,,2026-02-27,2026-03-03,86348.12286689419,001001000000,1,,,,,,,58.6,5060000.0,,3.0,0.0
2026-01-04,89:10:010306:2019,Помещение,2017.0,гараж №432,Железобетонные,1,,303.0,,1,Нежилое,,,"Ямало-Ненецкий автономный округ, г Надым, тер. ГСК Пилот, строен 12, гараж №432",,,Площадь,Купля-продажа,,,2026-02-26,2026-03-03,10223.048327137547,001001000000,1,,,,,,,53.8,550000.0,,3.0,0.0
2026-01-04,89:11:020303:2455,Помещение,1983.0,Квартира,Железобетонные,8,,101.0,,9,Жилое,,,"Ямало-Ненецкий автономный округ, г Новый Уренгой, просп Ленинградский, д 14, кв 32",,,Площадь,Купля-продажа,,,2026-02-25,2026-03-03,130434.78260869565,001002000000,1,,,,,,,57.5,7500000.0,,3.0,0.0
2026-01-04,89:11:020102:1450,Помещение,2011.0,квартира в многоквартирном доме,Из прочих материалов,1,,205.0,,3,Жилое,,,"Ямало-Ненецкий автономный округ, г Новый Уренгой, ул Газовиков, д 2г, корп 1, кв 38",,,Площадь,Купля-продажа,,,2026-03-03,2026-03-03,166666.6666666667,001001000000,1,,,,,,,34.8,5800000.0,,3.0,0.0
2026-01-04,89:04:020101:6439,Помещение,1988.0,"""Жилое помещение расположено в многоквартирном доме, признанном аварийным и подлежащим сносу или реконструкции"" Распоряжение Надымского района ""О признании многоквартирного дома аварийным и подлежащим сносу"" № 92-рк от 07.02.2023 года",Каркасно-засыпные,2,,205.0,,2,Жилое,,,"Ямало-Ненецкий автономный округ, р-н Надымский, пгт Пангоды, ул Мира, д 41, кв 5",,,Площадь,Купля-продажа,,,2026-03-03,2026-03-03,43215.91836734694,001001000000,1,,,,,,,49.0,2117580.0,,3.0,0.0
2026-01-04,89:14:010123:1091,Помещение,2015.0,часть здания: Гараж,,1,,303.0,,,Нежилое,,,"Ямало-Ненецкий автономный округ, г Губкинский, гаражный массив 13, блок 4/Ж, гараж №2",,,Площадь,Купля-продажа,,,2026-02-25,2026-03-03,20796.46017699115,001001000000,1,,,,,,,22.6,470000.0,,3.0,0.0
2026-01-04,89:11:050105:928,Помещение,1988.0,помещение: двухкомнатная квартира,Смешанные,2,,101.0,,6,Жилое,,,"Ямало-Ненецкий автономный округ, г Новый Уренгой, мкр Юбилейный, д 2, корп 4, кв 47",,,Площадь,Купля-продажа,,,2026-03-02,2026-03-03,114361.70212765958,001001000000,1,,,,,,,56.4,6450000.0,,3.0,0.0
2026-01-04,89:05:000000:9515,Помещение,2015.0,Индивидуальный гараж,,1,,303.0,,,Нежилое,,,"Ямало-Ненецкий автономный округ, р-н Пуровский, г Тарко-Сале, Район СУМВР, ряд 1, участок 23",,,Площадь,Купля-продажа,,,2026-03-02,2026-03-03,4166.666666666667,001001000000,1,,,,,,,24.0,100000.0,,3.0,0.0
2026-01-04,89:11:020101:890,Помещение,1981.0,двухкомнатная квартира,Смешанные,4,,101.0,,6,Жилое,,,"Ямало-Ненецкий автономный округ, г Новый Уренгой, ул Железнодорожная, д 2, кв 25",,,Площадь,Купля-продажа,,,2026-03-02,2026-03-03,116814.1592920354,001001000000,1,,,,,,,56.5,6600000.0,,3.0,0.0
2026-01-04,89:03:000000:1747,Помещение,2018.0,,Из мелких бетонных блоков,1,,205.0,,3,Жилое,,,"Ямало-Ненецкий автономный округ, р-н Ямальский, с Панаевск, ул Новая, д 3А, кв 27",,,Площадь,Купля-продажа,,,2026-02-26,2026-03-03,103686.63594470047,001001000000,1,,,,,,,43.4,4500000.0,,3.0,0.0
2026-01-04,89:11:070101:2076,Помещение,1991.0,однокомнатная квартира,Крупнопанельные,2,,101.0,,6,Жилое,,,"Ямало-Ненецкий автономный округ, г Новый Уренгой, р-н Лимбяяха, мкр Приозерный, д 10, кв 7",,,Площадь,Купля-продажа,,,2026-02-26,2026-03-03,57142.857142857145,001002000000,1,,,,,,,38.5,2200000.0,,3.0,0.0
2026-01-04,89:11:020201:2023,Помещение,2007.0,однокомнатная квартира,Крупнопанельные,1,,101.0,,8,Жилое,,,"Ямало-Ненецкий автономный округ, г Новый Уренгой, мкр Оптимистов, д 4, корп 2, кв 90",,,Площадь,Купля-продажа,,,2026-03-02,2026-03-03,145873.32053742802,001001000000,1,,,,,,,52.1,7600000.0,,3.0,0.0
2026-01-04,89:12:110606:1130,Помещение,1982.0,двухкомнатная квартира,Деревянные,1,,205.0,,2,Жилое,,,"Ямало-Ненецкий автономный округ, г Ноябрьск, ул Советская, д 53а, кв 3",,,Площадь,Купля-продажа,,,2026-03-02,2026-03-03,124990.79189686925,001001000000,1,,,,,,,54.3,6787000.0,,3.0,0.0
2026-01-04,89:05:030201:2007,Помещение,1985.0,Квартира 11,Смешанные,2,,205.0,,2,Жилое,,,"Ямало-Ненецкий автономный округ, р-н Пуровский, п Ханымей, ул Молодежная, д 9, кв 11",,,Площадь,Купля-продажа,,,2026-03-02,2026-03-03,68421.05263157895,001001000000,1,,,,,,,57.0,3900000.0,,3.0,0.0
2026-01-04,89:10:010105:1137,Помещение,1994.0,трёхкомнатная квартира,Крупнопанельные,2,,101.0,,9,Жилое,,,"Ямало-Ненецкий автономный округ, г Надым, ул Кедровая, д 16, кв 143",,,Площадь,Купля-продажа,,,2026-03-02,2026-03-03,50798.258345428156,001001000000,1,,,,,,,68.9,3500000.0,,3.0,0.0
2026-01-04,89:11:050105:1013,Помещение,1987.0,Квартира,Крупнопанельные,4,,101.0,,6,Жилое,,,"Ямало-Ненецкий автономный округ, г Новый Уренгой, мкр Юбилейный, д 1, корп 2, кв 40",,,Площадь,Купля-продажа,,,2026-02-26,2026-03-03,121428.57142857143,001001000000,1,,,,,,,70.0,8500000.0,,3.0,0.0
2026-01-04,89:09:050104:143,Помещение,1991.0,трёхкомнатная квартира,Деревянные,1,,205.0,,2,Жилое,,,"Ямало-Ненецкий автономный округ, г Лабытнанги, ул Революции, д 9, кв 15",,,Площадь,Купля-продажа,,,2026-03-02,2026-03-03,76890.756302521,001001000000,1,,,,,,,71.4,5490000.0,,3.0,0.0
2026-01-04,89:12:110613:909,Помещение,1981.0,однокомнатная квартира,Крупнопанельные,5,,101.0,,5,Жилое,,,"Ямало-Ненецкий автономный округ, г Ноябрьск, пр-кт Мира, д 79, кв 74",,,Площадь,Купля-продажа,,,2026-03-02,2026-03-03,148688.04664723034,001001000000,1,,,,,,,34.3,5100000.0,,3.0,0.0
2026-01-04,89:11:000000:7332,Помещение,2015.0,Гараж №33,,1,,303.0,,,Нежилое,,,"Ямало-Ненецкий автономный округ, г Новый Уренгой, Северная промзона, панель ""А"", ГЭК ""Василёк"", гараж №33",,,Площадь,Купля-продажа,,,2026-02-25,2026-03-03,20202.0202020202,001001000000,1,,,,,,,29.7,600000.0,,3.0,0.0
2026-01-04,89:08:010302:473,Помещение,1995.0,Помещение: квартира,Рубленые,01,,205.0,,2,Жилое,,,"Ямало-Ненецкий автономный округ, г Салехард, ул Республики, д 139, кв 2",,,Площадь,Купля-продажа,,,2026-03-02,2026-03-03,118203.3096926714,001001000000,1,,,,,,,42.3,5000000.0,,3.0,0.0
2026-01-04,89:08:010106:598,Помещение,2017.0,,Бетонные,3,,205.0,,4,Жилое,,,"Ямало-Ненецкий автономный округ, г Салехард, ул Свердлова, д 40, кв 36",,,Площадь,Купля-продажа,,,2026-03-02,2026-03-03,217391.30434782608,001001000000,1,,,,,,,27.6,6000000.0,,3.0,0.0
2026-01-04,89:04:020101:7950,Помещение,2015.0,Гараж № 38,,1,,303.0,,,Нежилое,,,"Ямало-Ненецкий автономный округ, р-н Надымский, пгт Пангоды, ул Звездная, в районе примыкания улицы Звездная к улице Энергетиков, КСЭГ ""Таёжный-2001"", ряд 8, гараж № 38",,,Площадь,Купля-продажа,,,2026-02-25,2026-03-03,25104.602510460252,001001000000,1,,,,,,,47.8,1200000.0,,3.0,0.0
2026-01-04,89:10:010305:775,Помещение,2019.0,гараж,Железобетонные,1,,303.0,,1,Нежилое,,,"Ямало-Ненецкий автономный округ, Надымский муниципальный район, Городское поселение город Надым, г Надым, 8-й проезд, строение 19/1, помещение №117",,,Площадь,Купля-продажа,,,2026-02-20,2026-03-03,3875.968992248062,001001000000,1,,,,,,,25.8,100000.0,,3.0,0.0
2026-01-04,89:11:020205:1816,Помещение,2010.0,Гараж 71,Железобетонные,1,,303.0,,1,Нежилое,,,"Ямало-Ненецкий автономный округ, городской округ город Новый Уренгой, город Новый Уренгой, улица Заозерная, здание 11, помещение 71",,,Площадь,Купля-продажа,,,2026-03-02,2026-03-03,25252.52525252525,001001000000,1,,,,,,,19.8,500000.0,,3.0,0.0
2026-01-04,89:10:010305:263,Помещение,2015.0,Гараж,,1,,303.0,,,Нежилое,,,"Ямало-Ненецкий автономный округ, г Надым, проезд №8, ГСК Полярник, гараж 74 ряд 2",,,Площадь,Купля-продажа,,,2025-12-20,2026-03-04,4687.5,001001000000,1,,,,,,,25.6,120000.0,,3.0,0.0
2026-01-04,89:12:110617:2007,Помещение,1984.0,Комната,Смешанные,2,,507.0,,2,Жилое,,,"Ямало-Ненецкий автономный округ, г Ноябрьск, ул Изыскателей, д 5, к.29",,,Площадь,Купля-продажа,,,2026-03-02,2026-03-04,18293.05,001001000000,1,,,,,,,21.0,384154.05,,3.0,0.0
2026-01-04,89:12:110616:6985,Помещение,2025.0,,Иное,4,,205.0,,4,Жилое,,,"Ямало-Ненецкий автономный округ, городской округ город Ноябрьск, город Ноябрьск, улица Изыскателей, дом 14 корпус 1, квартира 82",,,Площадь,Купля-продажа,,,2026-03-02,2026-03-04,145112.9943502825,001002000000,1,,,,,,,35.4,5137000.0,,3.0,0.0
2026-01-04,89:12:110610:465,Помещение,1986.0,Квартира в многоквартирном доме,Крупнопанельные,5,,101.0,,6,Жилое,,,"Ямало-Ненецкий автономный округ, г Ноябрьск, ул Космонавтов, д 4, кв 34",,,Площадь,Купля-продажа,,,2026-03-04,2026-03-04,123287.6712328767,001001000000,1,,,,,,,51.1,6300000.0,,3.0,0.0
2026-01-04,89:12:110603:2957,Помещение,2025.0,Квартира,Кирпичные,5,,101.0,,6,Жилое,,,"Ямало-Ненецкий автономный округ, городской округ город Ноябрьск, город Ноябрьск, улица Советская, дом 28, квартира 38",,,Площадь,Купля-продажа,,,2026-03-03,2026-03-04,184612.9799426934,001001000000,1,,,,,,,34.9,6442993.0,,3.0,0.0
2026-01-04,89:05:030301:3614,Помещение,1990.0,"Жилое помещение расположено в многоквартирном доме, признанном аварийным и подлежащим сносу или реконструкции",Сборно-щитовые,1,,205.0,,2,Жилое,,,"Ямало-Ненецкий автономный округ, городской округ город Губкинский, город Губкинский, территория Пурпе-1, улица Парковская, дом 3, квартира 9",,,Площадь,Купля-продажа,,,2026-01-30,2026-03-04,114999.99999999999,001001000000,1,,,,,,,66.4,7636000.0,,3.0,0.0
2026-01-04,89:05:030301:13053,Помещение,2015.0,,Из прочих материалов,3,,205.0,,4,Жилое,,,"Ямало-Ненецкий автономный округ, город Губкинский, ул Железнодорожная, д 2В, кв 59",,,Площадь,Купля-продажа,,,2026-01-30,2026-03-04,119000.0,001001000000,1,,,,,,,64.5,7675500.0,,3.0,0.0
2026-01-04,89:12:110609:472,Помещение,1981.0,Комната,Смешанные,1,,205.0,,2,Жилое,,,"Ямало-Ненецкий автономный округ, городской округ город Ноябрьск, город Ноябрьск, улица Космонавтов, дом 7а, квартира 2",,,Площадь,Купля-продажа,,,2025-12-08,2026-03-04,22404.450264550265,001001000000,1,,,,,,,18.9,423444.11,,3.0,0.0
2026-01-04,89:12:110616:6893,Помещение,2025.0,,Иное,1,,205.0,,4,Жилое,,,"Ямало-Ненецкий автономный округ, городской округ город Ноябрьск, город Ноябрьск, улица Изыскателей, дом 14 корпус 2, квартира 2",,,Площадь,Купля-продажа,,,2025-12-08,2026-03-04,134453.78151260503,001001000000,1,,,,,,,35.7,4800000.0,,3.0,0.0
2026-01-04,89:08:010202:1113,Помещение,2002.0,Помещение: квартира,Крупнопанельные,4,,101.0,,6,Жилое,,,"Ямало-Ненецкий автономный округ, городской округ город Салехард, город Салехард, улица Зои Космодемьянской, дом 39а, квартира 25",,,Площадь,Купля-продажа,,,2026-03-04,2026-03-04,195710.45576407507,001001000000,1,,,,,,,37.3,7300000.0,,3.0,0.0
2026-01-04,89:12:110710:1058,Помещение,1986.0,двухкомнатная квартира,Крупнопанельные,5,,101.0,,5,Жилое,,,"Ямало-Ненецкий автономный округ, г Ноябрьск, пр-кт Мира, д 84, кв 89",,,Площадь,Купля-продажа,,,2026-03-04,2026-03-04,128364.38923395445,001001000000,1,,,,,,,48.3,6200000.0,,3.0,0.0
2026-01-04,89:10:010208:1818,Помещение,1990.0,Трёхкомнатная квартира,Крупнопанельные,2,,101.0,,10,Жилое,,,"Ямало-Ненецкий автономный округ, муниципальный округ Надымский район, город Надым, улица Зверева, дом 49, квартира 264",,,Площадь,Купля-продажа,,,2026-03-03,2026-03-04,83457.5260804769,001001000000,1,,,,,,,67.1,5600000.0,,3.0,0.0
2026-01-04,89:11:050102:1864,Помещение,1994.0,двухкомнатная квартира,Крупнопанельные,8,,101.0,,9,Жилое,,,"Ямало-Ненецкий автономный округ, городской округ город Новый Уренгой, город Новый Уренгой, микрорайон Восточный, дом 6 корпус 5, квартира 32",,,Площадь,Купля-продажа,,,2026-03-03,2026-03-04,125454.54545454546,001002000000,1,,,,,,,55.0,6900000.0,,3.0,0.0
2026-01-04,89:05:030301:2854,Помещение,1986.0,"Жилое помещение расположено в многоквартирном доме, признанное аварийным и подлежащим сносу или реконструкции",Деревянные,1,,205.0,,2,Жилое,,,"Ямало-Ненецкий автономный округ, городской округ город Губкинский, город Губкинский, территория Пурпе-1, переулок Ясный, дом 7, квартира 2",,,Площадь,Купля-продажа,,,2026-02-17,2026-03-04,115000.0,001001000000,1,,,,,,,73.0,8395000.0,,3.0,0.0
2026-01-04,89:05:030301:13261,Помещение,2025.0,,Из прочих материалов,3,,101.0,,5,Жилое,,,"Ямало-Ненецкий автономный округ, городской округ город Губкинский, город Губкинский, улица Железнодорожная, дом 3Г, квартира 44",,,Площадь,Купля-продажа,,,2026-02-17,2026-03-04,122376.09329446065,001001000000,1,,,,,,,68.6,8395000.0,,3.0,0.0
2026-01-04,89:12:110509:746,Помещение,1988.0,"«Жилое помещение, расположено в многоквартирном доме, признанном аварийным и подлежащим сносу или реконструкции»",Деревянные,1,,205.0,,1,Жилое,,,"Ямало-Ненецкий автономный округ, г Ноябрьск, мкр П-6, д 210, кв 7",,,Площадь,Купля-продажа,,,2026-02-25,2026-03-04,136771.3004484305,001001000000,1,,,,,,,44.6,6100000.0,,3.0,0.0
2026-01-04,89:11:020101:1251,Помещение,1986.0,трехкомнатная квартира,Крупнопанельные,1,,101.0,,10,Жилое,,,"Ямало-Ненецкий автономный округ, г Новый Уренгой, пр-кт Губкина, д 11, кв 76",,,Площадь,Купля-продажа,,,2026-03-04,2026-03-04,123924.26850258175,001001000000,1,,,,,,,58.1,7200000.0,,3.0,0.0
2026-01-04,89:12:110505:131,Помещение,1981.0,двухкомнатная квартира,Деревянные,1,,201.0,,1,Жилое,,,"Ямало-Ненецкий автономный округ, г Ноябрьск, пос.УТАДС, д 33, кв 1",,,Площадь,Купля-продажа,,,2026-03-02,2026-03-04,136020.15113350126,001001000000,1,,,,,,,39.7,5400000.0,,3.0,0.0
2026-01-04,89:12:110616:7151,Помещение,2025.0,,Иное,1,,101.0,,5,Жилое,,,"Ямало-Ненецкий автономный округ, городской округ город Ноябрьск, город Ноябрьск, улица Изыскателей, дом 16, квартира 16",,,Площадь,Купля-продажа,,,2026-03-02,2026-03-04,137780.61224489796,001001000000,1,,,,,,,39.2,5401000.0,,3.0,0.0
2026-01-04,89:12:110704:2761,Помещение,2014.0,Квартира,Смешанные,4,,101.0,,10,Жилое,,,"Ямало-Ненецкий автономный округ, городской округ город Ноябрьск, город Ноябрьск, улица Магистральная, дом 121, квартира 296",,,Площадь,Купля-продажа,,,2026-03-03,2026-03-04,116946.77871148459,001002000000,1,,,,,,,71.4,8350000.0,,3.0,0.0
2026-01-04,89:10:010208:3212,Помещение,1989.0,Трёхкомнатная квартира,Крупнопанельные,9,,101.0,,10,Жилое,,,"Ямало-Ненецкий автономный округ, муниципальный округ Надымский район, город Надым, улица Зверева, дом 42, квартира 213",,,Площадь,Купля-продажа,,,2026-03-03,2026-03-04,68914.9560117302,001001000000,1,,,,,,,68.2,4700000.0,,3.0,0.0
2026-01-04,89:08:010202:1739,Помещение,1984.0,"Жилое помещение расположено в многоквартирном доме, признанном аварийным и подлежащим сносу или реконструкции",Деревянные,1,,205.0,,2,Жилое,,,"Ямало-Ненецкий автономный округ, г Салехард, ул Зои Космодемьянской, д 32, кв 1",,,Площадь,Купля-продажа,,,2026-03-03,2026-03-04,121951.21951219514,001001000000,1,,,,,,,32.8,4000000.0,,3.0,0.0
2026-01-04,89:12:110704:268,Помещение,2008.0,Квартира в многоквартирном доме,Монолитные,7,,101.0,,11,Жилое,,,"Ямало-Ненецкий автономный округ, г Ноябрьск, ул Высоцкого, д 4, кв 150",,,Площадь,Купля-продажа,,,2026-03-03,2026-03-04,99715.09971509971,001001000000,1,,,,,,,35.1,3500000.0,,3.0,0.0
2026-01-04,89:10:010201:912,Помещение,1981.0,Квартира,Из прочих материалов,1,,101.0,,5,Жилое,,,"Ямало-Ненецкий автономный округ, муниципальный округ Надымский район, город Надым, улица Комсомольская, дом 24, квартира 76",,,Площадь,Купля-продажа,,,2026-02-27,2026-03-04,55989.583333333336,001001000000,1,,,,,,,38.4,2150000.0,,3.0,0.0
2026-01-04,89:12:110616:2032,Помещение,1988.0,Квартира,Крупнопанельные,3,,101.0,,6,Жилое,,,"Ямало-Ненецкий автономный округ, г Ноябрьск, ул Холмогорская, д 41 а, кв 20",,,Площадь,Купля-продажа,,,2026-03-03,2026-03-04,157664.23357664235,001001000000,1,,,,,,,68.5,10800000.0,,3.0,0.0
2026-01-04,89:12:110616:7185,Помещение,2025.0,,Иное,4,,101.0,,5,Жилое,,,"Ямало-Ненецкий автономный округ, городской округ город Ноябрьск, город Ноябрьск, улица Изыскателей, дом 16, квартира 68",,,Площадь,Купля-продажа,,,2026-02-25,2026-03-04,134130.84112149532,001002000000,1,,,,,,,53.5,7176000.0,,3.0,0.0
2026-01-04,89:12:110710:957,Помещение,1986.0,трёхкомнатная квартира,Крупнопанельные,3,,101.0,,5,Жилое,,,"Ямало-Ненецкий автономный округ, г Ноябрьск, пр-кт Мира, д 82В, кв 84",,,Площадь,Купля-продажа,,,2026-03-03,2026-03-04,176110.2603369066,001002000000,1,,,,,,,65.3,11500000.0,,3.0,0.0
2026-01-04,89:12:000000:3690,Помещение,2015.0,Гараж,,1,,303.0,,,Нежилое,,,"Ямало-Ненецкий автономный округ, г Ноябрьск, ГК Ханто-2, ряд 31, гараж 48",,,Площадь,Купля-продажа,,,2026-03-02,2026-03-04,8333.333333333334,001001000000,1,,,,,,,24.0,200000.0,,3.0,0.0
2026-01-04,89:10:010201:2162,Помещение,1983.0,Квартира,Крупнопанельные,4,,101.0,,9,Жилое,,,"Ямало-Ненецкий автономный округ, муниципальный округ Надымский район, город Надым, проспект Ленинградский, дом 20, квартира 16",,,Площадь,Купля-продажа,,,2026-03-03,2026-03-04,47307.13245997088,001001000000,1,,,,,,,68.7,3250000.0,,3.0,0.0
2026-01-04,89:05:020301:8061,Помещение,2015.0,Часть здания: Гараж в капитальном исполнении,,1,,303.0,,,Нежилое,,,"Ямало-Ненецкий автономный округ, р-н Пуровский, пос Уренгой, Южная часть промышленной зоны, ряд III, бокс №28, 1 очередь",,,Площадь,Купля-продажа,,,2026-02-28,2026-03-04,8381.50289017341,001001000000,1,,,,,,,34.6,290000.0,,3.0,0.0
2026-01-04,89:10:010206:567,Помещение,1981.0,Трёхкомнатная квартира,Смешанные,4,,101.0,,5,Жилое,,,"Ямало-Ненецкий автономный округ, муниципальный округ Надымский район, город Надым, улица Набережная имени Оруджева С.А., дом 12, квартира 10",,,Площадь,Купля-продажа,,,2026-02-27,2026-03-04,66951.56695156694,001002000000,1,,,,,,,70.2,4700000.0,,3.0,0.0
2026-01-04,89:14:000000:940,Помещение,2015.0,гараж,,1,,303.0,,,Нежилое,,,"Ямало-Ненецкий автономный округ, г Губкинский, промышленная зона, панель 6, ГСК Мечта, блок 2, бокс 22",,,Площадь,Купля-продажа,,,2026-03-03,2026-03-05,45833.333333333336,001001000000,1,,,,,,,24.0,1100000.0,,3.0,0.0
2026-01-04,89:08:010104:823,Помещение,2004.0,Помещение: двухкомнатная квартира,Крупнопанельные,3,,101.0,,5,Жилое,,,"Ямало-Ненецкий автономный округ, г Салехард, ул Совхозная, д 15а, кв 20",,,Площадь,Купля-продажа,,,2026-03-03,2026-03-05,196078.431372549,001001000000,1,,,,,,,56.1,11000000.0,,3.0,0.0
2026-01-04,89:07:010101:6059,Помещение,2013.0,Квартира,Смешанные,3,,205.0,,3,Жилое,,,"Ямало-Ненецкий автономный округ, р-н Красноселькупский, с Красноселькуп, ул 40 лет Победы, д 17, кв 23",,,Площадь,Купля-продажа,,,2026-03-04,2026-03-05,50000.0,001001000000,1,,,,,,,58.0,2900000.0,,3.0,0.0
2026-01-04,89:08:010204:1467,Помещение,2015.0,Помещение: квартира,Смешанные,6,,101.0,,9,Жилое,,,"Ямало-Ненецкий автономный округ, г Салехард, ул Республики, д 77, кв 27",,,Площадь,Купля-продажа,,,2026-03-04,2026-03-05,219948.8491048593,001001000000,1,,,,,,,39.1,8600000.0,,3.0,0.0
2026-01-04,89:11:020101:5785,Помещение,2025.0,,Иное,2,,101.0,,11,Жилое,,,"Ямало-Ненецкий автономный округ, городской округ город Новый Уренгой, город Новый Уренгой, проспект Губкина, дом 9Б, квартира 14",,,Площадь,Купля-продажа,,,2026-03-04,2026-03-05,200000.0,001001000000,1,,,,,,,29.0,5800000.0,,3.0,0.0
2026-01-04,89:10:010206:964,Помещение,1980.0,Двухкомнатная квартира,Смешанные,3,,101.0,,5,Жилое,,,"Ямало-Ненецкий автономный округ, муниципальный округ Надымский район, город Надым, улица Набережная имени Оруджева С.А., дом 4, квартира 8",,,Площадь,Купля-продажа,,,2026-03-04,2026-03-05,75000.0,001001000000,1,,,,,,,56.0,4200000.0,,3.0,0.0
2026-01-04,89:05:030301:5554,Помещение,1987.0,"Жилое помещение расположено в многоквартирном доме, признанном аварийным и подлежащим сносу или реконструкции",Иное,1,,205.0,,2,Жилое,,,"Ямало-Ненецкий автономный округ, городской округ город Губкинский, город Губкинский, территория Пурпе-1, улица Труда, дом 4А, квартира 1",,,Площадь,Купля-продажа,,,2026-03-04,2026-03-05,118019.80198019803,001001000000,1,,,,,,,50.5,5960000.0,,3.0,0.0
2026-01-04,89:05:030301:13112,Помещение,2025.0,,Из прочих материалов,4,,205.0,,4,Жилое,,,"Ямало-Ненецкий автономный округ, городской округ город Губкинский, город Губкинский, улица Железнодорожная, дом 2Б, квартира 17",,,Площадь,Купля-продажа,,,2026-03-04,2026-03-05,122000.0,001001000000,1,,,,,,,50.6,6173200.0,,3.0,0.0
2026-01-04,89:13:010104:1198,Помещение,1986.0,Двухкомнатная квартира,Крупнопанельные,2,,101.0,,5,Жилое,,,"Ямало-Ненецкий автономный округ, г Муравленко, ул Комсомольская, д 1, кв 93",,,Площадь,Купля-продажа,,,2026-03-04,2026-03-05,217898.8326848249,001001000000,1,,,,,,,51.4,11200000.0,,3.0,0.0
2026-01-04,89:05:020301:7537,Помещение,2015.0,Квартира,Из прочих материалов,2,,205.0,,2,Жилое,,,"Ямало-Ненецкий автономный округ, р-н Пуровский, пгт Уренгой, Пятый микрорайон, д 46, кв 18",,,Площадь,Купля-продажа,,,2026-03-04,2026-03-05,83832.33532934132,001001000000,1,,,,,,,33.4,2800000.0,,3.0,0.0
2026-01-04,89:11:050201:313,Помещение,2015.0,Часть здания: гараж,,1,,303.0,,,Нежилое,,,"Ямало-Ненецкий автономный округ, г Новый Уренгой, Северная промзона, Гаражно-потребительский кооператив ""Лада-97"", Бокс № 64",,,Площадь,Купля-продажа,,,2026-03-03,2026-03-05,72243.34600760456,001001000000,1,,,,,,,26.3,1900000.0,,3.0,0.0
2026-01-04,89:12:160103:191,Помещение,1994.0,"однокомнатная квартира, этаж 1, назначение: жилое",Железобетонные,1,,205.0,,3,Жилое,,,"Ямало-Ненецкий автономный округ, г Ноябрьск, мкр Вынгапуровский, ул 70 лет Октября, д 20, кв 14",,,Площадь,Купля-продажа,,,2026-03-02,2026-03-05,88679.24528301887,001001000000,1,,,,,,,37.1,3290000.0,,3.0,0.0
2026-01-04,89:12:110707:540,Помещение,1984.0,трёхкомнатная квартира,Крупнопанельные,2,,101.0,,5,Жилое,,,"Ямало-Ненецкий автономный округ, г Ноябрьск, ул Дзержинского, д 24, кв 6",,,Площадь,Купля-продажа,,,2026-03-01,2026-03-05,98039.21568627452,001002000000,1,,,,,,,66.3,6500000.0,,3.0,0.0
2026-01-04,89:12:110616:7023,Помещение,2025.0,,Иное,2,,205.0,,4,Жилое,,,"Ямало-Ненецкий автономный округ, городской округ город Ноябрьск, город Ноябрьск, улица Изыскателей, дом 12, корпус 1, квартира 75",,,Площадь,Купля-продажа,,,2026-02-13,2026-03-05,151073.44632768363,001002000000,1,,,,,,,35.4,5348000.0,,3.0,0.0
2026-01-04,89:13:010111:1745,Помещение,2016.0,Квартира,Из мелких бетонных блоков,3,,101.0,,7,Жилое,,,"Ямало-Ненецкий автономный округ, г Муравленко, ул 70 лет Октября, д 45, кв 52",,,Площадь,Купля-продажа,,,2026-03-05,2026-03-05,127245.50898203593,001001000000,1,,,,,,,33.4,4250000.0,,3.0,0.0
2026-01-04,89:10:010102:725,Помещение,1987.0,Квартира,Железобетонные,1,,101.0,,5,Жилое,,,"Ямало-Ненецкий автономный округ, г Надым, п Лесной, д 12, кв 2",,,Площадь,Купля-продажа,,,2026-03-04,2026-03-05,50913.83812010444,001001000000,1,,,,,,,38.3,1950000.0,,3.0,0.0
2026-01-04,89:11:050101:855,Помещение,1993.0,однокомнатная квартира,Железобетонные,1,,101.0,,10,Жилое,,,"Ямало-Ненецкий автономный округ, г Новый Уренгой, мкр Дружба, д 2, корп 8, кв 74",,,Площадь,Купля-продажа,,,2026-03-04,2026-03-05,173669.46778711485,001001000000,1,,,,,,,35.7,6200000.0,,3.0,0.0
2026-01-04,89:14:010102:374,Помещение,1996.0,"Жилое помещение расположено в многоквартирном доме, признанном аварийным и подлежащим сносу или реконструкции. Постановление ""О признании многоквартирного жилого дома №11 микрорайона 12 города Губкинского аварийным и подлежащим сносу"" № 2526 от 31.10.2024",Сборно-щитовые,2,,205.0,,2,Жилое,,,"Ямало-Ненецкий автономный округ, г Губкинский, мкр 12-й, д 11, кв 14",,,Площадь,Купля-продажа,,,2026-02-19,2026-03-05,124700.65743944637,001001000000,1,,,,,,,57.8,7207698.0,,3.0,0.0
2026-01-04,89:14:040101:1634,Помещение,2015.0,,Бетонные,2,,101.0,,7-8,Жилое,,,"Ямало-Ненецкий автономный округ, городской округ город Губкинский, город Губкинский, микрорайон № 17, дом 12, квартира 81",,,Площадь,Купля-продажа,,,2026-02-19,2026-03-05,122100.0,001001000000,1,,,,,,,62.6,7643460.0,,3.0,0.0
2026-01-04,89:05:000000:11222,Помещение,2015.0,Часть здания: Автомобильный гараж,,1,,303.0,,,Нежилое,,,"Ямало-Ненецкий автономный округ, р-н Пуровский, г Тарко-Сале, Район Бани, ряд №1, гараж №10",,,Площадь,Купля-продажа,,,2026-03-03,2026-03-05,38461.53846153846,001001000000,1,,,,,,,23.4,900000.0,,3.0,0.0
2026-01-04,89:10:010104:159,Помещение,2015.0,Гараж,,1,,303.0,,,Нежилое,,,"Ямало-Ненецкий автономный округ, г Надым, район телецентра, ГСК Мираж, гараж №29",,,Площадь,Купля-продажа,,,2026-03-05,2026-03-06,19083.969465648857,001001000000,1,,,,,,,26.2,500000.0,,3.0,0.0
2026-01-04,89:09:010110:1089,Помещение,2015.0,Помещение № 4,Деревянные,2,,403.0,,2,Нежилое,,,"Ямало-Ненецкий автономный округ, городской округ город Лабытнанги, город Лабытнанги, улица Обская, дом 67, помещение № 4",,,Площадь,Купля-продажа,,,2026-03-04,2026-03-06,50000.0,001001000000,1,,,,,,,20.0,1000000.0,,3.0,0.0
2026-01-04,89:12:110709:1410,Помещение,1991.0,двухкомнатная квартира,Крупнопанельные,1,,101.0,,5,Жилое,,,"Ямало-Ненецкий автономный округ, г Ноябрьск, ул Цоя, д 9б, кв 32",,,Площадь,Купля-продажа,,,2026-03-05,2026-03-06,129149.37759336099,001002000000,1,,,,,,,48.2,6225000.0,,3.0,0.0
2026-01-04,89:11:020102:2468,Помещение,2015.0,,Иное,2,,101.0,,9,Жилое,,,"Ямало-Ненецкий автономный округ, городской округ город Новый Уренгой, город Новый Уренгой, улица Набережная, дом 43Б, квартира 14",,,Площадь,Купля-продажа,,,2026-03-04,2026-03-06,182696.9983416252,001001000000,1,,,,,,,60.3,11016629.0,,3.0,0.0
2026-01-04,89:11:020302:1263,Помещение,1983.0,однокомнатная квартира,Смешанные,2,,101.0,,5,Жилое,,,"Ямало-Ненецкий автономный округ, г Новый Уренгой, ул 26 Съезда КПСС, д 4, кв 14",,,Площадь,Купля-продажа,,,2026-03-02,2026-03-06,130890.05235602093,001001000000,1,,,,,,,38.2,5000000.0,,3.0,0.0
2026-01-04,89:12:110610:447,Помещение,1995.0,однокомнатная квартира,Кирпичные,8,,101.0,,10,Жилое,,,"Ямало-Ненецкий автономный округ, г Ноябрьск, ул Космонавтов, д 8, кв 60",,,Площадь,Купля-продажа,,,2026-03-05,2026-03-06,127058.82352941176,001001000000,1,,,,,,,42.5,5400000.0,,3.0,0.0
2026-01-04,89:04:020101:8901,Помещение,2018.0,,Из мелких бетонных блоков,1,,205.0,,3,Жилое,,,"Ямало-Ненецкий автономный округ, муниципальный округ Надымский район, поселок городского типа Пангоды, улица Полярников, дом 8, квартира 4",,,Площадь,Купля-продажа,,,2026-03-06,2026-03-06,56561.08597285068,001001000000,1,,,,,,,44.2,2500000.0,,3.0,0.0
2026-01-04,89:08:010201:2274,Помещение,2005.0,двухкомнатная квартира,Из мелких бетонных блоков,2,,101.0,,8,Жилое,,,"Ямало-Ненецкий автономный округ, г Салехард, ул Арктическая, д 20, кв 93",,,Площадь,Купля-продажа,,,2026-03-05,2026-03-06,197318.00766283524,001001000000,1,,,,,,,52.2,10300000.0,,3.0,0.0
2026-01-04,89:08:020101:566,Помещение,1987.0,Помещение: двухкомнатная квартира,Деревянные,2,,205.0,,2,Жилое,,,"Ямало-Ненецкий автономный округ, г Салехард, ул Комбинатская, д 15, кв 5",,,Площадь,Купля-продажа,,,2026-03-05,2026-03-06,115720.52401746725,001001000000,1,,,,,,,45.8,5300000.0,,3.0,0.0
2026-01-04,89:11:030204:1329,Помещение,2015.0,,,1,,303.0,,,Нежилое,,,"Ямало-Ненецкий автономный округ, г Новый Уренгой, Восточная промзона, проезд 4, панель «Б», ГК ""РАФ"", гараж №14",,,Площадь,Купля-продажа,,,2026-02-27,2026-03-06,8211.009174311926,001001000000,1,,,,,,,21.8,179000.0,,3.0,0.0
2026-01-04,89:10:010104:1109,Помещение,2015.0,Квартира,Крупноблочные,4,,101.0,,5,Жилое,,,"Ямало-Ненецкий автономный округ, г Надым, ул Топчева, д 12, кв. 55",,,Площадь,Купля-продажа,,,2026-03-04,2026-03-06,41743.97031539889,001001000000,1,,,,,,,53.9,2250000.0,,3.0,0.0
2026-01-04,89:05:030301:13051,Помещение,2015.0,,Из прочих материалов,3,,205.0,,4,Жилое,,,"Ямало-Ненецкий автономный округ, город Губкинский, ул Железнодорожная, д 2В, кв 58",,,Площадь,Купля-продажа,,,2026-02-10,2026-03-06,123000.0,001002000000,1,,,,,,,38.4,4723200.0,,3.0,0.0
2026-01-04,89:05:030301:5525,Помещение,1985.0,"Жилое помещение расположено в многоквартирном доме, признанном аварийным и подлежащим сносу или реконструкции»",Деревянные,1,,205.0,,2,Жилое,,,"Ямало-Ненецкий автономный округ, городской округ город Губкинский, город Губкинский, территория Пурпе-1, улица Таежная, дом 4, квартира 14",,,Площадь,Купля-продажа,,,2026-02-10,2026-03-06,118000.0,001001000000,1,,,,,,,36.4,4295200.0,,3.0,0.0
2026-01-04,89:05:030301:4991,Помещение,1989.0,двухкомнатная квартира,Кирпичные,5,,101.0,,5,Жилое,,,"Ямало-Ненецкий автономный округ, городской округ город Губкинский, город Губкинский, улица Железнодорожная, дом 4, квартира 28",,,Площадь,Купля-продажа,,,2026-03-04,2026-03-06,108843.53741496598,001001000000,1,,,,,,,44.1,4800000.0,,3.0,0.0
2026-01-04,89:12:110610:923,Помещение,1987.0,Квартира в многоквартирном доме,Смешанные,6,,101.0,,9,Жилое,,,"Ямало-Ненецкий автономный округ, г Ноябрьск, пр. Мира, д 61, кв 601",,,Площадь,Купля-продажа,,,2026-03-05,2026-03-06,161764.70588235292,001001000000,1,,,,,,,30.6,4950000.0,,3.0,0.0
2026-01-04,89:05:030201:2772,Помещение,2000.0,Жилое помещение,Из прочих материалов,1,,205.0,,2,Жилое,,,"Ямало-Ненецкий автономный округ, р-н Пуровский, пос Ханымей, квартал Комсомольский, д 1в, к.4",,,Площадь,Купля-продажа,,,2026-03-03,2026-03-06,57000.0,001001000000,1,,,,,,,36.0,2052000.0,,3.0,0.0
2026-01-04,89:11:020101:2302,Помещение,1900.0,помещение: однокомнатная квартира,Из легкобетонных панелей,3,,101.0,,5,Жилое,,,"Ямало-Ненецкий автономный округ, г Новый Уренгой, ул Железнодорожная, д 4, кв 53",,,Площадь,Купля-продажа,,,2026-03-06,2026-03-06,184343.43434343435,001001000000,1,,,,,,,39.6,7300000.0,,3.0,0.0
2026-01-04,89:11:010303:1155,Помещение,2015.0,Гараж,,1,,303.0,,,Нежилое,,,"Ямало-Ненецкий автономный округ, г Новый Уренгой, Западная промзона, ПГСК Булгар, панель ""Е"", гараж № 214",,,Площадь,Купля-продажа,,,2026-03-04,2026-03-06,71225.07122507122,001001000000,1,,,,,,,35.1,2500000.0,,3.0,0.0
2026-01-04,89:04:020101:7107,Помещение,2002.0,Квартира,Кирпичные,3,,101.0,,6,Жилое,,,"Ямало-Ненецкий автономный округ, р-н Надымский, пгт Пангоды, ул Мира, д 15, кв 72",,,Площадь,Купля-продажа,,,2026-03-05,2026-03-06,61452.51396648045,001001000000,1,,,,,,,35.8,2200000.0,,3.0,0.0
2026-01-04,89:11:020101:2911,Помещение,2018.0,,Смешанные,9,,101.0,,10,Жилое,,,"Ямало-Ненецкий автономный округ, г Новый Уренгой, пр-кт Губкина, д 19, кв 92",,,Площадь,Купля-продажа,,,2026-03-05,2026-03-06,197183.0985915493,001001000000,1,,,,,,,42.6,8400000.0,,3.0,0.0
2026-01-04,89:08:040101:424,Помещение,1989.0,Помещение: квартира,Деревянные,2,,205.0,,2,Жилое,,,"Ямало-Ненецкий автономный округ, г Салехард, ул Обская, д 25, кв 5",,,Площадь,Купля-продажа,,,2026-03-05,2026-03-06,119760.47904191616,001001000000,1,,,,,,,50.1,6000000.0,,3.0,0.0
2026-01-04,89:02:020101:228,Помещение,2010.0,Помещение: квартира,Из прочих материалов,2,,205.0,,3,Жилое,,,"Ямало-Ненецкий автономный округ, р-н Приуральский, с Аксарка, ул Зверева, д 16, кв 7",,,Площадь,Купля-продажа,,,2026-03-04,2026-03-06,151187.9049676026,001001000000,1,,,,,,,46.3,7000000.0,,3.0,0.0
2026-01-04,89:08:040101:619,Помещение,1981.0,Помещение,Из прочих материалов; Из прочих материалов; Кирпичные,1,,403.0,,2,Нежилое,,,"Ямало-Ненецкий автономный округ, городской округ город Салехард, город Салехард, улица Ангальский мыс, дом 70, помещение 1",,,Площадь,Купля-продажа,,,2026-02-27,2026-03-06,55412.62616267564,001001000000,1,,,,,,,505.3,28000000.0,,3.0,0.0
2026-01-04,89:14:000000:466,Помещение,2007.0,квартира,Из мелких бетонных блоков,4,,101.0,,6,Жилое,,,"Ямало-Ненецкий автономный округ, г Губкинский, мкр 9-й, д 23, кв 14",,,Площадь,Купля-продажа,,,2026-03-04,2026-03-06,135933.8061465721,001001000000,1,,,,,,,84.6,11500000.0,,3.0,0.0
2026-01-04,89:10:010207:1007,Помещение,1986.0,Однокомнатная квартира,Крупнопанельные,4,,101.0,,5,Жилое,,,"Ямало-Ненецкий автономный округ, г Надым, ул Зверева, д 57а, кв 56",,,Площадь,Купля-продажа,,,2026-03-03,2026-03-06,74257.42574257425,001001000000,1,,,,,,,40.4,3000000.0,,3.0,0.0
2026-01-04,89:10:000000:3010,Помещение,2015.0,Гараж,,1,,303.0,,,Нежилое,,,"Ямало-Ненецкий автономный округ, г Надым, ул Зверева, район промбазы ОАО Надымдорстрой, КСЭГ Пикет, гараж №82",,,Площадь,Купля-продажа,,,2026-03-06,2026-03-06,34334.76394849785,001001000000,1,,,,,,,23.3,800000.0,,3.0,0.0
2026-01-04,89:10:010104:1078,Помещение,2015.0,Квартира,Крупноблочные,3,,101.0,,5,Жилое,,,"Ямало-Ненецкий автономный округ, г Надым, ул Топчева, д 12, кв. 24",,,Площадь,Купля-продажа,,,2026-03-02,2026-03-06,40783.74455732946,001001000000,1,,,,,,,68.9,2810000.0,,3.0,0.0
2026-01-04,89:11:050103:4114,Помещение,1988.0,двухкомнатная квартира,Из железобетонных сегментов,5,,101.0,,6,Жилое,,,"Ямало-Ненецкий автономный округ, г Новый Уренгой, мкр Мирный, д 6, корп 2, кв 40",,,Площадь,Купля-продажа,,,2026-03-05,2026-03-06,159857.90408525756,001001000000,1,,,,,,,56.3,9000000.0,,3.0,0.0
2026-01-04,89:14:040101:1621,Помещение,2015.0,,Бетонные,2,,101.0,,7-8,Жилое,,,"Ямало-Ненецкий автономный округ, городской округ город Губкинский, город Губкинский, микрорайон № 17, дом 12, квартира 5",,,Площадь,Купля-продажа,,,2025-12-19,2026-03-06,122100.0,001001000000,1,,,,,,,62.4,7619040.0,,3.0,0.0
2026-01-04,89:14:010101:940,Помещение,1995.0,"двухкомнатная квартира - ""Жилое помещение расположено в многоквартирном доме, признанном аварийным и подлежащим сносу или реконструкции"" (Постановление Администрации города Губкинского ""О признании многоквартирного жилого дома №46 микрорайона 1 города Губкинского аварийным и подлежащим сносу"" №1604 от 21.10.2019 года)",Смешанные,1,,205.0,,2,Жилое,,,"Ямало-Ненецкий автономный округ, г Губкинский, мкр 1-й, д 46, кв 13",,,Площадь,Купля-продажа,,,2025-12-19,2026-03-06,128000.0,001001000000,1,,,,,,,53.7,6873600.0,,3.0,0.0
2026-01-04,89:14:010102:3017,Помещение,2015.0,,Из прочих материалов,3,,101.0,,4-5,Жилое,,,"Ямало-Ненецкий автономный округ, город Губкинский, микрорайон №2, д 3, кв 111",,,Площадь,Купля-продажа,,,2026-02-20,2026-03-06,131000.0,001002000000,1,,,,,,,62.7,8213700.0,,3.0,0.0
2026-01-04,89:14:010102:178,Помещение,1994.0,"Жилое помещение расположено в многоквартирном доме, признанном аварийным и подлежащим сносу или реконструкции. Постановление №2329 от 08.10.2024 г. «О признании многоквартирного жилого дома №6 микрорайона 12 города Губкинского аварийным и подлежащим сносу», выданное Администрацией города Губкинского.",Сборно-щитовые,1,,205.0,,2,Жилое,,,"Ямало-Ненецкий автономный округ, г Губкинский, мкр 12-й, д 6, кв 9",,,Площадь,Купля-продажа,,,2026-02-20,2026-03-06,123942.22734254993,001001000000,1,,,,,,,65.1,8068639.0,,3.0,0.0
2026-01-04,89:05:030201:3452,Помещение,1990.0,Комната №28,Смешанные,2,,507.0,,2,Жилое,,,"Ямало-Ненецкий автономный округ, р-н Пуровский, п Ханымей, кв-л Комсомольский, д 1А, к 28",,,Площадь,Купля-продажа,,,2026-03-03,2026-03-06,57000.0,001001000000,1,,,,,,,23.9,1362300.0,,3.0,0.0
2026-01-04,89:11:020203:1838,Помещение,2015.0,помещение,Из мелких бетонных блоков; Кирпичные,1,,610.0,,6,Нежилое,,,"Ямало-Ненецкий автономный округ, г Новый Уренгой, ул Таежная, д 30А",,,Площадь,Купля-продажа,,,2026-03-04,2026-03-10,5478.6375,001001000000,1,,,,,,,40.0,219145.5,,3.0,0.0
2026-01-04,89:05:020102:942,Помещение,2015.0,Гараж № 21,,1,,303.0,,,Нежилое,,,"Ямало-Ненецкий автономный округ, р-н Пуровский, г Тарко-Сале, район РЭБа, ряд № 1, гараж № 21",,,Площадь,Купля-продажа,,,2026-03-02,2026-03-10,33333.333333333336,001001000000,1,,,,,,,24.0,800000.0,,3.0,0.0
2026-01-04,89:11:020203:1834,Помещение,2015.0,помещение,Из мелких бетонных блоков; Кирпичные,подвал,,610.0,,6,Нежилое,,,"Ямало-Ненецкий автономный округ, г Новый Уренгой, ул Таежная, д 30А",,,Площадь,Купля-продажа,,,2026-03-04,2026-03-10,13958.31210191083,001001000000,1,,,,,,,15.7,219145.5,,3.0,0.0
2026-01-04,89:11:000000:6982,Помещение,2004.0,гараж,Из прочих материалов,1,,303.0,,1,Нежилое,,,"Ямало-Ненецкий автономный округ, г Новый Уренгой, Северная коммунальная зона, ГЭК ""Берег"", гараж №151",,,Площадь,Купля-продажа,,,2026-02-02,2026-03-10,34090.90909090909,001001000000,1,,,,,,,22.0,750000.0,,3.0,0.0
2026-01-04,89:11:020203:1845,Помещение,2015.0,помещение,Из мелких бетонных блоков; Кирпичные,подвал,,610.0,,6,Нежилое,,,"Ямало-Ненецкий автономный округ, г Новый Уренгой, ул Таежная, д 30А",,,Площадь,Купля-продажа,,,2026-03-04,2026-03-10,5648.079896907217,001001000000,1,,,,,,,38.8,219145.5,,3.0,0.0
2026-01-04,89:10:010201:759,Помещение,1973.0,Квартира,Крупнопанельные,3,,101.0,,5,Жилое,,,"Ямало-Ненецкий автономный округ, г Надым, ул Комсомольская, д 17, кв 31",,,Площадь,Купля-продажа,,,2026-03-07,2026-03-10,60714.28571428572,001001000000,1,,,,,,,28.0,1700000.0,,3.0,0.0
2026-01-04,89:13:010103:1952,Помещение,2005.0,Гараж,Смешанные,1,,303.0,,1,Нежилое,,,"Ямало-Ненецкий автономный округ, г Муравленко, мкр. Административный (мкр.№3), гаражный бокс № 72",,,Площадь,Купля-продажа,,,2026-02-27,2026-03-10,11792.45283018868,001001000000,1,,,,,,,21.2,250000.0,,3.0,0.0
2026-01-04,89:10:010208:3997,Помещение,1990.0,Четырёхкомнатная квартира,Крупнопанельные,8,,101.0,,10,Жилое,,,"Ямало-Ненецкий автономный округ, г Надым, ул Зверева, д 49, кв 352",,,Площадь,Купля-продажа,,,2026-03-07,2026-03-10,83608.36083608361,001001000000,1,,,,,,,90.9,7600000.0,,3.0,0.0
2026-01-04,89:13:010105:1520,Помещение,2015.0,Квартира,Бетонные,2,,205.0,,3,Жилое,,,"Ямало-Ненецкий автономный округ, городской округ город Муравленко, город Муравленко, улица Нефтяников, дом 29, квартира 6",,,Площадь,Купля-продажа,,,2026-03-06,2026-03-10,127906.97674418605,001001000000,1,,,,,,,34.4,4400000.0,,3.0,0.0
2026-01-04,89:14:010111:637,Помещение,1992.0,"помещение: двухкомнатная квартира- жилое помещение расположено в многоквартирном доме, признанном аварийным и подлежащим сносу или реконструкции Постановление  Администрации города Губкинский «О признании многоквартирного жилого дома № 38 микрорайона 11 города Губкинского аварийным и подлежащим сносу» от 08.10.2024 года №2318",Смешанные,1,,205.0,,2,Жилое,,,"Ямало-Ненецкий автономный округ, г Губкинский, микрорайон 11, д 38, кв 3",,,Площадь,Купля-продажа,,,2026-01-29,2026-03-10,129549.0625,001001000000,1,,,,,,,54.4,7047469.0,,3.0,0.0
2026-01-04,89:14:040101:1627,Помещение,2015.0,,Бетонные,2,,101.0,,7-8,Жилое,,,"Ямало-Ненецкий автономный округ, городской округ город Губкинский, город Губкинский, микрорайон № 17, дом 12, квартира 31",,,Площадь,Купля-продажа,,,2026-01-29,2026-03-10,122100.0,001001000000,1,,,,,,,63.3,7728930.0,,3.0,0.0
2026-01-04,89:08:030301:594,Помещение,2004.0,Помещение: квартира,Из прочих материалов,1,,507.0,,1,Жилое,,,"Ямало-Ненецкий автономный округ, г Салехард, ул Полярная, д 3 А, кв 17",,,Площадь,Купля-продажа,,,2026-03-06,2026-03-10,223214.28571428574,001001000000,1,,,,,,,11.2,2500000.0,,3.0,0.0
2026-01-04,89:10:010203:853,Помещение,1988.0,Однокомнатная квартира,Из прочих материалов,4,,101.0,,5,Жилое,,,"Ямало-Ненецкий автономный округ, г Надым, ул Строителей, д 3а, кв 26",,,Площадь,Купля-продажа,,,2026-03-06,2026-03-10,53571.428571428565,001001000000,1,,,,,,,39.2,2100000.0,,3.0,0.0
2026-01-04,89:08:010303:1296,Помещение,2015.0,,Иное,2,,101.0,,9,Жилое,,,"Ямало-Ненецкий автономный округ, городской округ город Салехард, город Салехард, улица Республики, дом 106, квартира 114",,,Площадь,Купля-продажа,,,2026-03-06,2026-03-10,196560.19656019655,001001000000,1,,,,,,,40.7,8000000.0,,3.0,0.0
2026-01-04,89:12:110701:3916,Помещение,2025.0,Квартира,Иное,8,,101.0,,7-9,Жилое,,,"Ямало-Ненецкий автономный округ, городской округ город Ноябрьск, город Ноябрьск, улица Советская, дом 64, квартира 144",,,Площадь,Купля-продажа,,,2026-03-06,2026-03-10,184397.0,001001000000,1,,,,,,,31.9,5882264.3,,3.0,0.0
2026-01-04,89:11:060201:2315,Помещение,2015.0,помещение,,1,,303.0,,,Нежилое,,,"Ямало-Ненецкий автономный округ, г Новый Уренгой, Северная промзона, панель А, ГЭК ""Василек"", гараж №307",,,Площадь,Купля-продажа,,,2026-03-06,2026-03-10,35714.28571428571,001001000000,1,,,,,,,26.6,950000.0,,3.0,0.0
2026-01-04,89:12:110617:1180,Помещение,1990.0,Квартира,Деревянные,2,,205.0,,2,Жилое,,,"Ямало-Ненецкий автономный округ, городской округ город Ноябрьск, город Ноябрьск, улица Северная, дом 18а, квартира 4",,,Площадь,Купля-продажа,,,2026-03-02,2026-03-10,135000.0,001001000000,1,,,,,,,72.6,9801000.0,,3.0,0.0
2026-01-04,89:12:110616:7125,Помещение,2025.0,,Иное,2,,101.0,,5,Жилое,,,"Ямало-Ненецкий автономный округ, городской округ город Ноябрьск, город Ноябрьск, улица Изыскателей, дом 16, квартира 21",,,Площадь,Купля-продажа,,,2026-03-02,2026-03-10,141773.04964539007,001001000000,1,,,,,,,70.5,9995000.0,,3.0,0.0
2026-01-04,89:11:050105:1402,Помещение,1993.0,трёхкомнатная квартира,Из прочих материалов,8,,101.0,,9,Жилое,,,"Ямало-Ненецкий автономный округ, г Новый Уренгой, мкр Юбилейный, д 3, корп 5, кв 104",,,Площадь,Купля-продажа,,,2026-03-03,2026-03-10,141579.73174366617,001001000000,1,,,,,,,67.1,9500000.0,,3.0,0.0
2026-01-04,89:12:110705:1079,Помещение,1989.0,двухкомнатная квартира,Кирпичные,9,,101.0,,10,Жилое,,,"Ямало-Ненецкий автономный округ, г Ноябрьск, пр-кт Мира, д 26, кв 31",,,Площадь,Купля-продажа,,,2026-03-10,2026-03-10,147843.94250513345,001002000000,1,,,,,,,48.7,7200000.0,,3.0,0.0
2026-01-04,89:08:010202:1677,Помещение,1997.0,двухкомнатная квартира,Крупнопанельные,2,,101.0,,6,Жилое,,,"Ямало-Ненецкий автономный округ, городской округ город Салехард, город Салехард, улица Зои Космодемьянской, дом 5, квартира 1",,,Площадь,Купля-продажа,,,2026-03-06,2026-03-10,163147.79270633397,001001000000,1,,,,,,,52.1,8500000.0,,3.0,0.0
2026-01-04,89:09:010204:922,Помещение,2022.0,Гаражный бокс 30,Железобетонные,1,,303.0,,1,Нежилое,,,"Ямало-Ненецкий автономный округ АО, г. Лабытнанги, ул Школьная, гаражная площадка № 13, блок ""Б""",,,Площадь,Купля-продажа,,,2026-03-10,2026-03-10,10330.578512396694,001001000000,1,,,,,,,24.2,250000.0,,3.0,0.0
2026-01-04,89:12:110709:1917,Помещение,1993.0,трёхкомнатная квартира,Крупнопанельные,3,,101.0,,5,Жилое,,,"Ямало-Ненецкий автономный округ, г Ноябрьск, ул Высоцкого, д 46А, кв 39",,,Площадь,Купля-продажа,,,2026-03-06,2026-03-10,138330.7573415765,001002000000,1,,,,,,,64.7,8950000.0,,3.0,0.0
2026-01-04,89:14:010102:169,Помещение,1994.0,"Жилое помещение расположено в многоквартирном доме, признанном аварийным и подлежащим сносу или реконструкции, Постановление ""О признании многоквартирного жилого дома № 6 микрорайона 12 города Губкинского аварийным и подлежащим сносу"" № 2329 от 08.10.2024 года, выдавшего Администрацией города Губкинского",Сборно-щитовые,2,,205.0,,2,Жилое,,,"Ямало-Ненецкий автономный округ, г Губкинский, мкр 12-й, д 6, кв 14",,,Площадь,Купля-продажа,,,2026-01-28,2026-03-10,128197.79527559054,001001000000,1,,,,,,,38.1,4884336.0,,3.0,0.0
2026-01-04,89:14:040101:1670,Помещение,2015.0,,Бетонные,4,,101.0,,7-8,Жилое,,,"Ямало-Ненецкий автономный округ, городской округ город Губкинский, город Губкинский, микрорайон № 17, дом 12, квартира 87",,,Площадь,Купля-продажа,,,2026-01-28,2026-03-10,115742.55924170616,001001000000,1,,,,,,,42.2,4884336.0,,3.0,0.0
2026-01-04,89:14:010102:1104,Помещение,1900.0,Помещение,Крупнопанельные,2,,403.0,,3,Нежилое,,,"Ямало-Ненецкий автономный округ, г Губкинский, мкр 2, д 34, пом 13",,,Площадь,Купля-продажа,,,2026-03-05,2026-03-10,32626.42740619902,001001000000,1,,,,,,,61.3,2000000.0,,3.0,0.0
2026-01-04,89:12:110406:709,Помещение,2015.0,квартира,Смешанные,2,,205.0,,3,Жилое,,,"Ямало-Ненецкий автономный округ, г Ноябрьск, ул Рабочая, д 112, кв 11",,,Площадь,Купля-продажа,,,2026-03-06,2026-03-10,80862.53369272237,001001000000,1,,,,,,,37.1,3000000.0,,3.0,0.0
2026-01-04,89:13:010105:3940,Помещение,2025.0,,Смешанные,1,,205.0,,3,Жилое,,,"Ямало-Ненецкий автономный округ, городской округ город Муравленко, город Муравленко, переулок Нефтяников, дом 7, квартира 13",,,Площадь,Купля-продажа,,,2026-03-06,2026-03-10,131578.94736842107,001001000000,1,,,,,,,30.4,4000000.0,,3.0,0.0
2026-01-04,89:14:010102:1099,Помещение,1900.0,помещение,Крупнопанельные,3,,403.0,,3,Нежилое,,,"Ямало-Ненецкий автономный округ, г Губкинский, мкр 2, д 34, пом 10",,,Площадь,Купля-продажа,,,2026-03-05,2026-03-10,45248.86877828054,001001000000,1,,,,,,,44.2,2000000.0,,3.0,0.0
2026-01-04,89:11:020203:3787,Помещение,2023.0,,Из мелких бетонных блоков,7,,101.0,,11,Жилое,,,"Ямало-Ненецкий автономный округ, городской округ город Новый Уренгой, город Новый Уренгой, улица Таежная, дом 76А, квартира 149",,,Площадь,Купля-продажа,,,2026-03-06,2026-03-10,143897.99635701274,001001000000,1,,,,,,,54.9,7900000.0,,3.0,0.0
2026-01-04,89:10:010208:4805,Помещение,1988.0,Квартира,Крупнопанельные,8,,101.0,,9,Жилое,,,"Ямало-Ненецкий автономный округ, муниципальный округ Надымский район, город Надым, улица Зверева, дом 40а, квартира 31",,,Площадь,Купля-продажа,,,2026-03-06,2026-03-10,84684.68468468469,001002000000,1,,,,,,,55.5,4700000.0,,3.0,0.0
2026-01-04,89:11:020304:839,Помещение,1985.0,однокомнатная квартира,Из мелких бетонных блоков,8,,101.0,,9,Жилое,,,"Ямало-Ненецкий автономный округ, г Новый Уренгой, ул Молодежная, д 13, кв 138",,,Площадь,Купля-продажа,,,2025-09-16,2026-03-10,159744.4089456869,001001000000,1,,,,,,,31.3,5000000.0,,3.0,0.0
2026-01-04,89:13:010105:4102,Помещение,2025.0,,Смешанные,3,,205.0,,4,Жилое,,,"Ямало-Ненецкий автономный округ, городской округ город Муравленко, город Муравленко, улица Нефтяников, дом 21, квартира 33",,,Площадь,Купля-продажа,,,2026-03-04,2026-03-10,109275.36231884058,001001000000,1,,,,,,,55.2,6032000.0,,3.0,0.0
2026-01-04,89:10:010208:4784,Помещение,1989.0,Квартира,Смешанные,1,,101.0,,5,Жилое,,,"Ямало-Ненецкий автономный округ, муниципальный округ Надымский район, город Надым, улица Заводская, дом 1, квартира 57",,,Площадь,Купля-продажа,,,2026-03-06,2026-03-10,52493.43832020997,001001000000,1,,,,,,,38.1,2000000.0,,3.0,0.0
2026-01-04,89:08:010202:3981,Помещение,2018.0,,Крупнопанельные,2,,101.0,,9,Жилое,,,"Ямало-Ненецкий автономный округ, городской округ город Салехард, город Салехард, улица Зои Космодемьянской, дом 72, квартира 113",,,Площадь,Купля-продажа,,,2026-03-07,2026-03-10,232000.0,001001000000,1,,,,,,,25.0,5800000.0,,3.0,0.0
2026-01-04,89:12:110610:772,Помещение,1988.0,Две комнаты,Железобетонные,3,,101.0,,9,Жилое,,,"Ямало-Ненецкий автономный округ, городской округ город Ноябрьск, город Ноябрьск, улица Ленина, дом 20, квартира 307",,,Площадь,Купля-продажа,,,2026-03-05,2026-03-10,132890.36544850498,001001000000,1,,,,,,,30.1,4000000.0,,3.0,0.0
2026-01-04,89:14:010126:801,Помещение,2015.0,,Бетонные,4,,205.0,,4,Жилое,,,"Ямало-Ненецкий автономный округ, городской округ город Губкинский, город Губкинский, микрорайон № 18, дом 3, квартира 35",,,Площадь,Купля-продажа,,,2026-03-06,2026-03-10,115869.01763224181,001001000000,1,,,,,,,39.7,4600000.0,,3.0,0.0
2026-01-04,89:12:000000:3949,Помещение,2015.0,Гараж,,1,,303.0,,,Нежилое,,,"Ямало-Ненецкий автономный округ, г Ноябрьск, ГК Ханто-2, ряд 66, гараж 20",,,Площадь,Купля-продажа,,,2026-03-05,2026-03-10,41666.666666666664,001001000000,1,,,,,,,24.0,1000000.0,,3.0,0.0
2026-01-04,89:11:010201:622,Помещение,2007.0,Здание-гараж,Смешанные,1,,303.0,,1,Нежилое,,,"Ямало-Ненецкий автономный округ, городской округ город Новый Уренгой, город Новый Уренгой, проезд Транспортников, строение 10, помещение 164",,,Площадь,Купля-продажа,,,2026-03-05,2026-03-10,67796.61016949153,001001000000,1,,,,,,,29.5,2000000.0,,3.0,0.0
2026-01-04,89:12:110406:2276,Помещение,2025.0,,Кирпичные; Из мелких бетонных блоков,2,,101.0,,5,Жилое,,,"Ямало-Ненецкий автономный округ, городской округ город Ноябрьск, город Ноябрьск, улица Муравленко, дом 10, квартира 27",,,Площадь,Купля-продажа,,,2026-03-06,2026-03-10,151702.78637770898,001001000000,1,,,,,,,32.3,4900000.0,,3.0,0.0
2026-01-04,89:05:020201:2275,Помещение,2013.0,Квартира,Кирпичные,1,,101.0,,5,Жилое,,,"Ямало-Ненецкий автономный округ, муниципальный округ Пуровский район, город Тарко-Сале, микрорайон Пуровск, улица Новая, дом 17, квартира 78",,,Площадь,Купля-продажа,,,2026-03-06,2026-03-10,126984.12698412698,001001000000,1,,,,,,,44.1,5600000.0,,3.0,0.0
2026-01-04,89:11:060201:960,Помещение,2015.0,часть здания: гараж,,1,,303.0,,,Нежилое,,,"Ямало-Ненецкий автономный округ, г Новый Уренгой, Северная промзона, ГСК ""Северный ветер"", гараж № 25",,,Площадь,Купля-продажа,,,2026-03-05,2026-03-10,38610.03861003861,001001000000,1,,,,,,,25.9,1000000.0,,3.0,0.0
2026-01-04,89:12:110709:1894,Помещение,1993.0,Однокомнатная квартира,Крупнопанельные,5,,101.0,,5,Жилое,,,"Ямало-Ненецкий автономный округ, г Ноябрьск, ул Высоцкого, д 46А, кв 14",,,Площадь,Купля-продажа,,,2026-03-05,2026-03-10,102857.14285714286,001001000000,1,,,,,,,35.0,3600000.0,,3.0,0.0
2026-01-04,89:12:110614:877,Помещение,2015.0,Квартира в многоквартирном доме,,1,,201.0,,,Жилое,,,"Ямало-Ненецкий автономный округ, г Ноябрьск, мкр Л, д 30, кв 1",,,Площадь,Купля-продажа,,,2025-12-22,2026-03-10,119617.22488038278,001001000000,1,,,,,,,41.8,5000000.0,,3.0,0.0
2026-01-04,89:11:050103:1215,Помещение,1987.0,помещение: однокомнатная квартира,Железобетонные,5,,101.0,,9,Жилое,,,"Ямало-Ненецкий автономный округ, городской округ город Новый Уренгой, город Новый Уренгой, микрорайон Мирный, дом 7 корпус 1, квартира 24",,,Площадь,Купля-продажа,,,2026-03-06,2026-03-10,131578.94736842104,001001000000,1,,,,,,,38.0,5000000.0,,3.0,0.0
2026-01-04,89:11:050103:1833,Помещение,1991.0,,Крупнопанельные,2,,101.0,,9,Жилое,,,"Ямало-Ненецкий автономный округ, г Новый Уренгой, мкр Мирный, д 4, корп 1, кв 7",,,Площадь,Купля-продажа,,,2026-03-06,2026-03-10,169491.5254237288,001001000000,1,,,,,,,53.1,9000000.0,,3.0,0.0
2026-01-04,89:11:050103:2540,Помещение,1990.0,трёхкомнатная квартира,Крупнопанельные,9,,101.0,,11,Жилое,,,"Ямало-Ненецкий автономный округ, городской округ город Новый Уренгой, город Новый Уренгой, микрорайон Мирный, дом 1 корпус 2, квартира 140",,,Площадь,Купля-продажа,,,2026-03-06,2026-03-10,39573.8203957382,001002000000,1,,,,,,,65.7,2600000.0,,3.0,0.0
2026-01-04,89:12:110406:640,Помещение,2015.0,Квартира,Смешанные,2,,205.0,,3,Жилое,,,"Ямало-Ненецкий автономный округ, г Ноябрьск, ул Сибирская, д 193, кв 32",,,Площадь,Купля-продажа,,,2026-03-06,2026-03-10,124999.99999999999,001002000000,1,,,,,,,35.2,4400000.0,,3.0,0.0
2026-01-04,89:11:030101:1680,Помещение,2013.0,квартира,Кирпичные,7,,101.0,,10,Жилое,,,"Ямало-Ненецкий автономный округ, г Новый Уренгой, пр-кт Губкина, д 28, кв 253",,,Площадь,Купля-продажа,,,2026-03-06,2026-03-10,147904.06011904762,001001000000,1,,,,,,,33.6,4969576.42,,3.0,0.0
2026-01-04,89:11:050103:3889,Помещение,1989.0,однокомнатная квартира,Железобетонные,7,,101.0,,11,Жилое,,,"Ямало-Ненецкий автономный округ, г Новый Уренгой, мкр Мирный, д 5, корп 3, кв 146",,,Площадь,Купля-продажа,,,2026-03-06,2026-03-10,173076.9230769231,001001000000,1,,,,,,,36.4,6300000.0,,3.0,0.0
2026-01-04,89:12:110710:1575,Помещение,1986.0,двухкомнатная квартира,Крупнопанельные,3,,101.0,,5,Жилое,,,"Ямало-Ненецкий автономный округ, г Ноябрьск, ул Изыскателей, д 38а, кв 33",,,Площадь,Купля-продажа,,,2026-03-06,2026-03-10,146484.375,001001000000,1,,,,,,,51.2,7500000.0,,3.0,0.0
2026-01-04,89:04:020101:7460,Помещение,2012.0,Квартира,Смешанные,3,,205.0,,3,Жилое,,,"Ямало-Ненецкий автономный округ, р-н Надымский, пгт Пангоды, ул Газодобытчиков, д 2, кв 30",,,Площадь,Купля-продажа,,,2026-03-06,2026-03-10,43766.57824933687,001001000000,1,,,,,,,37.7,1650000.0,,3.0,0.0
2026-01-04,89:09:010108:89,Помещение,1991.0,однокомнатная квартира на первом этаже жилого дома,Деревянные,1,,205.0,,2,Жилое,,,"Ямало-Ненецкий автономный округ, г Лабытнанги, ул Леонида Гиршгорна, д 77, кв 7",,,Площадь,Купля-продажа,,,2026-03-11,2026-03-11,113744.07582938387,001001000000,1,,,,,,,21.1,2400000.0,,3.0,0.0
2026-01-04,89:01:010803:677,Помещение,2013.0,Помещение: квартира,Сборно-щитовые,1,,205.0,,3,Жилое,,,"Ямало-Ненецкий автономный округ, р-н Шурышкарский, с Мужи, ул Уральская, д 22, кв 4",,,Площадь,Купля-продажа,,,2026-02-14,2026-03-11,111607.14285714286,001001000000,1,,,,,,,33.6,3750000.0,,3.0,0.0
2026-01-04,89:11:020303:1397,Помещение,1983.0,однокомнатная квартира,Железобетонные,3,,101.0,,10,Жилое,,,"Ямало-Ненецкий автономный округ, г Новый Уренгой, ул Геологоразведчиков, д 8, кв 46",,,Площадь,Купля-продажа,,,2026-03-06,2026-03-11,162379.42122186493,001001000000,1,,,,,,,31.1,5050000.0,,3.0,0.0
2026-01-04,89:10:010203:1317,Помещение,2016.0,гараж №122а,Железобетонные,1,,303.0,,1,Нежилое,,,"Ямало-Ненецкий автономный округ, г Надым, ул Геологоразведчиков, ГСК ""Металлист"", гараж 122а",,,Площадь,Купля-продажа,,,2026-02-24,2026-03-11,15858.20895522388,001001000000,1,,,,,,,53.6,850000.0,,3.0,0.0
2026-01-04,89:04:020101:4656,Помещение,1987.0,"Жилое помещение расположено в многоквартирном доме, признанном аварийным и подлежащим сносу или реконструкции",Смешанные,2,,205.0,,2,Жилое,,,"Ямало-Ненецкий автономный округ, р-н Надымский, пгт Пангоды, ул Звездная, д 72, кв 15",,,Площадь,Купля-продажа,,,2026-03-10,2026-03-11,44046.87933425798,001001000000,1,,,,,,,72.1,3175780.0,,3.0,0.0
2026-01-04,89:12:110704:2843,Помещение,2014.0,Квартира,Смешанные,6,,101.0,,10,Жилое,,,"Ямало-Ненецкий автономный округ, г Ноябрьск, ул Магистральная, д 121, кв 338",,,Площадь,Купля-продажа,,,2026-03-06,2026-03-11,163636.36363636365,001001000000,1,,,,,,,33.0,5400000.0,,3.0,0.0
2026-01-04,89:12:110616:6986,Помещение,2025.0,,Иное,4,,205.0,,4,Жилое,,,"Ямало-Ненецкий автономный округ, городской округ город Ноябрьск, город Ноябрьск, улица Изыскателей, дом 14 корпус 1, квартира 83",,,Площадь,Купля-продажа,,,2026-03-04,2026-03-11,93104.98985915493,001001000000,1,,,,,,,35.5,3305227.14,,3.0,0.0
2026-01-04,89:12:160104:140,Помещение,1985.0,Квартира,Деревянные,1,,201.0,,1,Жилое,,,"Ямало-Ненецкий автономный округ, г Ноябрьск, мкр Вынгапуровский, ул Пионеров, д 6, кв 3",,,Площадь,Купля-продажа,,,2026-03-04,2026-03-11,121964.10110701107,001001000000,1,,,,,,,27.1,3305227.14,,3.0,0.0
2026-01-04,89:11:050203:118,Помещение,2015.0,гараж,,1,,303.0,,,Нежилое,,,"Ямало-Ненецкий автономный округ, г Новый Уренгой, Северная коммунальная зона, Гаражный кооператив ""Графит"", гараж № 56",,,Площадь,Купля-продажа,,,2024-11-20,2026-03-11,25641.025641025644,001001000000,1,,,,,,,23.4,600000.0,,3.0,0.0
2026-01-04,89:05:020301:5878,Помещение,2015.0,Гараж,,1,,303.0,,,Нежилое,,,"Ямало-Ненецкий автономный округ, р-н Пуровский, пгт Уренгой, четвертый микрорайон, вдоль улицы им. И.Я.Гири, бокс №3",,,Площадь,Купля-продажа,,,2026-03-06,2026-03-11,2083.3333333333335,001001000000,1,,,,,,,24.0,50000.0,,3.0,0.0
2026-01-04,89:13:010112:319,Помещение,1992.0,Квартира,Крупнопанельные,1,,101.0,,5,Жилое,,,"Ямало-Ненецкий автономный округ, городской округ город Муравленко, город Муравленко, улица Муравленко, дом 23, квартира 31",,,Площадь,Купля-продажа,,,2026-03-10,2026-03-11,87378.64077669903,001001000000,1,,,,,,,51.5,4500000.0,,3.0,0.0
2026-01-04,89:11:050104:1357,Помещение,1988.0,однокомнатная квартира,Крупнопанельные,9,,101.0,,10,Жилое,,,"Ямало-Ненецкий автономный округ, городской округ город Новый Уренгой, город Новый Уренгой, микрорайон Советский, дом 6 корпус 3, квартира 212",,,Площадь,Купля-продажа,,,2026-03-10,2026-03-11,204986.14958448752,001001000000,1,,,,,,,36.1,7400000.0,,3.0,0.0
2026-01-04,89:12:110604:552,Помещение,2004.0,Квартира в многоквартирном доме,Деревянные,2,,205.0,,2,Жилое,,,"Ямало-Ненецкий автономный округ, г Ноябрьск, ул Советская, д 5, кв 22",,,Площадь,Купля-продажа,,,2026-03-10,2026-03-11,129831.93277310923,001001000000,1,,,,,,,35.7,4635000.0,,3.0,0.0
2026-01-04,89:04:020101:15113,Помещение,2015.0,Гараж,,1,,303.0,,,Нежилое,,,"Ямало-Ненецкий автономный округ, р-н Надымский, пгт. Пангоды, ул. Набережная, Потребительской кооператив по строительству, эксплуатации гаражей Фрегат, гараж №7, блок 3",,,Площадь,Купля-продажа,,,2026-02-21,2026-03-11,7722.007722007723,001001000000,1,,,,,,,25.9,200000.0,,3.0,0.0
2026-01-04,89:10:000000:3289,Помещение,2015.0,Гараж,,1,,303.0,,,Нежилое,,,"Ямало-Ненецкий автономный округ, г Надым, р-н X, ул Зверева, гараж №32, кооператив ""Автомобилист""",,,Площадь,Купля-продажа,,,2026-03-06,2026-03-11,29166.666666666668,001001000000,1,,,,,,,24.0,700000.0,,3.0,0.0
2026-01-04,89:13:010112:918,Помещение,1993.0,однокомнатная квартира,Крупнопанельные,2,,101.0,,5,Жилое,,,"Ямало-Ненецкий автономный округ, городской округ город Муравленко, город Муравленко, улица 70 лет Октября, дом 30, квартира 65",,,Площадь,Купля-продажа,,,2026-03-10,2026-03-11,134110.78717201168,001001000000,1,,,,,,,34.3,4600000.0,,3.0,0.0
2026-01-04,89:04:000000:4604,Помещение,1979.0,"Магазин № 7 ""Хозяюшка""",Кирпичные,1,,402.0,,1,Нежилое,,,"Ямало-Ненецкий автономный округ, Надымский р-н, п Пангоды, магазин № 7 ""Хозяюшка""",,,Площадь,Купля-продажа,,,2026-03-03,2026-03-12,5147.769092002405,001001000000,1,,,,,,,332.6,1712148.0,,3.0,0.0
2026-01-04,89:14:010123:1010,Помещение,2015.0,гараж,,1,,303.0,,,Нежилое,,,"Ямало-Ненецкий автономный округ, г Губкинский, гаражный массив 13, блок Р3/IX, бокс 129",,,Площадь,Купля-продажа,,,2026-03-11,2026-03-12,19736.842105263157,001001000000,1,,,,,,,22.8,450000.0,,3.0,0.0
2026-01-04,89:12:110704:2690,Помещение,2014.0,Квартира,Смешанные,9,,101.0,,10,Жилое,,,"Ямало-Ненецкий автономный округ, г Ноябрьск, ул Магистральная, д 121, кв 193",,,Площадь,Купля-продажа,,,2026-03-11,2026-03-12,161631.41993957703,001001000000,1,,,,,,,33.1,5350000.0,,3.0,0.0
2026-01-04,89:11:020203:1840,Помещение,2015.0,помещение,Из мелких бетонных блоков; Кирпичные,2,,610.0,,6,Нежилое,,,"Ямало-Ненецкий автономный округ, г Новый Уренгой, ул Таежная, д 30А",,,Площадь,Купля-продажа,,,2026-03-04,2026-03-12,13527.5,001001000000,1,,,,,,,16.2,219145.5,,3.0,0.0
2026-01-04,89:13:010102:505,Помещение,1987.0,"квартира расположена в многоквартирном доме, признанном аварийным и подлежащим сносу или реконструкции",Сборно-щитовые,2,,205.0,,2,Жилое,,,"Ямало-Ненецкий автономный округ, г Муравленко, ул Новоселов, д 10, кв 7",,,Площадь,Купля-продажа,,,2026-03-06,2026-03-12,101086.55616942911,001001000000,1,,,,,,,54.3,5489000.0,,3.0,0.0
2026-01-04,89:13:010105:4097,Помещение,2025.0,,Смешанные,1,,205.0,,4,Жилое,,,"Ямало-Ненецкий автономный округ, городской округ город Муравленко, город Муравленко, улица Нефтяников, дом 21, квартира 2",,,Площадь,Купля-продажа,,,2026-03-06,2026-03-12,103846.15384615384,001001000000,1,,,,,,,54.6,5670000.0,,3.0,0.0
2026-01-04,89:11:020203:4021,Помещение,2023.0,,Из мелких бетонных блоков,9,,101.0,,11,Жилое,,,"Ямало-Ненецкий автономный округ, городской округ город Новый Уренгой, город Новый Уренгой, улица Таежная, дом 76А, квартира 80",,,Площадь,Купля-продажа,,,2026-03-11,2026-03-12,211235.95505617978,001001000000,1,,,,,,,44.5,9400000.0,,3.0,0.0
2026-01-04,89:02:020103:698,Помещение,2013.0,Помещение: квартира,Из прочих материалов,3,,205.0,,3,Жилое,,,"Ямало-Ненецкий автономный округ, р-н Приуральский, с Аксарка, кв-л ""Брусничный"", д 4, кв 17",,,Площадь,Купля-продажа,,,2026-03-11,2026-03-12,196135.93214285714,001002000000,1,,,,,,,33.6,6590167.32,,3.0,0.0
2026-01-04,89:12:110609:166,Помещение,2015.0,Квартира,Из мелких бетонных блоков,4,,205.0,,5,Жилое,,,"Ямало-Ненецкий автономный округ, г Ноябрьск, ул Республики, д 41, кв 21",,,Площадь,Купля-продажа,,,2024-10-08,2026-03-12,34238.48878394333,001002000000,1,,,,,,,84.7,2900000.0,,3.0,0.0
2026-01-04,89:05:020301:5245,Помещение,2012.0,Квартира,Смешанные,1,,205.0,,3,Жилое,,,"Ямало-Ненецкий автономный округ, р-н Пуровский, пгт Уренгой, ул Геологов, д 38, кв 1",,,Площадь,Купля-продажа,,,2026-03-11,2026-03-12,88503.6496350365,001001000000,1,,,,,,,54.8,4850000.0,,3.0,0.0
2026-01-04,89:11:020305:72,Помещение,2015.0,часть здания: гараж,,1,,303.0,,,Нежилое,,,"Ямало-Ненецкий автономный округ, г Новый Уренгой, ПГК ""Виадук"", ул.26 съезда КПСС, поз.5, Бокс № 213",,,Площадь,Купля-продажа,,,2026-03-10,2026-03-12,86243.38624338625,001001000000,1,,,,,,,18.9,1630000.0,,3.0,0.0
2026-01-04,89:12:110610:1307,Помещение,1981.0,Комната,Кирпичные,2,,205.0,,2,Жилое,,,"Ямало-Ненецкий автономный округ, г Ноябрьск, ул Ленина, д 16/9, к.47",,,Площадь,Купля-продажа,,,2026-03-05,2026-03-12,18195.21967213115,001001000000,1,,,,,,,12.2,221981.68,,3.0,0.0
2026-01-04,89:12:110616:6977,Помещение,2025.0,,Иное,4,,205.0,,4,Жилое,,,"Ямало-Ненецкий автономный округ, городской округ город Ноябрьск, город Ноябрьск, улица Изыскателей, дом 14 корпус 1, квартира 55",,,Площадь,Купля-продажа,,,2026-03-05,2026-03-12,93186.09008498584,001001000000,1,,,,,,,35.3,3289468.98,,3.0,0.0
2026-01-04,89:10:010306:1765,Помещение,2017.0,гараж №294,Железобетонные,1,,303.0,,1,Нежилое,,,"Ямало-Ненецкий автономный округ, г Надым, тер КССГ Автостоп, строен 3, гараж №294",,,Площадь,Купля-продажа,,,2026-03-10,2026-03-12,19762.845849802372,001001000000,1,,,,,,,50.6,1000000.0,,3.0,0.0
2026-01-04,89:10:010208:1683,Помещение,1989.0,Однокомнатная квартира,Смешанные,1,,101.0,,5,Жилое,,,"Ямало-Ненецкий автономный округ, муниципальный округ Надымский район, город Надым, улица Заводская, дом 1, квартира 152",,,Площадь,Купля-продажа,,,2026-03-11,2026-03-12,74074.07407407407,001001000000,1,,,,,,,37.8,2800000.0,,3.0,0.0
2026-01-04,89:05:020114:455,Помещение,1987.0,Помещение: двухкомнатная квартира,Иное,1,,205.0,,2,Жилое,,,"Ямало-Ненецкий автономный округ, р-н Пуровский, г Тарко-Сале, ул Победы, д 35, кв 4",,,Площадь,Купля-продажа,,,2026-01-23,2026-03-12,68965.5172413793,001001000000,1,,,,,,,52.2,3600000.0,,3.0,0.0
2026-01-04,89:05:000000:12936,Помещение,2015.0,Гараж в капитальном исполнении,,1,,303.0,,,Нежилое,,,"Ямало-Ненецкий автономный округ, р-н Пуровский, г Тарко-Сале, Район Рыбозавода, гараж №28",,,Площадь,Купля-продажа,,,2026-03-10,2026-03-12,2202.6431718061676,001001000000,1,,,,,,,22.7,50000.0,,3.0,0.0
2026-01-04,89:11:020205:1788,Помещение,2015.0,Гараж,,1,,303.0,,,Нежилое,,,"Ямало-Ненецкий автономный округ, г Новый Уренгой, мкр. Заозерный , СМП-700, ГЭК ""АККОРД"". Гараж № 139",,,Площадь,Купля-продажа,,,2026-02-24,2026-03-12,50877.19298245614,001001000000,1,,,,,,,17.1,870000.0,,3.0,0.0
2026-01-04,89:11:050203:183,Помещение,2015.0,гараж,,1,,303.0,,,Нежилое,,,"Ямало-Ненецкий автономный округ, г Новый Уренгой, Северная коммунальная зона, Гаражно-строительный кооператив Вольво, гараж №134",,,Площадь,Купля-продажа,,,2026-03-10,2026-03-12,85972.85067873303,001001000000,1,,,,,,,22.1,1900000.0,,3.0,0.0
2026-01-04,89:01:010802:8241,Помещение,1990.0,Помещение: двухкомнатная квартира,Деревянные,2,,205.0,,2,Жилое,,,"Ямало-Ненецкий автономный округ, р-н Шурышкарский, с Мужи, ул Республики, д 40, кв 5",,,Площадь,Купля-продажа,,,2026-03-11,2026-03-12,96322.24168126094,001001000000,1,,,,,,,57.1,5500000.0,,3.0,0.0
2026-01-04,89:12:110603:2926,Помещение,2025.0,Квартира,Кирпичные,3,,101.0,,6,Жилое,,,"Ямало-Ненецкий автономный округ, городской округ город Ноябрьск, город Ноябрьск, улица Советская, дом 28, квартира 9",,,Площадь,Купля-продажа,,,2026-03-11,2026-03-12,184612.98780487807,001002000000,1,,,,,,,32.8,6055306.0,,3.0,0.0
2026-01-04,89:12:160104:167,Помещение,1900.0,Помещение: трёхкомнатная квартира,Смешанные,1,,205.0,,1,Жилое,,,"Ямало-Ненецкий автономный округ, г Ноябрьск, мкр Вынгапуровский, ул Солнечная, д 2, кв 7",,,Площадь,Купля-продажа,,,2026-03-10,2026-03-12,134986.26373626373,001001000000,1,,,,,,,72.8,9827000.0,,3.0,0.0
2026-01-04,89:11:020303:955,Помещение,1985.0,однокомнатная квартира,Крупнопанельные,2,,101.0,,9,Жилое,,,"Ямало-Ненецкий автономный округ, г Новый Уренгой, пр-кт Ленинградский, д 6а, кв 78",,,Площадь,Купля-продажа,,,2026-02-24,2026-03-12,130845.41666666667,001001000000,1,,,,,,,31.2,4082377.0,,3.0,0.0
2026-01-04,89:11:050101:1385,Помещение,2011.0,квартира в многоквартирном доме,Кирпичные,4,,101.0,,9,Жилое,,,"Ямало-Ненецкий автономный округ, г Новый Уренгой, мкр Дружба, д 6, корп 1, кв 41",,,Площадь,Купля-продажа,,,2026-03-04,2026-03-12,34710.74380165289,001002000000,1,,,,,,,60.5,2100000.0,,3.0,0.0
2026-01-04,89:11:020305:57,Помещение,2015.0,часть здания: гараж,,1,,303.0,,,Нежилое,,,"Ямало-Ненецкий автономный округ, г Новый Уренгой, ПГК ""Виадук"", ул.26 съезда КПСС, поз.5, Бокс № 153",,,Площадь,Купля-продажа,,,2026-03-10,2026-03-12,74074.07407407407,001001000000,1,,,,,,,18.9,1400000.0,,3.0,0.0
2026-01-04,89:12:110707:2445,Помещение,1984.0,двухкомнатная квартира,Железобетонные,4,,101.0,,5,Жилое,,,"Ямало-Ненецкий автономный округ, г Ноябрьск, ул Ленина, д 54а, кв 26",,,Площадь,Купля-продажа,,,2026-03-06,2026-03-12,146750.52410901466,001001000000,1,,,,,,,47.7,7000000.0,,3.0,0.0
2026-01-04,89:14:010101:1534,Помещение,1999.0,двухкомнатная квартира,Кирпичные,2,,205.0,,3,Жилое,,,"Ямало-Ненецкий автономный округ, г Губкинский, мкр 1-й, д 38, кв 22",,,Площадь,Купля-продажа,,,2026-03-10,2026-03-13,104561.9255360624,001002000000,1,,,,,,,51.3,5364026.78,,3.0,0.0
2026-01-04,89:11:020301:1826,Помещение,1982.0,однокомнатная квартира,Крупнопанельные,2,,101.0,,9,Жилое,,,"Ямало-Ненецкий автономный округ, г Новый Уренгой, ул 26 съезда КПСС, д 12, кв 78",,,Площадь,Купля-продажа,,,2026-03-12,2026-03-13,181229.77346278317,001001000000,1,,,,,,,30.9,5600000.0,,3.0,0.0
2026-01-04,89:11:020202:1571,Помещение,2012.0,квартира,Смешанные,3,,101.0,,11,Жилое,,,"Ямало-Ненецкий автономный округ, г Новый Уренгой, мкр Энтузиастов, д 1, кв 237",,,Площадь,Купля-продажа,,,2026-03-12,2026-03-13,175792.50720461094,001001000000,1,,,,,,,34.7,6100000.0,,3.0,0.0
2026-01-04,89:11:080201:12177,Помещение,2015.0,,Кирпичные,2,,101.0,,5,Жилое,,,"Ямало-Ненецкий автономный округ, городской округ город Новый Уренгой, город Новый Уренгой, улица Нефтяников, дом 14, квартира 6",,,Площадь,Купля-продажа,,,2026-03-12,2026-03-13,103550.29585798818,001001000000,1,,,,,,,33.8,3500000.0,,3.0,0.0
2026-01-04,89:09:010201:356,Помещение,1986.0,Помещение: двухкомнатная квартира,Кирпичные,5,,101.0,,5,Жилое,,,"Ямало-Ненецкий автономный округ, г Лабытнанги, ул Дзержинского, д 10, кв 36",,,Площадь,Купля-продажа,,,2026-03-10,2026-03-13,126582.27848101266,001001000000,1,,,,,,,55.3,7000000.0,,3.0,0.0
2026-01-04,89:09:020106:455,Помещение,1988.0,двухкомнатная квартира,Деревянные,1,,201.0,,1,Жилое,,,"Ямало-Ненецкий автономный округ, г Лабытнанги, ул Центральная, д 18, кв 4",,,Площадь,Купля-продажа,,,2026-02-27,2026-03-13,102036.69724770643,001001000000,1,,,,,,,54.5,5561000.0,,3.0,0.0
2026-01-04,89:09:010101:2159,Помещение,2025.0,,Бетонные,4,,101.0,,5,Жилое,,,"Ямало-Ненецкий автономный округ, муниципальный округ Приуральский район, город Лабытнанги, улица Первомайская, дом 38, квартира 28",,,Площадь,Купля-продажа,,,2026-02-27,2026-03-13,155956.67870036102,001001000000,1,,,,,,,55.4,8640000.0,,3.0,0.0
2026-01-04,89:11:050202:2195,Помещение,2010.0,гараж,Кирпичные,1,,303.0,,2,Нежилое,,,"Ямало-Ненецкий автономный округ, г Новый Уренгой, Северная Коммунальная Зона, Потребительский гаражно-строительный кооператив ""ЛЕТО"", гараж №378",,,Площадь,Купля-продажа,,,2026-03-12,2026-03-13,23809.52380952381,001001000000,1,,,,,,,23.1,550000.0,,3.0,0.0
2026-01-04,89:12:110710:1859,Помещение,1987.0,однокомнатная квартира,Крупнопанельные,3,,101.0,,5,Жилое,,,"Ямало-Ненецкий автономный округ, г Ноябрьск, ул Изыскателей, д 40А, кв 53",,,Площадь,Купля-продажа,,,2026-03-12,2026-03-13,126099.70674486803,001001000000,1,,,,,,,34.1,4300000.0,,3.0,0.0
2026-01-04,89:10:000000:3979,Помещение,2015.0,Помещение,Железобетонные,5,,101.0,,11,Жилое,,,"Ямало-Ненецкий автономный округ, г Надым, мкр Олимпийский, д 5, кв 90",,,Площадь,Купля-продажа,,,2026-03-12,2026-03-13,67901.23456790124,001001000000,1,,,,,,,32.4,2200000.0,,3.0,0.0
2026-01-04,89:11:050203:1745,Помещение,2012.0,,Смешанные,1,,303.0,,2,Нежилое,,,"Ямало-Ненецкий автономный округ, городской округ город Новый Уренгой, город Новый Уренгой, микрорайон Северная коммунальная зона, ГСК ""Строитель"" гараж №Б-2-23",,,Площадь,Купля-продажа,,,2026-03-12,2026-03-13,37861.9153674833,001001000000,1,,,,,,,44.9,1700000.0,,3.0,0.0
2026-01-04,89:11:020101:2483,Помещение,1980.0,квартира в многоквартирном доме,Смешанные,1,,101.0,,5,Жилое,,,"Ямало-Ненецкий автономный округ, г Новый Уренгой, ул Надымская, д 5 а, кв 17",,,Площадь,Купля-продажа,,,2026-02-17,2026-03-13,148963.73056994818,001001000000,1,,,,,,,38.6,5750000.0,,3.0,0.0
2026-01-04,89:12:110603:840,Помещение,1994.0,Квартира,Крупнопанельные,1,,101.0,,6,Жилое,,,"Ямало-Ненецкий автономный округ, городской округ город Ноябрьск, город Ноябрьск, улица Советская, дом 30, квартира 17",,,Площадь,Купля-продажа,,,2026-03-12,2026-03-13,156784.96868475992,001002000000,1,,,,,,,47.9,7510000.0,,3.0,0.0
2026-01-04,89:11:020202:1335,Помещение,1997.0,,Железобетонные,2,,101.0,,6,Жилое,,,"Ямало-Ненецкий автономный округ, г Новый Уренгой, мкр Юбилейный, д 2, корп 5, кв 5",,,Площадь,Купля-продажа,,,2026-03-12,2026-03-13,164736.84210526315,001001000000,1,,,,,,,38.0,6260000.0,,3.0,0.0
2026-01-04,89:14:010102:1117,Помещение,1900.0,помещение,Крупнопанельные,3,,403.0,,3,Нежилое,,,"Ямало-Ненецкий автономный округ, г Губкинский, мкр 2, д 34, пом 8",,,Площадь,Купля-продажа,,,2026-03-05,2026-03-13,38095.23809523809,001001000000,1,,,,,,,52.5,2000000.0,,3.0,0.0
2026-01-04,89:03:040101:1110,Помещение,2015.0,Помещение: квартира,Кирпичные,2,,205.0,,3,Жилое,,,"Ямало-Ненецкий автономный округ, р-н Ямальский, с Яр-Сале, ул Советская, д 52, кв 14",,,Площадь,Купля-продажа,,,2026-03-12,2026-03-13,184456.9288389513,001002000000,1,,,,,,,53.4,9850000.0,,3.0,0.0
2026-01-04,89:10:010208:4840,Помещение,2015.0,гараж №29,,1,,303.0,,,Нежилое,,,"Ямало-Ненецкий автономный округ, г Надым, ул Зверева, ГСК ""Автомобилист"", гараж №29",,,Площадь,Купля-продажа,,,2026-03-12,2026-03-13,27426.160337552745,001001000000,1,,,,,,,23.7,650000.0,,3.0,0.0
2026-01-04,89:14:010102:1096,Помещение,1900.0,часть здания № 2,Крупнопанельные,1,,403.0,,3,Нежилое,,,"Ямало-Ненецкий автономный округ, г Губкинский, мкр 2, д 34",,,Площадь,Купля-продажа,,,2026-03-05,2026-03-13,9225.09225092251,001001000000,1,,,,,,,108.4,1000000.0,,3.0,0.0
2026-01-04,89:05:020130:1824,Помещение,2023.0,Квартира,Бетонные,3,,101.0,,6,Жилое,,,"Ямало-Ненецкий автономный округ, муниципальный округ Пуровский район, город Тарко-Сале, микрорайон Южный, дом 4, квартира 128",,,Площадь,Купля-продажа,,,2026-03-12,2026-03-13,174311.9266055046,001001000000,1,,,,,,,43.6,7600000.0,,3.0,0.0
2026-01-04,89:06:010105:1554,Помещение,2015.0,,Из мелких бетонных блоков,1,,205.0,,4,Жилое,,,"Ямало-Ненецкий автономный округ, муниципальный округ Тазовский район, поселок Тазовский, улица Кирова, дом 7, кв 1",,,Площадь,Купля-продажа,,,2026-03-12,2026-03-13,184834.1232227488,001001000000,1,,,,,,,42.2,7800000.0,,3.0,0.0
2026-01-04,89:11:020203:1878,Помещение,2015.0,помещение,Из мелких бетонных блоков; Кирпичные,чердак,,610.0,,6,Нежилое,,,"Ямало-Ненецкий автономный округ, г Новый Уренгой, ул Таежная, д 30 А",,,Площадь,Купля-продажа,,,2026-03-04,2026-03-13,913.4868695289704,001001000000,1,,,,,,,239.9,219145.5,,3.0,0.0
2026-01-04,89:11:020203:1847,Помещение,2015.0,помещение,Из мелких бетонных блоков; Кирпичные,4,,610.0,,6,Нежилое,,,"Ямало-Ненецкий автономный округ, г Новый Уренгой, ул Таежная, д 30А",,,Площадь,Купля-продажа,,,2026-03-04,2026-03-13,7428.661016949152,001001000000,1,,,,,,,29.5,219145.5,,3.0,0.0
2026-01-04,89:10:010208:3752,Помещение,1990.0,Помещение: трёхкомнатная квартира,Крупнопанельные,7,,101.0,,10,Жилое,,,"Ямало-Ненецкий автономный округ, г Надым, ул Зверева, д 49, кв 351",,,Площадь,Купля-продажа,,,2026-03-12,2026-03-13,81041.96816208394,001001000000,1,,,,,,,69.1,5600000.0,,3.0,0.0
2026-01-04,89:10:010106:113,Помещение,1990.0,Квартира,Смешанные,2,,101.0,,5,Жилое,,,"Ямало-Ненецкий автономный округ, г Надым, ул Таежная, д 11, кв 50",,,Площадь,Купля-продажа,,,2026-03-12,2026-03-13,52341.59779614326,001002000000,1,,,,,,,36.3,1900000.0,,3.0,0.0
2026-01-04,89:13:010102:959,Помещение,1991.0,,Крупнопанельные,2,,205.0,,5,Жилое,,,"Ямало-Ненецкий автономный округ, г Муравленко, ул Ленина, д 4, кв 5",,,Площадь,Купля-продажа,,,2026-03-11,2026-03-13,96000.0,001001000000,1,,,,,,,37.5,3600000.0,,3.0,0.0
2026-01-04,89:12:110704:3374,Помещение,2015.0,Квартира,Смешанные,2,,101.0,,10,Жилое,,,"Ямало-Ненецкий автономный округ, г Ноябрьск, ул Магистральная, д 119, кв 239",,,Площадь,Купля-продажа,,,2023-10-13,2026-03-16,14008.123861566484,001001000000,1,,,,,,,54.9,769046.0,,3.0,0.0
2026-01-04,89:10:010203:1215,Помещение,2015.0,гараж №10,,1,,303.0,,,Нежилое,,,"Ямало-Ненецкий автономный округ, г Надым, ул Геологоразведчиков, ГСК ""Виктор-3"", гараж №10",,,Площадь,Купля-продажа,,,2026-03-14,2026-03-16,39568.34532374101,001001000000,1,,,,,,,27.8,1100000.0,,3.0,0.0
2026-01-04,89:11:050104:3215,Помещение,1988.0,Квартира,Крупнопанельные,8,,101.0,,10,Жилое,,,"Ямало-Ненецкий автономный округ, городской округ город Новый Уренгой, город Новый Уренгой, микрорайон Советский, дом 8 корпус 1, квартира 68",,,Площадь,Купля-продажа,,,2026-03-10,2026-03-16,182515.33742331289,001001000000,1,,,,,,,65.2,11900000.0,,3.0,0.0
2026-01-04,89:06:000000:2105,Помещение,2021.0,Квартира,Из прочих материалов,3,,205.0,,4,Жилое,,,"Российская Федерация, Ямало-Ненецкий автономный округ, Тазовский муниципальный округ, сельское поселение поселок Тазовский, микрорайон Солнечный, дом 3, квартира 119",,,Площадь,Купля-продажа,,,2026-03-14,2026-03-16,184393.06358381503,001001000000,1,,,,,,,34.6,6380000.0,,3.0,0.0
2026-01-04,89:12:110707:2368,Помещение,1984.0,двухкомнатная квартира,Крупнопанельные,4,,101.0,,5,Жилое,,,"Ямало-Ненецкий автономный округ, г Ноябрьск, ул Городилова, д 10а, кв 27",,,Площадь,Купля-продажа,,,2026-03-13,2026-03-16,125000.0,001001000000,1,,,,,,,51.2,6400000.0,,3.0,0.0
2026-01-04,89:12:110702:410,Помещение,1991.0,Квартира в многоквартирном доме,Крупнопанельные,1,,101.0,,5,Жилое,,,"Ямало-Ненецкий автономный округ, г Ноябрьск, ул 8 Марта, д 4, кв 32",,,Площадь,Купля-продажа,,,2026-03-13,2026-03-16,131944.44444444444,001001000000,1,,,,,,,50.4,6650000.0,,3.0,0.0
2026-01-04,89:12:110509:622,Помещение,1986.0,"двухкомнатная квартира на первом этаже жилого дома, назначение: жилое",Деревянные,1,,205.0,,1,Жилое,,,"Ямало-Ненецкий автономный округ, городской округ город Ноябрьск, город Ноябрьск, микрорайон Р`, дом 181, квартира 8",,,Площадь,Купля-продажа,,,2026-03-06,2026-03-16,134982.0788530466,001001000000,1,,,,,,,55.8,7532000.0,,3.0,0.0
2026-01-04,89:12:110616:7079,Помещение,2025.0,,Иное,2,,205.0,,4,Жилое,,,"Ямало-Ненецкий автономный округ, городской округ город Ноябрьск, город Ноябрьск, улица Изыскателей, дом 12 корпус 2, квартира 21",,,Площадь,Купля-продажа,,,2026-03-06,2026-03-16,136624.77558348293,001001000000,1,,,,,,,55.7,7610000.0,,3.0,0.0
2026-01-04,89:11:020101:618,Помещение,1980.0,двухкомнатная квартира,Железобетонные,4,,101.0,,6,Жилое,,,"Ямало-Ненецкий автономный округ, г Новый Уренгой, ул Надымская, д 7, кв 42",,,Площадь,Купля-продажа,,,2026-03-13,2026-03-16,135315.31531531533,001001000000,1,,,,,,,55.5,7510000.0,,3.0,0.0
2026-01-04,89:11:020101:1475,Помещение,2010.0,квартира в многоквартирном доме,Монолитные,2,,101.0,,10,Жилое,,,"Ямало-Ненецкий автономный округ, г Новый Уренгой, пр-кт Губкина, д 21, кв 122",,,Площадь,Купля-продажа,,,2026-03-14,2026-03-16,162087.9120879121,001002000000,1,,,,,,,36.4,5900000.0,,3.0,0.0
2026-01-04,89:11:080201:12413,Помещение,2024.0,,Иное,1,,101.0,,5,Жилое,,,"Ямало-Ненецкий автономный округ, городской округ город Новый Уренгой, город Новый Уренгой, улица Нефтяников, дом 11, квартира 134",,,Площадь,Купля-продажа,,,2026-02-13,2026-03-16,49382.71604938272,001001000000,1,,,,,,,40.5,2000000.0,,3.0,0.0
2026-01-04,89:03:010401:1036,Помещение,2013.0,Помещение: квартира,Из прочих материалов,1,,205.0,,3,Жилое,,,"Ямало-Ненецкий автономный округ, р-н Ямальский, с Сеяха, ул Ягельная, д 17а, кв 15",,,Площадь,Купля-продажа,,,2026-03-11,2026-03-16,138888.88888888888,001001000000,1,,,,,,,43.2,6000000.0,,3.0,0.0
2026-01-04,89:12:160103:246,Помещение,1989.0,Квартира,Из прочих материалов,1,,205.0,,2,Жилое,,,"Ямало-Ненецкий автономный округ, г Ноябрьск, мкр Вынгапуровский, ул 70 лет Октября, д 30, кв 11",,,Площадь,Купля-продажа,,,2026-03-13,2026-03-16,124979.75708502025,001001000000,1,,,,,,,74.1,9261000.0,,3.0,0.0
2026-01-04,89:11:050101:2728,Помещение,2018.0,квартира,Из мелких бетонных блоков,5,,101.0,,16,Жилое,,,"Ямало-Ненецкий автономный округ, городской округ город Новый Уренгой, город Новый Уренгой, микрорайон Дружба, дом 6, корпус 2, квартира 31",,,Площадь,Купля-продажа,,,2026-03-14,2026-03-16,247813.4110787172,001001000000,1,,,,,,,68.6,17000000.0,,3.0,0.0
2026-01-04,89:12:110901:40,Помещение,1996.0,Квартира,Крупнопанельные,1,,205.0,,3,Жилое,,,"Ямало-Ненецкий автономный округ, г Ноябрьск, ул Магистральная, д 6Б, кв 2",,,Площадь,Купля-продажа,,,2026-03-14,2026-03-16,130434.78260869565,001002000000,1,,,,,,,57.5,7500000.0,,3.0,0.0
2026-01-04,89:10:010202:1223,Помещение,1975.0,Помещение: двухкомнатная квартира,Крупнопанельные,2,,101.0,,5,Жилое,,,"Ямало-Ненецкий автономный округ, г Надым, ул Комсомольская, д 12/2, кв 6",,,Площадь,Купля-продажа,,,2026-03-16,2026-03-16,81863.9798488665,001001000000,1,,,,,,,39.7,3250000.0,,3.0,0.0
2026-01-04,89:10:020101:852,Помещение,1988.0,гараж,Смешанные,1,,306.0,,1,Нежилое,,,"Ямало-Ненецкий автономный округ, г Надым, ул 107 км, пом 2",,,Площадь,Купля-продажа,,,2026-03-13,2026-03-16,7125.890736342043,001001000000,1,,,,,,,210.5,1500000.0,,3.0,0.0
2026-01-04,89:08:000000:1641,Помещение,2015.0,Часть здания: гараж в капитальном исполнении,,1 литер А,,303.0,,,Нежилое,,,"Ямало-Ненецкий автономный округ, г Салехард, ул З.Космодемьянской, площадка №14, строение №2, бокс №6",,,Площадь,Купля-продажа,,,2026-03-13,2026-03-16,86614.17322834647,001001000000,1,,,,,,,25.4,2200000.0,,3.0,0.0
2026-01-04,89:13:010112:1043,Помещение,1992.0,Помещение: трёхкомнатная квартира,Крупнопанельные,2,,101.0,,5,Жилое,,,"Ямало-Ненецкий автономный округ, г Муравленко, ул Ленина, д 94, кв 6",,,Площадь,Купля-продажа,,,2026-03-13,2026-03-16,116279.06976744186,001002000000,1,,,,,,,64.5,7500000.0,,3.0,0.0
2026-01-04,89:12:110701:506,Помещение,1988.0,Квартира в многоквартирном доме,Смешанные,4,,101.0,,5,Жилое,,,"Ямало-Ненецкий автономный округ, г Ноябрьск, пр-кт Мира, д 16, кв 57",,,Площадь,Купля-продажа,,,2026-03-14,2026-03-16,136363.63636363635,001001000000,1,,,,,,,50.6,6900000.0,,3.0,0.0
2026-01-04,89:12:110701:1656,Помещение,1989.0,однокомнатная квартира,Крупнопанельные,2,,101.0,,5,Жилое,,,"Ямало-Ненецкий автономный округ, г Ноябрьск, ул 8 Марта, д 11, кв 49",,,Площадь,Купля-продажа,,,2026-03-13,2026-03-16,143274.85380116958,001001000000,1,,,,,,,34.2,4900000.0,,3.0,0.0
2026-01-04,89:11:000000:6230,Помещение,2005.0,гараж,Из прочих материалов,1,,303.0,,1,Нежилое,,,"Ямало-Ненецкий автономный округ, г Новый Уренгой, Северная коммунальная зона , ПГЭК ""Трасса"" гаражная ячейка № 332",,,Площадь,Купля-продажа,,,2026-03-12,2026-03-16,60606.0606060606,001001000000,1,,,,,,,23.1,1400000.0,,3.0,0.0
2026-01-04,89:08:030201:268,Помещение,1987.0,Помещение: квартира,Рубленые,2,,205.0,,2,Жилое,,,"Ямало-Ненецкий автономный округ, г Салехард, ул Геологов, д 13, кв 5",,,Площадь,Купля-продажа,,,2026-03-13,2026-03-16,132467.53246753247,001001000000,1,,,,,,,38.5,5100000.0,,3.0,0.0
2026-01-04,89:08:010204:3496,Помещение,2024.0,,Бетонные,3,,101.0,,9,Жилое,,,"Ямало-Ненецкий автономный округ, городской округ город Салехард, город Салехард, улица Зои Космодемьянской, дом 17, квартира 11",,,Площадь,Купля-продажа,,,2026-03-14,2026-03-16,235988.2005899705,001001000000,1,,,,,,,33.9,8000000.0,,3.0,0.0
2026-01-04,89:12:110103:1033,Помещение,1987.0,двухкомнатная квартира,Кирпичные,3,,101.0,,5,Жилое,,,"Ямало-Ненецкий автономный округ, г Ноябрьск, ул Привокзальная, д 1, кв 69",,,Площадь,Купля-продажа,,,2026-03-13,2026-03-16,131524.0083507307,001001000000,1,,,,,,,47.9,6300000.0,,3.0,0.0
2026-01-04,89:11:000000:6910,Помещение,2008.0,гараж,Смешанные,1,,303.0,,1,Нежилое,,,"Ямало-Ненецкий автономный округ, г Новый Уренгой, Западная промзона, панель ""Ж"", ПГЭСК ""Прогресс"", гараж №72",,,Площадь,Купля-продажа,,,2026-03-11,2026-03-16,45454.545454545456,001001000000,1,,,,,,,22.0,1000000.0,,3.0,0.0
2026-01-04,89:13:010111:957,Помещение,1996.0,Помещение: трёхкомнатная квартира,Крупнопанельные,1,,101.0,,5,Жилое,,,"Ямало-Ненецкий автономный округ, г Муравленко, ул Российская, д 52, кв 2а",,,Площадь,Купля-продажа,,,2026-03-13,2026-03-16,86605.08083140878,001001000000,1,,,,,,,86.6,7500000.0,,3.0,0.0
2026-01-04,89:10:010307:567,Помещение,1992.0,Нежилые помещения,Смешанные,3; Подвал,,602.0,,6,Нежилое,,,"Ямало-Ненецкий автономный округ, г Надым, ул Зверева, строен 8/1, офис 301",,,Площадь,Купля-продажа,,,2026-03-11,2026-03-16,45389.048991354466,001001000000,1,,,,,,,138.8,6300000.0,,3.0,0.0
2026-01-04,89:03:040103:437,Помещение,2008.0,Помещение: квартира,Из прочих материалов,1,,205.0,,3,Жилое,,,"Ямало-Ненецкий автономный округ, р-н Ямальский, с Яр-Сале, ул Кугаевского Николая Дмитриевича, д 3б, кв 1",,,Площадь,Купля-продажа,,,2026-03-13,2026-03-16,150984.68271334792,001001000000,1,,,,,,,45.7,6900000.0,,3.0,0.0
2026-01-04,89:12:110819:212,Помещение,2015.0,Гараж,,1,,303.0,,,Нежилое,,,"Ямало-Ненецкий автономный округ, г Ноябрьск, гск ГК Ханто-2, ряд 18, гараж 40, район Учебного центра",,,Площадь,Купля-продажа,,,2026-02-17,2026-03-16,4524.886877828054,001001000000,1,,,,,,,22.1,100000.0,,3.0,0.0
2026-01-04,89:11:020304:952,Помещение,1985.0,трёхкомнатная квартира,Крупнопанельные,6,,101.0,,10,Жилое,,,"Ямало-Ненецкий автономный округ, г Новый Уренгой, ул Молодежная, д 15, кв 22",,,Площадь,Купля-продажа,,,2026-03-16,2026-03-17,117647.05882352941,001002000000,1,,,,,,,66.3,7800000.0,,3.0,0.0
2026-01-04,89:11:000000:3312,Помещение,1900.0,трехкомнатная квартира,Крупнопанельные,3,,101.0,,11,Жилое,,,"Ямало-Ненецкий автономный округ, г Новый Уренгой, мкр Мирный, д 3, корп 4, кв 9",,,Площадь,Купля-продажа,,,2026-03-16,2026-03-17,156773.2115677321,001001000000,1,,,,,,,65.7,10300000.0,,3.0,0.0
2026-01-04,89:12:110616:7097,Помещение,2025.0,,Иное,4,,205.0,,4,Жилое,,,"Ямало-Ненецкий автономный округ, городской округ город Ноябрьск, город Ноябрьск, улица Изыскателей, дом 12 корпус 2, квартира 29",,,Площадь,Купля-продажа,,,2026-03-14,2026-03-17,119133.57400722022,001002000000,1,,,,,,,55.4,6600000.0,,3.0,0.0
2026-01-04,89:05:030201:2891,Помещение,2007.0,Двухкомнатная квартира,Кирпичные,3,,205.0,,4,Жилое,,,"Ямало-Ненецкий автономный округ, р-н Пуровский, пос Ханымей, ул Ханымейский тракт, д 1, кв 7",,,Площадь,Купля-продажа,,,2026-03-14,2026-03-17,50933.78607809847,001001000000,1,,,,,,,58.9,3000000.0,,3.0,0.0
2026-01-04,89:11:020304:1944,Помещение,1987.0,двухкомнатная квартира,Железобетонные,3,,101.0,,6,Жилое,,,"Ямало-Ненецкий автономный округ, г Новый Уренгой, мкр Юбилейный, д 5, корп 1, кв 9",,,Площадь,Купля-продажа,,,2026-03-13,2026-03-17,121739.13043478261,001001000000,1,,,,,,,57.5,7000000.0,,3.0,0.0
2026-01-04,89:12:110710:1146,Помещение,1986.0,двухкомнатная квартира,Крупнопанельные,1,,101.0,,5,Жилое,,,"Ямало-Ненецкий автономный округ, г Ноябрьск, пр-кт Мира, д 84, кв 107",,,Площадь,Купля-продажа,,,2026-03-16,2026-03-17,135596.70781893004,001002000000,1,,,,,,,48.6,6590000.0,,3.0,0.0
2026-01-04,89:09:010105:340,Помещение,1980.0,"Жилое помещение расположено в многоквартирном доме, признанном аварийным и подлежащим сносу или реконструкции. Распоряжение Администрации города Лабытнанги ""О признании многоквартирных домов аварийными и подлежащими сносу и установлении сроков отселения из аварийных и подлежащих сносу многоквартирных домов"" № 2200 от 01.11.2022 года.",Деревянные; Сборно-щитовые,1,,205.0,,1,Жилое,,,"Ямало-Ненецкий автономный округ, г Лабытнанги, пер Таежный, д 10, кв 4",,,Площадь,Купля-продажа,,,2026-03-16,2026-03-17,130058.1146025878,001001000000,1,,,,,,,54.1,7036144.0,,3.0,0.0
2026-01-04,89:08:010304:3355,Помещение,2018.0,,Из мелких бетонных блоков,1,,205.0,,3,Жилое,,,"Ямало-Ненецкий автономный округ, г Салехард, ул Патрикеева, д 5, кв 1",,,Площадь,Купля-продажа,,,2026-03-13,2026-03-17,230529.5950155763,001002000000,1,,,,,,,32.1,7400000.0,,3.0,0.0
2026-01-04,89:11:010201:380,Помещение,2011.0,Гаражная ячейка № 216,Железобетонные,1,,303.0,,2,Нежилое,,,"Ямало-Ненецкий автономный округ, г Новый Уренгой, западная промзона, панель ""Ж"", общественно-потребительский гаражный кооператив ""Юг-Регион-Авто"", гаражная ячейка № 216",,,Площадь,Купля-продажа,,,2026-03-12,2026-03-17,61338.289962825285,001001000000,1,,,,,,,26.9,1650000.0,,3.0,0.0
2026-01-04,89:12:110606:833,Помещение,1984.0,,Деревянные,2,,205.0,,2,Жилое,,,"Ямало-Ненецкий автономный округ, г Ноябрьск, ул Республики, д 48, кв 13",,,Площадь,Купля-продажа,,,2026-03-06,2026-03-17,134990.4397705545,001001000000,1,,,,,,,52.3,7060000.0,,3.0,0.0
2026-01-04,89:12:110606:2867,Помещение,2025.0,,Смешанные,1,,205.0,,5,Жилое,,,"Ямало-Ненецкий автономный округ, городской округ город Ноябрьск, город Ноябрьск, улица Республики, дом 60 корпус 1, квартира 31",,,Площадь,Купля-продажа,,,2026-03-06,2026-03-17,136660.30534351146,001001000000,1,,,,,,,52.4,7161000.0,,3.0,0.0
2026-01-04,89:12:110703:401,Помещение,1991.0,двухкомнатная квартира,Крупнопанельные,2,,101.0,,5,Жилое,,,"Ямало-Ненецкий автономный округ, г Ноябрьск, ул Советская, д 98А, кв 20",,,Площадь,Купля-продажа,,,2026-03-16,2026-03-17,125153.37423312884,001001000000,1,,,,,,,48.9,6120000.0,,3.0,0.0
2026-01-04,89:10:010208:2749,Помещение,1989.0,Однокомнатная квартира,Смешанные,2,,101.0,,5,Жилое,,,"Ямало-Ненецкий автономный округ, муниципальный округ Надымский район, город Надым, улица Заводская, дом 1, квартира 8",,,Площадь,Купля-продажа,,,2026-03-16,2026-03-17,68337.1298405467,001001000000,1,,,,,,,43.9,3000000.0,,3.0,0.0
2026-01-04,89:13:010106:897,Помещение,2012.0,2-комнатная квартира,Из прочих материалов,1,,205.0,,3,Жилое,,,"Ямало-Ненецкий автономный округ, городской округ город Муравленко, город Муравленко, улица Нефтяников, дом 3, квартира 13",,,Площадь,Купля-продажа,,,2026-03-16,2026-03-17,114886.73139158577,001001000000,1,,,,,,,61.8,7100000.0,,3.0,0.0
2026-01-04,89:09:010209:734,Помещение,2015.0,помещение: двухкомнатная квартира,Бетонные,4-5,,101.0,,5,Жилое,,,"Ямало-Ненецкий автономный округ, г Лабытнанги, ул Леонида Гиршгорна, д 51, кв 10",,,Площадь,Купля-продажа,,,2026-03-05,2026-03-17,43763.6761487965,001001000000,1,,,,,,,91.4,4000000.0,,3.0,0.0
2026-01-04,89:13:010105:3960,Помещение,2025.0,,Смешанные,3,,205.0,,3,Жилое,,,"Ямало-Ненецкий автономный округ, городской округ город Муравленко, город Муравленко, переулок Нефтяников, дом 7, квартира 31",,,Площадь,Купля-продажа,,,2026-03-16,2026-03-17,121538.46153846153,001001000000,1,,,,,,,32.5,3950000.0,,3.0,0.0
2026-01-04,89:10:010207:715,Помещение,1997.0,Трёхкомнатная квартира,Кирпичные,9,,101.0,,11,Жилое,,,"Ямало-Ненецкий автономный округ, г Надым, б-р Стрижова, д 1, кв 40",,,Площадь,Купля-продажа,,,2026-03-16,2026-03-17,83333.33333333333,001001000000,1,,,,,,,75.0,6250000.0,,3.0,0.0
2026-01-04,89:11:020302:1882,Помещение,1984.0,трехкомнатная квартира,Из мелких бетонных блоков,5,,101.0,,9,Жилое,,,"Ямало-Ненецкий автономный округ, г Новый Уренгой, ул 26 съезда КПСС, д 6а, кв 55",,,Площадь,Купля-продажа,,,2026-03-14,2026-03-17,115873.01587301587,001002000000,1,,,,,,,63.0,7300000.0,,3.0,0.0
2026-01-04,89:05:020301:7383,Помещение,1990.0,Квартира,Из прочих материалов,2,,205.0,,2,Жилое,,,"Ямало-Ненецкий автономный округ, р-н Пуровский, пгт Уренгой, Пятый микрорайон, д 33, кв 13",,,Площадь,Купля-продажа,,,2026-02-02,2026-03-17,23514.916356877326,001001000000,1,,,,,,,53.8,1265102.5,,3.0,0.0
2026-01-04,89:12:110806:150,Помещение,2015.0,Нежилое помещение,,1,,303.0,,,Нежилое,,,"Ямало-Ненецкий автономный округ, г Ноябрьск, гск ГК Ханто-1, гараж 23, район мкр.""Н"", блок 14",,,Площадь,Купля-продажа,,,2026-03-12,2026-03-17,4255.31914893617,001001000000,1,,,,,,,23.5,100000.0,,3.0,0.0
2026-01-04,89:12:110710:3308,Помещение,1990.0,Квартира,Смешанные,9,,101.0,,10,Жилое,,,"Ямало-Ненецкий автономный округ, городской округ город Ноябрьск, город Ноябрьск, проспект Мира, дом 78а, квартира 108",,,Площадь,Купля-продажа,,,2026-03-16,2026-03-17,124716.55328798185,001001000000,1,,,,,,,44.1,5500000.0,,3.0,0.0
2026-01-04,89:13:010111:851,Помещение,2006.0,Помещение: однокомнатная квартира,Крупнопанельные,5,,101.0,,5,Жилое,,,"Ямало-Ненецкий автономный округ, г Муравленко, ул Нефтяников, д 77, кв 59",,,Площадь,Купля-продажа,,,2026-03-16,2026-03-17,127572.01646090535,001001000000,1,,,,,,,48.6,6200000.0,,3.0,0.0
2026-01-04,89:11:020301:837,Помещение,1981.0,однокомнатная квартира,Бетонные,2,,101.0,,6,Жилое,,,"Ямало-Ненецкий автономный округ, г Новый Уренгой, ул 26 Съезда КПСС, д 8а, кв 50",,,Площадь,Купля-продажа,,,2026-03-16,2026-03-17,164948.45360824742,001001000000,1,,,,,,,38.8,6400000.0,,3.0,0.0
2026-01-04,89:14:010126:165,Помещение,2014.0,квартира,Из мелких бетонных блоков,1,,205.0,,3,Жилое,,,"Ямало-Ненецкий автономный округ, г Губкинский, мкр 15-й, д 11, кв 15",,,Площадь,Купля-продажа,,,2026-03-13,2026-03-18,147909.52522255192,001002000000,1,,,,,,,33.7,4984551.0,,3.0,0.0
2026-01-04,89:11:050203:621,Помещение,2015.0,Гараж,,1,,303.0,,,Нежилое,,,"Ямало-Ненецкий автономный округ, г Новый Уренгой, Северо-восточнее мкр.Юбилейный, ГСК ""Фортуна"", гараж №166",,,Площадь,Купля-продажа,,,2026-03-13,2026-03-18,57017.54385964912,001001000000,1,,,,,,,22.8,1300000.0,,3.0,0.0
2026-01-04,89:04:020301:1703,Помещение,2015.0,Гараж,,1,,303.0,,,Нежилое,,,"Ямало-Ненецкий автономный округ, р-н Надымский, пос Приозёрный, ФК-1, гараж №45",,,Площадь,Купля-продажа,,,2026-03-13,2026-03-18,12500.0,001001000000,1,,,,,,,24.0,300000.0,,3.0,0.0
2026-01-04,89:12:110704:2820,Помещение,2014.0,Квартира,Смешанные,7,,101.0,,10,Жилое,,,"Ямало-Ненецкий автономный округ, г Ноябрьск, ул Магистральная, д 121, кв 307",,,Площадь,Купля-продажа,,,2026-03-13,2026-03-18,136363.63636363635,001001000000,1,,,,,,,33.0,4500000.0,,3.0,0.0
2026-01-04,89:04:020301:1210,Помещение,1984.0,Квартира,Сборно-щитовые,1,,205.0,,2,Жилое,,,"Ямало-Ненецкий автономный округ, р-н Надымский, п Приозерный, ул ФК-2, д 1, кв 11",,,Площадь,Купля-продажа,,,2026-03-13,2026-03-18,8733.624454148472,001001000000,1,,,,,,,45.8,400000.0,,3.0,0.0
2026-01-04,89:08:030201:938,Помещение,1966.0,"Жилое помещение расположено в многоквартирном доме, признанном аварийным и подлежащим сносу или реконструкции",Деревянные,2,,205.0,,2,Жилое,,,"Ямало-Ненецкий автономный округ, г Салехард, ул Восход, д 6, кв 6",,,Площадь,Купля-продажа,,,2026-03-12,2026-03-18,120136.01609657946,001001000000,1,,,,,,,49.7,5970760.0,,3.0,0.0
2026-01-04,89:08:020201:2960,Помещение,2024.0,,Бетонные,6,,101.0,,6-8,Жилое,,,"Ямало-Ненецкий автономный округ, городской округ город Салехард, город Салехард, микрорайон Обдорский, дом 1 корпус 3, квартира 173",,,Площадь,Купля-продажа,,,2026-03-12,2026-03-18,137892.84064665128,001001000000,1,,,,,,,43.3,5970760.0,,3.0,0.0
2026-01-04,89:11:000000:6743,Помещение,2004.0,гараж,Из прочих материалов,1,,303.0,,1,Нежилое,,,"Ямало-Ненецкий автономный округ, г Новый Уренгой, Северная Коммунальная Зона, Гаражно-эксплуатационный кооператив "" Берег"", Гаражная ячейка № 39",,,Площадь,Купля-продажа,,,2026-03-16,2026-03-18,41666.666666666664,001001000000,1,,,,,,,21.6,900000.0,,3.0,0.0
2026-01-04,89:12:110709:2661,Помещение,1994.0,Квартира,Крупнопанельные,5,,101.0,,5,Жилое,,,"Ямало-Ненецкий автономный округ, городской округ город Ноябрьск, город Ноябрьск, улица Высоцкого, дом 46, квартира 59",,,Площадь,Купля-продажа,,,2026-03-18,2026-03-18,153374.23312883437,001001000000,1,,,,,,,48.9,7500000.0,,3.0,0.0
2026-01-04,89:11:030301:2463,Помещение,2015.0,гараж,,1,,303.0,,,Нежилое,,,"Ямало-Ненецкий автономный округ, г Новый Уренгой, Восточная промзона, гараж №70",,,Площадь,Купля-продажа,,,2026-03-14,2026-03-18,12565.44502617801,001001000000,1,,,,,,,19.1,240000.0,,3.0,0.0
2026-01-04,89:08:010305:987,Помещение,2005.0,Помещение: двухкомнатная квартира,Бетонные,2,,205.0,,3,Жилое,,,"Ямало-Ненецкий автономный округ, г Салехард, ул Глазкова, д 6, кв 2",,,Площадь,Купля-продажа,,,2026-03-17,2026-03-18,159944.3671766342,001001000000,1,,,,,,,71.9,11500000.0,,3.0,0.0
2026-01-04,89:12:110703:488,Помещение,2005.0,Помещение: двухкомнатная квартира,Из прочих материалов,5,,101.0,,11,Жилое,,,"Ямало-Ненецкий автономный округ, г Ноябрьск, ул Советская, д 88, кв 20",,,Площадь,Купля-продажа,,,2026-03-18,2026-03-18,133333.33333333334,001001000000,1,,,,,,,57.0,7600000.0,,3.0,0.0
2026-01-04,89:11:070101:3135,Помещение,2012.0,квартира,Крупнопанельные,1,,101.0,,6,Жилое,,,"Ямало-Ненецкий автономный округ, г Новый Уренгой, жилрайон Лимбяяха, мкр Приозерный, д 18, кв 84",,,Площадь,Купля-продажа,,,2026-03-04,2026-03-18,56838.90577507599,001001000000,1,,,,,,,32.9,1870000.0,,3.0,0.0
2026-01-04,89:13:010108:651,Помещение,1990.0,квартира,Крупнопанельные,5,,101.0,,5,Жилое,,,"Ямало-Ненецкий автономный округ, г Муравленко, ул Ленина, д 127, кв 75",,,Площадь,Купля-продажа,,,2026-03-17,2026-03-18,25540.275049115913,001001000000,1,,,,,,,50.9,1300000.0,,3.0,0.0
2026-01-04,89:12:110616:7120,Помещение,2025.0,,Иное,2,,101.0,,5,Жилое,,,"Ямало-Ненецкий автономный округ, городской округ город Ноябрьск, город Ноябрьск, улица Изыскателей, дом 16, квартира 5",,,Площадь,Купля-продажа,,,2026-03-17,2026-03-18,151051.13636363635,001002000000,1,,,,,,,35.2,5317000.0,,3.0,0.0
2026-01-04,89:05:020101:1794,Помещение,2015.0,Квартира,Кирпичные; Из мелких бетонных блоков,3,,101.0,,6,Жилое,,,"Ямало-Ненецкий автономный округ, р-н Пуровский, г Тарко-Сале, ул Труда, д 4, корп 2, кв 50",,,Площадь,Купля-продажа,,,2026-03-17,2026-03-18,178655.79945799458,001001000000,1,,,,,,,36.9,6592399.0,,3.0,0.0
2026-01-04,89:12:110615:685,Помещение,1983.0,"«Жилое помещение, расположено в многоквартирном доме, признанном аварийным и подлежащим сносу или реконструкции»",Деревянные,1,,205.0,,2,Жилое,,,"Ямало-Ненецкий автономный округ, г Ноябрьск, ул 60 лет СССР, д 15, кв 6",,,Площадь,Купля-продажа,,,2026-03-10,2026-03-18,136902.98507462686,001001000000,1,,,,,,,53.6,7338000.0,,3.0,0.0
2026-01-04,89:12:110606:2873,Помещение,2025.0,,Смешанные,2,,205.0,,5,Жилое,,,"Ямало-Ненецкий автономный округ, городской округ город Ноябрьск, город Ноябрьск, улица Республики, дом 60 корпус 1, квартира 37",,,Площадь,Купля-продажа,,,2026-03-10,2026-03-18,150855.61497326204,001001000000,1,,,,,,,56.1,8463000.0,,3.0,0.0
2026-01-04,89:11:020103:2069,Помещение,2015.0,Гараж,,1,,303.0,,,Нежилое,,,"Ямало-Ненецкий автономный округ, г Новый Уренгой, южнее ПГК ""Теплый стан"", ГСК ""Ветеран"", гараж №6",,,Площадь,Купля-продажа,,,2025-12-18,2026-03-18,44444.444444444445,001001000000,1,,,,,,,22.5,1000000.0,,3.0,0.0
2026-01-04,89:13:010103:3909,Помещение,2005.0,Гаражный бокс № 29,Смешанные,1,,303.0,,1,Нежилое,,,"Ямало-Ненецкий автономный округ, г Муравленко, мкр Административный (мкр №3), гаражный бокс № 29",,,Площадь,Купля-продажа,,,2025-12-10,2026-03-18,16666.666666666668,001001000000,1,,,,,,,21.0,350000.0,,3.0,0.0
2026-01-04,89:11:020102:1632,Помещение,2015.0,Гараж,,1,,303.0,,,Нежилое,,,"Ямало-Ненецкий автономный округ, г Новый Уренгой, жилой поселок Тюменгазпром, ПГСК ""Дружба-1"", гараж №17",,,Площадь,Купля-продажа,,,2026-03-15,2026-03-18,37500.0,001001000000,1,,,,,,,24.0,900000.0,,3.0,0.0
2026-01-04,89:13:000000:1133,Помещение,1989.0,Квартира,Крупнопанельные,4,,101.0,,5,Жилое,,,"Ямало-Ненецкий автономный округ, г Муравленко, ул Пионерская, д 20, кв 25",,,Площадь,Купля-продажа,,,2026-03-17,2026-03-18,107677.16535433072,001002000000,1,,,,,,,50.8,5470000.0,,3.0,0.0
2026-01-04,89:11:020101:6084,Помещение,2026.0,,Иное,14,,101.0,,14,Жилое,,,"Ямало-Ненецкий автономный округ, городской округ город Новый Уренгой, город Новый Уренгой, проспект Губкина, дом 11В, квартира 78",,,Площадь,Купля-продажа,,,2026-03-16,2026-03-18,184611.7824773414,001001000000,1,,,,,,,33.1,6110650.0,,3.0,0.0
2026-01-04,89:11:020206:2536,Помещение,2024.0,,Бетонные,5,,101.0,,8,Жилое,,,"Ямало-Ненецкий автономный округ, городской округ город Новый Уренгой, город Новый Уренгой, улица Южная, дом 54А, квартира 147",,,Площадь,Купля-продажа,,,2026-02-05,2026-03-18,174465.75342465754,001001000000,1,,,,,,,36.5,6368000.0,,3.0,0.0
2026-01-04,89:08:030101:560,Помещение,1984.0,Помещение: комната,Деревянные,1,,507.0,,2,Жилое,,,"Ямало-Ненецкий автономный округ, г Салехард, ул Чапаева, д 41, к.24",,,Площадь,Купля-продажа,,,2026-03-17,2026-03-18,32459.016393442624,001002000000,1,,,,,,,30.5,990000.0,,3.0,0.0
2026-01-04,89:12:110606:2811,Помещение,2025.0,,Смешанные,1,,205.0,,5,Жилое,,,"Ямало-Ненецкий автономный округ, городской округ город Ноябрьск, город Ноябрьск, улица Республики, дом 60 корпус 3, квартира 32",,,Площадь,Купля-продажа,,,2026-03-16,2026-03-18,135519.1256830601,001001000000,1,,,,,,,36.6,4960000.0,,3.0,0.0
2026-01-04,89:12:110703:885,Помещение,2007.0,Однокомнатная квартира,Крупнопанельные,10,,101.0,,11,Жилое,,,"Ямало-Ненецкий автономный округ, городской округ город Ноябрьск, город Ноябрьск, улица Ленина, дом 63, квартира 118",,,Площадь,Купля-продажа,,,2026-03-17,2026-03-18,134900.9900990099,001001000000,1,,,,,,,40.4,5450000.0,,3.0,0.0
2026-01-04,89:14:010104:1016,Помещение,2015.0,"помещение: двухкомнатная квартира ""Жилое помещение расположено в многоквартирном доме, признанном аварийным и подлежащим сносу или реконструкции"" (Постановление Администрации города Губкинского ""О признании многоквартирного жилого дома №16 микрорайона 4 города Губкинского аварийным и подлежащим сносу"" №1789 от 09.11.2020г.)",Деревянные,1,,205.0,,2,Жилое,,,"Ямало-Ненецкий автономный округ, г Губкинский, мкр 4-й, д 16, кв 3",,,Площадь,Купля-продажа,,,2026-03-13,2026-03-18,127696.31970260224,001001000000,1,,,,,,,53.8,6870062.0,,3.0,0.0
2026-01-04,89:14:010102:3089,Помещение,2015.0,,Из прочих материалов,3,,101.0,,4-5,Жилое,,,"Ямало-Ненецкий автономный округ, город Губкинский, микрорайон №2, д 3, кв 68",,,Площадь,Купля-продажа,,,2026-03-13,2026-03-18,136000.0,001001000000,1,,,,,,,51.9,7058400.0,,3.0,0.0
2026-01-04,89:04:020301:1664,Помещение,2015.0,Гараж,,1,,303.0,,,Нежилое,,,"Ямало-Ненецкий автономный округ, р-н Надымский, пос Приозёрный, ФК-1, гараж №9",,,Площадь,Купля-продажа,,,2026-03-13,2026-03-18,4583.333333333333,001001000000,1,,,,,,,24.0,110000.0,,3.0,0.0
2026-01-04,89:10:010301:430,Помещение,2017.0,гараж,Железобетонные,1,,303.0,,1,Нежилое,,,"Ямало-Ненецкий автономный округ, г. Надым, территория ГСК ""Прогресс"", строен 7, гараж №129",,,Площадь,Купля-продажа,,,2026-03-17,2026-03-18,14227.642276422763,001001000000,1,,,,,,,24.6,350000.0,,3.0,0.0
2026-01-04,89:14:010101:1019,Помещение,2002.0,помещение: двухкомнатная квартира,Из легкобетонных панелей,2,,101.0,,6,Жилое,,,"Ямало-Ненецкий автономный округ, г Губкинский, мкр 1-й, д 14, кв 24",,,Площадь,Купля-продажа,,,2026-03-17,2026-03-18,130996.30996309963,001002000000,1,,,,,,,54.2,7100000.0,,3.0,0.0
2026-01-04,89:07:010101:4017,Помещение,1983.0,"«Жилое помещение, расположено в многоквартирном доме, признанном аварийным и подлежащим сносу или реконструкции»",Деревянные,2,,205.0,,2,Жилое,,,"Ямало-Ненецкий автономный округ, р-н Красноселькупский, с Красноселькуп, ул Полярная, д 19, кв 14",,,Площадь,Купля-продажа,,,2026-03-13,2026-03-18,54080.80808080808,001001000000,1,,,,,,,49.5,2677000.0,,3.0,0.0
2026-01-04,89:11:000000:6779,Помещение,2015.0,Гараж №368,,1,,303.0,,,Нежилое,,,"Ямало-Ненецкий автономный округ, г Новый Уренгой, Северная Коммунальная Зона, панель ""А"", ГЭК ""Василёк"", гараж №368",,,Площадь,Купля-продажа,,,2025-08-04,2026-03-18,28884.462151394422,001001000000,1,,,,,,,25.1,725000.0,,3.0,0.0
2026-01-04,89:11:030301:2374,Помещение,2015.0,гараж,,1,,303.0,,,Нежилое,,,"Ямало-Ненецкий автономный округ, г Новый Уренгой, Восточная промзона, панель Д, Потребительский гаражно-эксплуатационный кооператив Смелый, гараж №52",,,Площадь,Купля-продажа,,,2026-03-17,2026-03-18,34782.608695652176,001001000000,1,,,,,,,23.0,800000.0,,3.0,0.0
2026-01-04,89:12:110705:762,Помещение,1982.0,двухкомнатная квартира,Бетонные,3,,101.0,,5,Жилое,,,"Ямало-Ненецкий автономный округ, г Ноябрьск, ул Дзержинского, д 29, кв 24",,,Площадь,Купля-продажа,,,2026-03-17,2026-03-18,110671.93675889328,001001000000,1,,,,,,,50.6,5600000.0,,3.0,0.0
2026-01-04,89:12:110403:459,Помещение,2015.0,Квартира,Смешанные,1,,205.0,,2,Жилое,,,"Ямало-Ненецкий автономный округ, г Ноябрьск, ул Энтузиастов, д 47, кв 17",,,Площадь,Купля-продажа,,,2026-03-17,2026-03-18,179758.06451612903,001001000000,1,,,,,,,37.2,6687000.0,,3.0,0.0
2026-01-04,89:10:010107:549,Помещение,1974.0,Квартира,Железобетонные,1,,101.0,,5,Жилое,,,"Ямало-Ненецкий автономный округ, г Надым, ул Полярная, д 9, кв 24",,,Площадь,Купля-продажа,,,2026-03-17,2026-03-18,44522.968197879854,001001000000,1,,,,,,,28.3,1260000.0,,3.0,0.0
2026-01-04,89:04:020401:734,Помещение,1983.0,Квартира,Сборно-щитовые,1,,205.0,,2,Жилое,,,"Ямало-Ненецкий автономный округ, муниципальный округ Надымский район, поселок Ягельный, дом 18, квартира 3",,,Площадь,Купля-продажа,,,2026-03-12,2026-03-18,6607.929515418502,001001000000,1,,,,,,,45.4,300000.0,,3.0,0.0
2026-01-04,89:13:010108:1150,Помещение,1989.0,Помещение: двухкомнатная квартира,Деревянный каркас без обшивки,1,,205.0,,2,Жилое,,,"Ямало-Ненецкий автономный округ, г Муравленко, ул Пионерская, д 59, кв 10",,,Площадь,Купля-продажа,,,2026-03-16,2026-03-19,95000.0,001001000000,1,,,,,,,53.4,5073000.0,,3.0,0.0
2026-01-04,89:11:010303:548,Помещение,2015.0,гараж,,1,,303.0,,,Нежилое,,,"Ямало-Ненецкий автономный округ, г Новый Уренгой, Западная промзона, Гаражно-эксплуатационный кооператив ""МиК"", гараж №13",,,Площадь,Купля-продажа,,,2026-03-13,2026-03-19,14084.507042253521,001001000000,1,,,,,,,21.3,300000.0,,3.0,0.0
2026-01-04,89:05:020124:1132,Помещение,2006.0,Двухкомнатная квартира,Монолитные,1,,101.0,,6,Жилое,,,"Ямало-Ненецкий автономный округ, р-н Пуровский, г Тарко-Сале, ул им.Е.К. Колесниковой, д 1, кв 2",,,Площадь,Купля-продажа,,,2026-03-18,2026-03-19,167597.7653631285,001001000000,1,,,,,,,71.6,12000000.0,,3.0,0.0
2026-01-04,89:12:110606:2792,Помещение,2025.0,,Смешанные,3,,205.0,,5,Жилое,,,"Ямало-Ненецкий автономный округ, городской округ город Ноябрьск, город Ноябрьск, улица Республики, дом 60 корпус 3, квартира 15",,,Площадь,Купля-продажа,,,2026-03-19,2026-03-19,157593.12320916905,001001000000,1,,,,,,,34.9,5500000.0,,3.0,0.0
2026-01-04,89:08:010203:1284,Помещение,1988.0,Помещение: квартира,Кирпичные,3,,101.0,,5,Жилое,,,"Ямало-Ненецкий автономный округ, г Салехард, ул Имени Василия Подшибякина, д 1, кв 6",,,Площадь,Купля-продажа,,,2026-03-18,2026-03-19,164728.68217054263,001001000000,1,,,,,,,51.6,8500000.0,,3.0,0.0
2026-01-04,89:12:110103:1178,Помещение,1987.0,Квартира,Кирпичные,5,,101.0,,5,Жилое,,,"Ямало-Ненецкий автономный округ, г Ноябрьск, ул Привокзальная, д 1, кв 114",,,Площадь,Купля-продажа,,,2026-03-19,2026-03-19,100000.0,001001000000,1,,,,,,,57.0,5700000.0,,3.0,0.0
2026-01-04,89:13:010105:1582,Помещение,2014.0,Квартира,Из прочих материалов,,,205.0,,3,Жилое,,,"Ямало-Ненецкий автономный округ, г Муравленко, пер Нефтяников, д 27, кв 19",,,Площадь,Купля-продажа,,,2026-03-17,2026-03-19,88235.29411764706,001001000000,1,,,,,,,34.0,3000000.0,,3.0,0.0
2026-01-04,89:14:010114:274,Помещение,2003.0,Квартира,Кирпичные,3,,507.0,,6,Жилое,,,"Ямало-Ненецкий автономный округ, г Губкинский, мкр 14-й, д 4, кв 313",,,Площадь,Купля-продажа,,,2026-03-18,2026-03-19,141630.90128755366,001001000000,1,,,,,,,23.3,3300000.0,,3.0,0.0
2026-01-04,89:07:010101:4072,Помещение,1983.0,"«Жилое помещение, расположено в многоквартирном доме, признанном аварийным и подлежащим сносу или реконструкции»",Деревянные,1,,205.0,,2,Жилое,,,"Ямало-Ненецкий автономный округ, р-н Красноселькупский, с Красноселькуп, ул Полярная, д 19, кв 12",,,Площадь,Купля-продажа,,,2026-03-13,2026-03-19,53598.72611464968,001001000000,1,,,,,,,31.4,1683000.0,,3.0,0.0
2026-01-04,89:10:010301:465,Помещение,2019.0,гараж,Железобетонные,1,,303.0,,1,Нежилое,,,"Ямало-Ненецкий автономный округ, Надымский м.р-н, г.п. город Надым, г Надым, проезд 1-й, стр. 30а, помещение 4",,,Площадь,Купля-продажа,,,2026-03-16,2026-03-19,17777.777777777777,001001000000,1,,,,,,,22.5,400000.0,,3.0,0.0
2026-01-04,89:09:010202:523,Помещение,1999.0,трёхкомнатная квартира,Железобетонные,2,,101.0,,5,Жилое,,,"Ямало-Ненецкий автономный округ, г Лабытнанги, ул Школьная, д 8, кв 39",,,Площадь,Купля-продажа,,,2026-03-16,2026-03-19,38402.45775729647,001001000000,1,,,,,,,65.1,2500000.0,,3.0,0.0
2026-01-04,89:11:050101:1403,Помещение,2011.0,,Кирпичные,6,,101.0,,9,Жилое,,,"Ямало-Ненецкий автономный округ, г Новый Уренгой, мкр Дружба, д 6, корп 1, кв 22",,,Площадь,Купля-продажа,,,2026-03-18,2026-03-19,168539.32584269662,001001000000,1,,,,,,,44.5,7500000.0,,3.0,0.0
2026-01-04,89:11:020206:1043,Помещение,2008.0,квартира в многоквартирном доме,Из прочих материалов,3,,205.0,,4,Жилое,,,"Ямало-Ненецкий автономный округ, г Новый Уренгой, ул Южная, д 32А, кв 22",,,Площадь,Купля-продажа,,,2026-03-18,2026-03-19,176733.7807606264,001001000000,1,,,,,,,44.7,7900000.0,,3.0,0.0
2026-01-04,89:10:010208:3439,Помещение,1989.0,Двухкомнатная квартира,Крупнопанельные,9,,101.0,,10,Жилое,,,"Ямало-Ненецкий автономный округ, муниципальный округ Надымский район, город Надым, улица Заводская, дом 5, квартира 65",,,Площадь,Купля-продажа,,,2026-03-18,2026-03-19,73529.41176470589,001002000000,1,,,,,,,54.4,4000000.0,,3.0,0.0
2026-01-04,89:11:000000:6788,Помещение,2015.0,Гараж №367,,1,,303.0,,,Нежилое,,,"Ямало-Ненецкий автономный округ, г Новый Уренгой, Северная Коммунальная Зона, панель ""А"", ГЭК ""Василёк"", гараж №367",,,Площадь,Купля-продажа,,,2025-08-04,2026-03-19,25892.85714285714,001001000000,1,,,,,,,28.0,725000.0,,3.0,0.0
2026-01-04,89:11:050103:3775,Помещение,1989.0,однокомнатная квартира,Железобетонные,4,,101.0,,11,Жилое,,,"Ямало-Ненецкий автономный округ, городской округ город Новый Уренгой, город Новый Уренгой, микрорайон Мирный, дом 5 корпус 2, квартира 94",,,Площадь,Купля-продажа,,,2026-03-18,2026-03-19,174540.68241469815,001001000000,1,,,,,,,38.1,6650000.0,,3.0,0.0
2026-01-04,89:10:010302:746,Помещение,2015.0,Гараж,,1,,303.0,,,Нежилое,,,"Ямало-Ненецкий автономный округ, г Надым, ул Панель Н, гараж 4",,,Площадь,Купля-продажа,,,2026-03-17,2026-03-19,15873.015873015873,001001000000,1,,,,,,,25.2,400000.0,,3.0,0.0
2026-01-04,89:10:010208:2380,Помещение,1990.0,Двухкомнатная квартира,Крупнопанельные,10,,101.0,,10,Жилое,,,"Ямало-Ненецкий автономный округ, г Надым, ул Зверева, д 50, кв 69",,,Площадь,Купля-продажа,,,2026-03-18,2026-03-19,44502.61780104712,001002000000,1,,,,,,,57.3,2550000.0,,3.0,0.0
2026-01-04,89:12:110601:1627,Помещение,1996.0,двухкомнатная квартира,Крупнопанельные,1,,101.0,,5,Жилое,,,"Ямало-Ненецкий автономный округ, г Ноябрьск, ул Советская, д 76, кв 44",,,Площадь,Купля-продажа,,,2026-03-12,2026-03-19,113207.54716981133,001001000000,1,,,,,,,53.0,6000000.0,,3.0,0.0
2026-01-04,89:14:040101:1703,Помещение,2015.0,,Бетонные,6,,101.0,,7-8,Жилое,,,"Ямало-Ненецкий автономный округ, городской округ город Губкинский, город Губкинский, микрорайон № 17, дом 12, квартира 66",,,Площадь,Купля-продажа,,,2026-03-17,2026-03-19,109440.12698412698,001002000000,1,,,,,,,63.0,6894728.0,,3.0,0.0
2026-01-04,89:14:010104:1017,Помещение,2015.0,"квартира, жилое помещение расположено в многоквартирном доме, признанном аварийным и подлежащим сносу",Деревянные,2,,205.0,,2,Жилое,,,"Ямало-Ненецкий автономный округ, г Губкинский, мкр 4-й, д 16, кв 12",,,Площадь,Купля-продажа,,,2026-03-17,2026-03-19,142450.0,001001000000,1,,,,,,,54.0,7692300.0,,3.0,0.0
2026-01-04,89:14:010114:960,Помещение,2011.0,2-комнатная квартира,Бетонные,3,,101.0,,5,Жилое,,,"Ямало-Ненецкий автономный округ, г Губкинский, мкр 14, д 14, кв 12",,,Площадь,Купля-продажа,,,2026-03-18,2026-03-19,155112.65164644714,001001000000,1,,,,,,,57.7,8950000.0,,3.0,0.0
2026-01-04,89:08:000000:2024,Помещение,2015.0,Гараж,,1,,303.0,,,Нежилое,,,"Ямало-Ненецкий автономный округ, г Салехард, ул Пионерская, Площадка №10, строение №1, бокс №14",,,Площадь,Купля-продажа,,,2026-03-14,2026-03-19,53968.25396825397,001001000000,1,,,,,,,31.5,1700000.0,,3.0,0.0
2026-01-04,89:11:020103:2067,Помещение,2015.0,Гараж,,1,,303.0,,,Нежилое,,,"Ямало-Ненецкий автономный округ, г Новый Уренгой, южнее ПГК ""Теплый стан"", ГСК ""Ветеран"", гараж №7",,,Площадь,Купля-продажа,,,2025-10-11,2026-03-19,44444.444444444445,001001000000,1,,,,,,,22.5,1000000.0,,3.0,0.0
2026-01-04,89:13:010104:817,Помещение,1986.0,Квартира,Железобетонные,4,,101.0,,5,Жилое,,,"Ямало-Ненецкий автономный округ, г Муравленко, ул Ленина, д 52, кв 102",,,Площадь,Купля-продажа,,,2026-03-18,2026-03-19,111280.48780487805,001001000000,1,,,,,,,65.6,7300000.0,,3.0,0.0
2026-01-04,89:04:020101:4006,Помещение,1994.0,Двухкомнатная квартира,Крупнопанельные,4,,101.0,,5,Жилое,,,"Ямало-Ненецкий автономный округ, р-н Надымский, пгт Пангоды, ул Ленина, д 44, кв 54",,,Площадь,Купля-продажа,,,2026-03-19,2026-03-20,48872.18045112782,001001000000,1,,,,,,,53.2,2600000.0,,3.0,0.0
2026-01-04,89:04:000000:2379,Помещение,1979.0,"Мини-пекарня ""Пышка""",Кирпичные,1,,402.0,,1,Нежилое,,,"Ямало-Ненецкий автономный округ, муниципальный округ Надымский район, поселок городского типа Пангоды, улица Полярников, строение 3, помещение 1",,,Площадь,Купля-продажа,,,2026-03-03,2026-03-20,8973.522012578616,001001000000,1,,,,,,,190.8,1712148.0,,3.0,0.0
2026-01-04,89:12:110710:2626,Помещение,1987.0,двухкомнатная квартира,Крупнопанельные,5,,101.0,,5,Жилое,,,"Ямало-Ненецкий автономный округ, г Ноябрьск, ул Изыскателей, д 40Б, кв 44",,,Площадь,Купля-продажа,,,2026-03-20,2026-03-20,152719.66527196654,001001000000,1,,,,,,,47.8,7300000.0,,3.0,0.0
2026-01-04,89:11:000000:6225,Помещение,2015.0,гараж,,1,,303.0,,,Нежилое,,,"Ямало-Ненецкий автономный округ, г Новый Уренгой, Северная промзона, потребительский гаражный кооператив ""Лада-97"", гараж №21",,,Площадь,Купля-продажа,,,2026-03-17,2026-03-20,84210.52631578948,001001000000,1,,,,,,,19.0,1600000.0,,3.0,0.0
2026-01-04,89:09:010201:714,Помещение,2004.0,однокомнатная квартира на третьем этаже пятиэтажного жилого дома,Крупнопанельные,3,,101.0,,5,Жилое,,,"Ямало-Ненецкий автономный округ, г Лабытнанги, ул Школьная, д 24, кв 22",,,Площадь,Купля-продажа,,,2026-03-17,2026-03-20,119565.21739130434,001002000000,1,,,,,,,55.2,6600000.0,,3.0,0.0
2026-01-04,89:06:010106:347,Помещение,2021.0,Квартира,Из прочих материалов,4,,205.0,,4,Жилое,,,"Российская Федерация, Ямало-Ненецкий автономный округ, Тазовский муниципальный округ, сельское поселение поселок Тазовский, микрорайон Солнечный, дом 4, квартира 16",,,Площадь,Купля-продажа,,,2026-01-21,2026-03-20,128000.0,001002000000,1,,,,,,,46.5,5952000.0,,3.0,0.0
2026-01-04,89:13:010108:1029,Помещение,1990.0,квартира,Из железобетонных сегментов,2,,101.0,,5,Жилое,,,"Ямало-Ненецкий автономный округ, г Муравленко, ул Ленина, д 113, кв 109",,,Площадь,Купля-продажа,,,2026-03-20,2026-03-20,121338.91213389122,001001000000,1,,,,,,,47.8,5800000.0,,3.0,0.0
2026-01-04,89:12:110703:1840,Помещение,1991.0,двухкомнатная квартира,Крупнопанельные,9,,101.0,,10,Жилое,,,"Ямало-Ненецкий автономный округ, г Ноябрьск, ул Советская, д 90а, кв 901",,,Площадь,Купля-продажа,,,2026-03-19,2026-03-20,88691.79600886918,001002000000,1,,,,,,,45.1,4000000.0,,3.0,0.0
2026-01-04,89:06:010109:1347,Помещение,1965.0,двухкомнатная квартира,Деревянные,2,,205.0,,2,Жилое,,,"Ямало-Ненецкий автономный округ, р-н Тазовский, пгт Тазовский, ул Кирова, д 6, кв 6",,,Площадь,Купля-продажа,,,2026-01-21,2026-03-20,90106.17283950618,001001000000,1,,,,,,,40.5,3649300.0,,3.0,0.0
2026-01-04,89:14:010109:1199,Помещение,2007.0,2-комнатная квартира,Из мелких бетонных блоков,4,,101.0,,5,Жилое,,,"Ямало-Ненецкий автономный округ, г Губкинский, мкр 9-й, д 35, кв 16",,,Площадь,Купля-продажа,,,2026-03-19,2026-03-20,144508.67052023122,001001000000,1,,,,,,,51.9,7500000.0,,3.0,0.0
2026-01-04,89:11:020304:2379,Помещение,1984.0,двухкомнатная квартира,Крупнопанельные,1,,101.0,,6,Жилое,,,"Ямало-Ненецкий автономный округ, г Новый Уренгой, ул Молодежная, д 11, кв 63А",,,Площадь,Купля-продажа,,,2026-03-19,2026-03-20,127522.93577981651,001001000000,1,,,,,,,54.5,6950000.0,,3.0,0.0
2026-01-04,89:12:110616:7017,Помещение,2025.0,,Иное,2,,205.0,,4,Жилое,,,"Ямало-Ненецкий автономный округ, городской округ город Ноябрьск, город Ноябрьск, улица Изыскателей, дом 12, корпус 1, квартира 61",,,Площадь,Купля-продажа,,,2026-03-13,2026-03-20,141782.72980501392,001001000000,1,,,,,,,71.8,10180000.0,,3.0,0.0
2026-01-04,89:12:110601:2638,Помещение,1987.0,"«Жилое помещение, расположено в многоквартирном доме, признанном аварийным и подлежащим сносу или реконструкции»",Деревянные,2,,205.0,,2,Жилое,,,"Ямало-Ненецкий автономный округ, г Ноябрьск, мкр Вынгапуровский, ул Энтузиастов, д 31А, кв 6",,,Площадь,Купля-продажа,,,2026-03-13,2026-03-20,134979.5918367347,001001000000,1,,,,,,,73.5,9921000.0,,3.0,0.0
2026-01-04,89:11:020203:3426,Помещение,2023.0,,Бетонные,8,,101.0,,10,Жилое,,,"Ямало-Ненецкий автономный округ, городской округ Новый Уренгой, г.Новый Уренгой, ул.Сибирская, дом 31А, кв.72",,,Площадь,Купля-продажа,,,2026-03-19,2026-03-20,103189.49343339588,001002000000,1,,,,,,,53.3,5500000.0,,3.0,0.0
2026-01-04,89:11:020306:758,Помещение,1984.0,двухкомнатная квартира,Крупнопанельные,6,,507.0,,9,Жилое,,,"Ямало-Ненецкий автономный округ, городской округ город Новый Уренгой, город Новый Уренгой, улица Геологоразведчиков, дом 2Б корпус 1, квартира 604",,,Площадь,Купля-продажа,,,2026-03-19,2026-03-20,166666.6666666667,001001000000,1,,,,,,,30.9,5150000.0,,3.0,0.0
2026-01-04,89:11:020101:5858,Помещение,2025.0,Помещение общественного назначения №1,Иное,1,,107.0,,11,Нежилое,,,"Ямало-Ненецкий автономный округ, городской округ город Новый Уренгой, город Новый Уренгой, проспект Губкина, дом 9Б, нежилое помещение для коммерческого использования 1, 2, 3, 4",,,Площадь,Купля-продажа,,,2026-03-18,2026-03-20,147204.1006523765,001001000000,1,,,,,,,107.3,15795000.0,,3.0,0.0
2026-01-04,89:11:020203:769,Помещение,1991.0,Квартира,Крупнопанельные,3,,101.0,,5,Жилое,,,"Ямало-Ненецкий автономный округ, г Новый Уренгой, ул Сибирская, д 17, кв 52",,,Площадь,Купля-продажа,,,2026-03-19,2026-03-20,140074.21150278294,001001000000,1,,,,,,,53.9,7550000.0,,3.0,0.0
2026-01-04,89:11:050104:963,Помещение,1988.0,квартира в многоквартирном доме,Крупнопанельные,3,,101.0,,10,Жилое,,,"Ямало-Ненецкий автономный округ, городской округ город Новый Уренгой, город Новый Уренгой, микрорайон Советский, дом 7 корпус 3, квартира 45",,,Площадь,Купля-продажа,,,2026-03-19,2026-03-20,200000.0,001001000000,1,,,,,,,36.5,7300000.0,,3.0,0.0
2026-01-04,89:11:030204:1301,Помещение,2015.0,,,1,,303.0,,,Нежилое,,,"Ямало-Ненецкий автономный округ, городской округ город Новый Уренгой, город Новый Уренгой, проезд Производственный, строение 11, ГК ""Спутник"", гараж №292",,,Площадь,Купля-продажа,,,2026-03-18,2026-03-20,25083.61204013378,001001000000,1,,,,,,,59.8,1500000.0,,3.0,0.0
2026-01-04,89:03:010401:704,Помещение,2009.0,Помещение: квартира,Рубленые,1,,205.0,,2,Жилое,,,"Ямало-Ненецкий автономный округ, р-н Ямальский, с Сеяха, ул Вануйто Константина, д 10, кв 3",,,Площадь,Купля-продажа,,,2026-03-13,2026-03-20,147420.1474201474,001002000000,1,,,,,,,40.7,6000000.0,,3.0,0.0
2026-01-04,89:10:010305:250,Помещение,2015.0,Гараж,,1,,303.0,,,Нежилое,,,"Ямало-Ненецкий автономный округ, г Надым, проезд №8, ГСК Полярник, гараж 159",,,Площадь,Купля-продажа,,,2026-02-13,2026-03-20,5281.003861003861,001001000000,1,,,,,,,25.9,136778.0,,3.0,0.0
2026-01-04,89:11:020202:1034,Помещение,1986.0,Квартира,Из прочих материалов,1,,101.0,,10,Жилое,,,"Ямало-Ненецкий автономный округ, г Новый Уренгой, ул Юбилейная, д 8, кв 110",,,Площадь,Купля-продажа,,,2026-03-19,2026-03-20,109375.0,001001000000,1,,,,,,,64.0,7000000.0,,3.0,0.0
2026-01-04,89:10:010203:866,Помещение,1980.0,Однокомнатная квартира,Из прочих материалов,3,,101.0,,5,Жилое,,,"Ямало-Ненецкий автономный округ, муниципальный округ Надымский район, город Надым, улица Геологоразведчиков, дом 3, квартира 37",,,Площадь,Купля-продажа,,,2026-03-19,2026-03-20,64432.98969072165,001001000000,1,,,,,,,38.8,2500000.0,,3.0,0.0
2026-01-04,89:12:110703:276,Помещение,1989.0,Квартира,Крупнопанельные,4,,101.0,,5,Жилое,,,"Ямало-Ненецкий автономный округ, г Ноябрьск, ул Магистральная, д 111 а, кв 71",,,Площадь,Купля-продажа,,,2026-03-19,2026-03-20,146391.7525773196,001001000000,1,,,,,,,48.5,7100000.0,,3.0,0.0
2026-01-04,89:02:010101:1628,Помещение,2016.0,,Бетонные,2,,205.0,,3,Жилое,,,"Ямало-Ненецкий автономный округ, р-н Приуральский, п Белоярск, ул Октябрьская, д 22, кв 30",,,Площадь,Купля-продажа,,,2026-03-19,2026-03-20,90476.19047619047,001001000000,1,,,,,,,63.0,5700000.0,,3.0,0.0
2026-01-04,89:12:110701:672,Помещение,1989.0,двухкомнатная квартира,Железобетонные,2,,101.0,,5,Жилое,,,"Ямало-Ненецкий автономный округ, г Ноябрьск, ул Магистральная, д 81, кв 19",,,Площадь,Купля-продажа,,,2026-03-19,2026-03-23,159695.8174904943,001001000000,1,,,,,,,52.6,8400000.0,,3.0,0.0
2026-01-04,89:11:010303:625,Помещение,2015.0,гараж,,1,,303.0,,,Нежилое,,,"Ямало-Ненецкий автономный округ, г Новый Уренгой, Западная промзона, южнее котельной №2, гараж №3",,,Площадь,Купля-продажа,,,2026-03-21,2026-03-23,50522.648083623695,001001000000,1,,,,,,,28.7,1450000.0,,3.0,0.0
2026-01-04,89:10:010306:1174,Помещение,2015.0,Гараж №17,,1,,303.0,,,Нежилое,,,"Ямало-Ненецкий автономный округ, г Надым, промзона, панель ""С"", ГСК ""Чайка"", гараж №17 блок-бокс № 2",,,Площадь,Купля-продажа,,,2026-03-21,2026-03-23,17628.20512820513,001001000000,1,,,,,,,31.2,550000.0,,3.0,0.0
2026-01-04,89:13:010112:1668,Помещение,1992.0,двухкомнатная квартира,Крупнопанельные,5,,101.0,,5,Жилое,,,"Ямало-Ненецкий автономный округ, г Муравленко, ул 70 лет Октября, д 18, кв 28",,,Площадь,Купля-продажа,,,2026-03-19,2026-03-23,101787.81925343812,001002000000,1,,,,,,,50.9,5181000.0,,3.0,0.0
2026-01-04,89:13:010108:879,Помещение,1989.0,"помещение: двухкомнатная квартира-Жилое помещение расположено в многоквартирном доме, признанном аварийным и подлежащим сносу",Дощатые,2,,205.0,,2,Жилое,,,"Ямало-Ненецкий автономный округ, городской округ город Муравленко, город Муравленко, улица Дружбы народов, дом 120, квартира 13",,,Площадь,Купля-продажа,,,2026-03-19,2026-03-23,90512.82051282052,001001000000,1,,,,,,,54.6,4942000.0,,3.0,0.0
2026-01-04,89:11:050101:1043,Помещение,1994.0,трёхкомнатная квартира,Железобетонные,5,,101.0,,9,Жилое,,,"Ямало-Ненецкий автономный округ, г Новый Уренгой, мкр Дружба, д 2, корп 3, кв 17",,,Площадь,Купля-продажа,,,2026-03-20,2026-03-23,123266.56394453003,001001000000,1,,,,,,,64.9,8000000.0,,3.0,0.0
2026-01-04,89:13:010210:67,Помещение,2015.0,Гараж,,1,,303.0,,,Нежилое,,,"Ямало-Ненецкий автономный округ, г Муравленко, ул Энтузиастов, 39/4, пом 119",,,Площадь,Купля-продажа,,,2026-03-20,2026-03-23,4761.9047619047615,001001000000,1,,,,,,,21.0,100000.0,,3.0,0.0
2026-01-04,89:09:010101:2004,Помещение,2024.0,,Бетонные,5,,101.0,,5,Жилое,,,"Ямало-Ненецкий автономный округ, городской округ город Лабытнанги, город Лабытнанги, улица Комарова, дом 4, квартира 116",,,Площадь,Купля-продажа,,,2026-03-20,2026-03-23,167146.97406340056,001001000000,1,,,,,,,34.7,5800000.0,,3.0,0.0
2026-01-04,89:08:010204:235,Помещение,1978.0,"Жилое помещение расположено в многоквартирном доме, признанном аварийным и подлежащим сносу или реконструкции",Рубленые,2,,205.0,,2,Жилое,,,"Ямало-Ненецкий автономный округ, г Салехард, ул Артеева, д 23, кв 9",,,Площадь,Купля-продажа,,,2026-03-20,2026-03-23,111517.36745886655,001001000000,1,,,,,,,54.7,6100000.0,,3.0,0.0
2026-01-04,89:13:000000:1509,Помещение,2015.0,гаражный бокс №1,,1,,303.0,,,Нежилое,,,"Ямало-Ненецкий автономный округ, г Муравленко, ул Энтузиастов, д 6, гаражный комплекс №29, секция 1, бокс 1",,,Площадь,Купля-продажа,,,2026-03-20,2026-03-23,22943.722943722943,001001000000,1,,,,,,,23.1,530000.0,,3.0,0.0
2026-01-04,89:11:020303:2416,Помещение,1982.0,Комната №1 в трехкомнатной коммунальной квартире,Железобетонные,6,,101.0,,10,Жилое,,,"Ямало-Ненецкий автономный округ, городской округ город Новый Уренгой, город Новый Уренгой, проспект Ленинградский, дом 16, квартира 56, комната 1",,,Площадь,Купля-продажа,,,2026-03-20,2026-03-23,157608.69565217392,001001000000,1,,,,,,,18.4,2900000.0,,3.0,0.0
2026-01-04,89:09:050105:70,Помещение,1995.0,однокомнатная квартира,Смешанные,2,,205.0,,2,Жилое,,,"Ямало-Ненецкий автономный округ, г Лабытнанги, ул Киевская, д 26, кв 10",,,Площадь,Купля-продажа,,,2026-03-20,2026-03-23,68702.29007633588,001001000000,1,,,,,,,39.3,2700000.0,,3.0,0.0
2026-01-04,89:12:160103:277,Помещение,1988.0,"«Жилое помещение, расположено в многоквартирном доме, признанном аварийным и подлежащим сносу или реконструкции»",Деревянные,1,,205.0,,2,Жилое,,,"Ямало-Ненецкий автономный округ, г Ноябрьск, мкр Вынгапуровский, ул Ленина, д 35, кв 10",,,Площадь,Купля-продажа,,,2026-03-12,2026-03-23,134990.85923217548,001001000000,1,,,,,,,54.7,7384000.0,,3.0,0.0
2026-01-04,89:12:110616:7032,Помещение,2025.0,,Иное,3,,205.0,,4,Жилое,,,"Ямало-Ненецкий автономный округ, городской округ город Ноябрьск, город Ноябрьск, улица Изыскателей, дом 12, корпус 1, квартира 35",,,Площадь,Купля-продажа,,,2026-03-12,2026-03-23,136618.96243291593,001001000000,1,,,,,,,55.9,7637000.0,,3.0,0.0
2026-01-04,89:11:050104:3498,Помещение,1987.0,,Крупнопанельные,8,,101.0,,9,Жилое,,,"Ямало-Ненецкий автономный округ, г Новый Уренгой, мкр Советский, д 4, корп 1, кв 30",,,Площадь,Купля-продажа,,,2026-03-20,2026-03-23,164345.40389972145,001001000000,1,,,,,,,35.9,5900000.0,,3.0,0.0
2026-01-04,89:11:050103:4384,Помещение,2010.0,"Часть здания: ""Дом электронной техники""",Кирпичные,2,,403.0,,12,Нежилое,,,"Ямало-Ненецкий автономный округ, г Новый Уренгой, мкр Мирный, д 1, корп 1б",,,Площадь,Купля-продажа,,,2026-03-12,2026-03-23,100794.4978062374,001001000000,1,,,,,,,843.3,85000000.0,,3.0,0.0
2026-01-04,89:12:110509:732,Помещение,1987.0,"Квартира - жилое помещение расположено в многоквартирном доме, признанном аварийным и подлежащим сносу",Деревянные,1,,205.0,,1,Жилое,,,"Ямало-Ненецкий автономный округ, г Ноябрьск, мкр П-6, д 206, кв 6",,,Площадь,Купля-продажа,,,2026-03-13,2026-03-23,134867.61710794296,001001000000,1,,,,,,,49.1,6622000.0,,3.0,0.0
2026-01-04,89:12:110606:2870,Помещение,2025.0,,Смешанные,1,,205.0,,5,Жилое,,,"Ямало-Ненецкий автономный округ, городской округ город Ноябрьск, город Ноябрьск, улица Республики, дом 60 корпус 1, квартира 34",,,Площадь,Купля-продажа,,,2026-03-13,2026-03-23,136672.5663716814,001001000000,1,,,,,,,56.5,7722000.0,,3.0,0.0
2026-01-04,89:11:020303:625,Помещение,1982.0,квартира в многоквартирном доме,Железобетонные,1,,101.0,,10,Жилое,,,"Ямало-Ненецкий автономный округ, городской округ город Новый Уренгой, город Новый Уренгой, проспект Ленинградский, дом 16, квартира 37",,,Площадь,Купля-продажа,,,2026-03-21,2026-03-23,146804.8359240069,001001000000,1,,,,,,,57.9,8500000.0,,3.0,0.0
2026-01-04,89:04:020101:5610,Помещение,1985.0,"Здание (многоквартирный дом) признано аварийным и подлежащим сносу или реконструкции. Распоряжение Администрации Надымского района ""О признании многоквартирного дома аварийным и подлежащим сносу"" № 924-рк от 15.10.2024 года",Каркасно-засыпные,1,,205.0,,2,Жилое,,,"Ямало-Ненецкий автономный округ, р-н Надымский, пгт Пангоды, ул Звездная, д 62, кв 2",,,Площадь,Купля-продажа,,,2026-03-20,2026-03-23,42617.857142857145,001001000000,1,,,,,,,72.8,3102580.0,,3.0,0.0
2026-01-04,89:11:020101:6067,Помещение,2026.0,,Иное,11,,101.0,,14,Жилое,,,"Ямало-Ненецкий автономный округ, городской округ город Новый Уренгой, город Новый Уренгой, проспект Губкина, дом 11В, квартира 62",,,Площадь,Купля-продажа,,,2026-03-21,2026-03-23,184612.99120234602,001001000000,1,,,,,,,68.2,12590606.0,,3.0,0.0
2026-01-04,89:10:010105:1250,Помещение,1993.0,Однокомнатная квартира,Смешанные,3,,101.0,,5,Жилое,,,"Ямало-Ненецкий автономный округ, г Надым, ул Кедровая, д 18, кв 8",,,Площадь,Купля-продажа,,,2026-03-03,2026-03-23,56897.4358974359,001001000000,1,,,,,,,39.0,2219000.0,,3.0,0.0
2026-01-04,89:12:110601:2854,Помещение,1986.0,,Деревянные,2,,205.0,,2,Жилое,,,"Ямало-Ненецкий автономный округ, г Ноябрьск, мкр Вынгапуровский, ул Рижская, д 4, кв 7",,,Площадь,Купля-продажа,,,2026-03-20,2026-03-23,125000.0,001001000000,1,,,,,,,63.3,7912500.0,,3.0,0.0
2026-01-04,89:10:010208:3929,Помещение,1990.0,Квартира,Крупнопанельные,10,,101.0,,10,Жилое,,,"Ямало-Ненецкий автономный округ, г Надым, ул Зверева, д 49, кв 358",,,Площадь,Купля-продажа,,,2026-03-20,2026-03-23,71902.65486725663,001002000000,1,,,,,,,90.4,6500000.0,,3.0,0.0
2026-01-04,89:13:010103:1328,Помещение,1987.0,Квартира,Железобетонные,1,,101.0,,5,Жилое,,,"Ямало-Ненецкий автономный округ, городской округ город Муравленко, город Муравленко, улица Новоселов, дом 2, квартира 16",,,Площадь,Купля-продажа,,,2026-03-20,2026-03-23,118518.51851851853,001001000000,1,,,,,,,51.3,6080000.0,,3.0,0.0
2026-01-04,89:12:110709:362,Помещение,1993.0,двухкомнатная квартира,Крупнопанельные,5,,101.0,,5,Жилое,,,"Ямало-Ненецкий автономный округ, г Ноябрьск, ул Высоцкого, д 34, кв 58",,,Площадь,Купля-продажа,,,2026-03-18,2026-03-23,123437.5,001001000000,1,,,,,,,51.2,6320000.0,,3.0,0.0
2026-01-04,89:11:020103:2460,Помещение,2018.0,,Из мелких бетонных блоков,4,,101.0,,7,Жилое,,,"Ямало-Ненецкий автономный округ, городской округ город Новый Уренгой, город Новый Уренгой, микрорайон Строителей, дом 7 корпус 2, квартира 39",,,Площадь,Купля-продажа,,,2026-03-19,2026-03-23,173809.52380952382,001001000000,1,,,,,,,42.0,7300000.0,,3.0,0.0
2026-01-04,89:11:020103:1787,Помещение,2007.0,Гаражная ячейка 41,Бетонные,1,,303.0,,1,Нежилое,,,"Ямало-Ненецкий автономный округ, г Новый Уренгой, мкр Строителей, потребительский гаражный кооператив ""Фаэтон-1"", гаражная ячейка №41",,,Площадь,Купля-продажа,,,2026-03-19,2026-03-23,70175.43859649122,001001000000,1,,,,,,,22.8,1600000.0,,3.0,0.0
2026-01-04,89:10:010208:3263,Помещение,1989.0,НЕЖИЛОЕ ПОМЕЩЕНИЕ,Крупнопанельные,1,,107.0,,10,Нежилое,,,"Ямало-Ненецкий автономный округ, муниципальный округ Надымский район, город Надым, улица Зверева, дом 44, помещение 192",,,Площадь,Купля-продажа,,,2026-03-20,2026-03-23,160714.2857142857,001001000000,1,,,,,,,56.0,9000000.0,,3.0,0.0
2026-01-04,89:08:010204:1913,Помещение,2018.0,Квартира,Бетонные,7,,101.0,,9,Жилое,,,"Ямало-Ненецкий автономный округ, городской округ город Салехард, г Салехард, ул Республики, дом 75а, кв 51",,,Площадь,Купля-продажа,,,2026-03-20,2026-03-23,220652.1739130435,001001000000,1,,,,,,,46.0,10150000.0,,3.0,0.0
2026-01-04,89:05:020124:1225,Помещение,2006.0,Двухкомнатная квартира,Монолитные,5,,101.0,,6,Жилое,,,"Ямало-Ненецкий автономный округ, муниципальный округ Пуровский район, город Тарко-Сале, улица Им Е.К.Колесниковой, дом 1, квартира 57",,,Площадь,Купля-продажа,,,2026-03-19,2026-03-23,143712.5748502994,001001000000,1,,,,,,,83.5,12000000.0,,3.0,0.0
2026-01-04,89:11:020302:1338,Помещение,1984.0,двухкомнатная квартира,Бетонные,2,,101.0,,5,Жилое,,,"Ямало-Ненецкий автономный округ, г Новый Уренгой, ул 26 Съезда КПСС, д 4А, кв 4",,,Площадь,Купля-продажа,,,2026-03-19,2026-03-23,171666.66666666666,001002000000,1,,,,,,,60.0,10300000.0,,3.0,0.0
2026-01-04,89:11:020207:666,Помещение,2015.0,Квартира,Из мелких бетонных блоков,2,,101.0,,11,Жилое,,,"Ямало-Ненецкий автономный округ, г Новый Уренгой, мкр Тундровый, д 3, кв 147",,,Площадь,Купля-продажа,,,2026-03-19,2026-03-23,186781.60919540233,001001000000,1,,,,,,,34.8,6500000.0,,3.0,0.0
2026-01-04,89:08:010202:1079,Помещение,1998.0,четырёхкомнатная квартира,Крупнопанельные,5,,101.0,,5,Жилое,,,"Ямало-Ненецкий автономный округ, г Салехард, ул Зои Космодемьянской, д 33, кв 8",,,Площадь,Купля-продажа,,,2026-03-20,2026-03-23,162240.18475750578,001001000000,1,,,,,,,86.6,14050000.0,,3.0,0.0
2026-01-04,89:10:010102:712,Помещение,1987.0,Квартира,Железобетонные,3,,101.0,,5,Жилое,,,"Ямало-Ненецкий автономный округ, муниципальный округ Надымский район, город Надым, район Лесной, дом 12, квартира 22",,,Площадь,Купля-продажа,,,2026-03-20,2026-03-23,59632.22416812609,001001000000,1,,,,,,,57.1,3405000.0,,3.0,0.0
2026-01-04,89:11:070101:6522,Помещение,1984.0,,Деревянные,1,,610.0,,1,Нежилое,,,"Ямало-Ненецкий автономный округ, городской округ город Новый Уренгой, город Новый Уренгой, микрорайон Надежда, дом 17, пом 5",,,Площадь,Купля-продажа,,,2026-03-19,2026-03-23,22222.222222222223,001001000000,1,,,,,,,18.0,400000.0,,3.0,0.0
2026-01-04,89:11:070101:6521,Помещение,1984.0,,Деревянные,1,,610.0,,1,Нежилое,,,"Ямало-Ненецкий автономный округ, городской округ город Новый Уренгой, город Новый Уренгой, микрорайон Надежда, дом 17, пом 4",,,Площадь,Купля-продажа,,,2026-03-19,2026-03-23,22222.222222222223,001001000000,1,,,,,,,18.0,400000.0,,3.0,0.0
2026-01-04,89:10:010206:2260,Помещение,1988.0,Трёхкомнатная квартира,Железобетонные,6,,101.0,,9,Жилое,,,"Ямало-Ненецкий автономный округ, муниципальный округ Надымский район, город Надым, улица Зверева, дом 39, квартира 86",,,Площадь,Купля-продажа,,,2026-03-20,2026-03-23,97982.70893371757,001002000000,1,,,,,,,69.4,6800000.0,,3.0,0.0
2026-01-04,89:06:010105:1587,Помещение,2015.0,,Из мелких бетонных блоков,2,,205.0,,4,Жилое,,,"Ямало-Ненецкий автономный округ, муниципальный округ Тазовский район, поселок Тазовский, улица Кирова, дом 7, кв 6",,,Площадь,Купля-продажа,,,2026-03-21,2026-03-23,177865.61264822134,001001000000,1,,,,,,,50.6,9000000.0,,3.0,0.0
2026-01-04,89:09:110303:230,Помещение,2015.0,двухкомнатная квартира на третьем этаже пятиэтажного жилого дома,Кирпичные,3,,101.0,,5,Жилое,,,"Ямало-Ненецкий автономный округ, городской округ город Лабытнанги, поселок городского типа Харп, улица Гагарина, дом 9, квартира 16",,,Площадь,Купля-продажа,,,2026-03-21,2026-03-23,86762.07513416816,001001000000,1,,,,,,,55.9,4850000.0,,3.0,0.0
2026-01-04,89:12:110710:1063,Помещение,1986.0,двухкомнатная квартира,Крупнопанельные,5,,101.0,,5,Жилое,,,"Ямало-Ненецкий автономный округ, г Ноябрьск, пр-кт Мира, д 84, кв 60",,,Площадь,Купля-продажа,,,2026-02-05,2026-03-23,142578.125,001001000000,1,,,,,,,51.2,7300000.0,,3.0,0.0
2026-01-04,89:08:010201:521,Помещение,2002.0,Помещение: двухкомнатная квартира,Крупнопанельные,4,,101.0,,6,Жилое,,,"Ямало-Ненецкий автономный округ, г Салехард, ул Мира, д 9, кв 40",,,Площадь,Купля-продажа,,,2026-03-20,2026-03-23,181818.18181818182,001002000000,1,,,,,,,58.3,10600000.0,,3.0,0.0
2026-01-04,89:02:020103:318,Помещение,2005.0,Четырехкомнатная квартира,Из прочих материалов,2,,205.0,,2,Жилое,,,"Ямало-Ненецкий автономный округ, р-н Приуральский, с Аксарка, ул М.А.Ямкина, д 7, кв 4",,,Площадь,Купля-продажа,,,2026-03-19,2026-03-23,138522.42744063324,001002000000,1,,,,,,,75.8,10500000.0,,3.0,0.0
2026-01-04,89:11:020205:1934,Помещение,2010.0,гараж,Железобетонные,1,,303.0,,1,Нежилое,,,"Ямало-Ненецкий автономный округ, г Новый Уренгой, мкр Заозерный, ул. Строителей, 2, ГК ""Заозерный"", гараж №26",,,Площадь,Купля-продажа,,,2026-03-20,2026-03-23,75342.46575342467,001001000000,1,,,,,,,21.9,1650000.0,,3.0,0.0
2026-01-04,89:11:080201:3401,Помещение,1988.0,двухкомнатная квартира,Крупнопанельные,2,,101.0,,5,Жилое,,,"Ямало-Ненецкий автономный округ, городской округ город Новый Уренгой, город Новый Уренгой, проспект Мира, дом 28, квартира 4",,,Площадь,Купля-продажа,,,2026-03-19,2026-03-23,100543.47826086957,001001000000,1,,,,,,,36.8,3700000.0,,3.0,0.0
2026-01-04,89:14:010101:1963,Помещение,1999.0,помещение: трёхкомнатная квартира,Кирпичные,1,,205.0,,3,Жилое,,,"Ямало-Ненецкий автономный округ, г Губкинский, мкр 1, д 38, кв 28/1",,,Площадь,Купля-продажа,,,2026-03-20,2026-03-23,14620.88319088319,001002000000,1,,,,,,,70.2,1026386.0,,3.0,0.0
2026-01-04,89:11:050105:1294,Помещение,1993.0,трёхкомнатная квартира,Из прочих материалов,6,,101.0,,9,Жилое,,,"Ямало-Ненецкий автономный округ, г Новый Уренгой, мкр Юбилейный, д 3, корп 5, кв 24",,,Площадь,Купля-продажа,,,2026-03-20,2026-03-23,147676.16191904046,001001000000,1,,,,,,,66.7,9850000.0,,3.0,0.0
2026-01-04,89:12:110613:1459,Помещение,1982.0,двухкомнатная квартира,Крупнопанельные,2,,101.0,,6,Жилое,,,"Ямало-Ненецкий автономный округ, городской округ город Ноябрьск, город Ноябрьск, улица Космонавтов, дом 26, квартира 51",,,Площадь,Купля-продажа,,,2026-03-20,2026-03-24,132038.83495145632,001002000000,1,,,,,,,51.5,6800000.0,,3.0,0.0
2026-01-04,89:11:070101:3513,Помещение,2015.0,Гараж,,1,,303.0,,,Нежилое,,,"Ямало-Ненецкий автономный округ, г Новый Уренгой, район Лимбяяха, ГК ""Восток"", гараж -86",,,Площадь,Купля-продажа,,,2026-03-10,2026-03-24,19607.843137254902,001001000000,1,,,,,,,25.5,500000.0,,3.0,0.0
2026-01-04,89:11:020302:1328,Помещение,1984.0,двухкомнатная квартира,Бетонные,2,,101.0,,5,Жилое,,,"Ямало-Ненецкий автономный округ, г Новый Уренгой, ул 26 Съезда КПСС, д 4А, кв 47",,,Площадь,Купля-продажа,,,2026-03-17,2026-03-24,157944.81446241675,001001000000,1,,,,,,,52.55,8300000.0,,3.0,0.0
2026-01-04,89:06:010109:1932,Помещение,1989.0,"Жилое помещение расположено в многоквартирном доме, признанном аварийным и подлежит сносу или реконструкции",Рубленые,1,,205.0,,2,Жилое,,,"Ямало-Ненецкий автономный округ, р-н Тазовский, пгт Тазовский, ул Геофизиков, д 31, кв 6",,,Площадь,Купля-продажа,,,2026-03-23,2026-03-24,127463.27370304115,001001000000,1,,,,,,,55.9,7125197.0,,3.0,0.0
2026-01-04,89:11:020101:1889,Помещение,2015.0,квартира в многоквартирном доме,Монолитные,9,,101.0,,9,Жилое,,,"Ямало-Ненецкий автономный округ, г Новый Уренгой, пр-кт Губкина, д 21Б, кв 63",,,Площадь,Купля-продажа,,,2026-03-18,2026-03-24,122788.20375335122,001001000000,1,,,,,,,37.3,4580000.0,,3.0,0.0
2026-01-04,89:04:020101:4981,Помещение,1987.0,Квартира,Крупнопанельные,2,,101.0,,5,Жилое,,,"Ямало-Ненецкий автономный округ, р-н Надымский, пгт Пангоды, ул Ленина, д 8, кв 50",,,Площадь,Купля-продажа,,,2026-03-24,2026-03-24,40682.41469816273,001001000000,1,,,,,,,38.1,1550000.0,,3.0,0.0
2026-01-04,89:12:110616:7111,Помещение,2025.0,,Иное,1,,101.0,,5,Жилое,,,"Ямало-Ненецкий автономный округ, городской округ город Ноябрьск, город Ноябрьск, улица Изыскателей, дом 16, квартира 45",,,Площадь,Купля-продажа,,,2026-03-20,2026-03-24,93186.09008498584,001001000000,1,,,,,,,35.3,3289468.98,,3.0,0.0
2026-01-04,89:12:110509:648,Помещение,1986.0,однокомнатная квартира,Деревянные,1,,205.0,,1,Жилое,,,"Ямало-Ненецкий автономный округ, г Ноябрьск, пос.УТДС, д 184, кв 5",,,Площадь,Купля-продажа,,,2026-03-20,2026-03-24,49117.72990033222,001001000000,1,,,,,,,30.1,1478443.67,,3.0,0.0
2026-01-04,89:08:010201:1866,Помещение,2015.0,трёхкомнатная квартира,Железобетонные,2,,101.0,,7,Жилое,,,"Ямало-Ненецкий автономный округ, г Салехард, ул Арктическая, д 10, кв 70",,,Площадь,Купля-продажа,,,2026-03-23,2026-03-24,187065.76235541535,001001000000,1,,,,,,,95.1,17789954.0,,3.0,0.0
2026-01-04,89:10:010208:1056,Помещение,1989.0,Однокомнатная квартира,Кирпичные,3,,101.0,,9,Жилое,,,"Ямало-Ненецкий автономный округ, муниципальный округ Надымский район, город Надым, улица Зверева, дом 17/1, квартира 15",,,Площадь,Купля-продажа,,,2026-03-24,2026-03-24,89244.85125858123,001001000000,1,,,,,,,43.7,3900000.0,,3.0,0.0
2026-01-04,89:12:110701:1723,Помещение,1989.0,Трёхкомнатная квартира,Крупнопанельные,5,,101.0,,5,Жилое,,,"Ямало-Ненецкий автономный округ, г Ноябрьск, ул 8 Марта, д 3, кв 40",,,Площадь,Купля-продажа,,,2026-03-23,2026-03-24,122541.60363086234,001002000000,1,,,,,,,66.1,8100000.0,,3.0,0.0
2026-01-04,89:11:050203:551,Помещение,2015.0,Гараж,,1,,303.0,,,Нежилое,,,"Ямало-Ненецкий автономный округ, г Новый Уренгой, северо-восточнее мкр. Юбилейный, Гаражно-строительный кооператив ""Фортуна"", гараж №176",,,Площадь,Купля-продажа,,,2026-03-18,2026-03-24,74074.07407407407,001001000000,1,,,,,,,27.0,2000000.0,,3.0,0.0
2026-01-04,89:13:010107:706,Помещение,1990.0,Квартира,Железобетонные,4,,101.0,,5,Жилое,,,"Ямало-Ненецкий автономный округ, г Муравленко, ул Муравленко, д 15, кв 8",,,Площадь,Купля-продажа,,,2026-03-20,2026-03-24,76056.33802816902,001001000000,1,,,,,,,35.5,2700000.0,,3.0,0.0
2026-01-04,89:10:010208:4092,Помещение,1989.0,Комната,Смешанные,5,,101.0,,5,Жилое,,,"Ямало-Ненецкий автономный округ, муниципальный округ Надымский район, город Надым, улица Заводская, дом 11, комната 32",,,Площадь,Купля-продажа,,,2026-03-23,2026-03-24,59523.80952380952,001001000000,1,,,,,,,16.8,1000000.0,,3.0,0.0
2026-01-04,89:09:000000:414,Помещение,2015.0,Гараж,,1,,303.0,,,Нежилое,,,"Ямало-Ненецкий автономный округ, г Лабытнанги, ул Гагарина, гаражная площадка №29, блок ""З"", бокс №20",,,Площадь,Купля-продажа,,,2026-03-18,2026-03-24,34146.34146341463,001001000000,1,,,,,,,20.5,700000.0,,3.0,0.0
2026-01-04,89:10:010206:1786,Помещение,1981.0,Квартира,Смешанные,4,,101.0,,5,Жилое,,,"Ямало-Ненецкий автономный округ, муниципальный округ Надымский район, город Надым, улица Набережная имени Оруджева С.А., дом 11, квартира 54",,,Площадь,Купля-продажа,,,2026-03-18,2026-03-24,42979.94269340974,001002000000,1,,,,,,,69.8,3000000.0,,3.0,0.0
2026-01-04,89:14:010126:337,Помещение,2016.0,помещение,Кирпичные; Из мелких бетонных блоков,-1,,107.0,,4-5,Нежилое,,,"Ямало-Ненецкий автономный округ, г Губкинский, мкр 15, д 7, пом 3",,,Площадь,Купля-продажа,,,2026-03-05,2026-03-24,19555.63047875927,001001000000,1,,,,,,,148.3,2900100.0,,3.0,0.0
2026-01-04,89:14:020101:1115,Помещение,2015.0,гараж,Каменные и бетонные,1,,303.0,,1,Нежилое,,,"Ямало-Ненецкий автономный округ, г Губкинский, промышленная зона, панель №2, производственная база №0033, блок №1, гараж №14",,,Площадь,Купля-продажа,,,2026-03-23,2026-03-24,40000.0,001001000000,1,,,,,,,24.0,960000.0,,3.0,0.0
2026-01-04,89:08:010102:766,Помещение,2015.0,помещение: квартира,Кирпичные,1,,205.0,,3,Жилое,,,"Ямало-Ненецкий автономный округ, г Салехард, ул Н.Сандалова, д 17, кв 1",,,Площадь,Купля-продажа,,,2026-03-23,2026-03-24,197101.4492753623,001001000000,1,,,,,,,34.5,6800000.0,,3.0,0.0
2026-01-04,89:12:110601:2616,Помещение,1985.0,Двухкомнатная квартира,Деревянные,1,,205.0,,1,Жилое,,,"Ямало-Ненецкий автономный округ, г Ноябрьск, мкр Вынгапуровский, ул Лесная, д 4, кв 2",,,Площадь,Купля-продажа,,,2026-03-18,2026-03-24,78864.35331230285,001001000000,1,,,,,,,31.7,2500000.0,,3.0,0.0
2026-01-04,89:10:010208:4876,Помещение,2003.0,Помещение,Смешанные,1,,403.0,,3,Нежилое,,,"Ямало-Ненецкий автономный округ, г Надым, ул Зверева, д 37 ""а"", павильон №24-27",,,Площадь,Купля-продажа,,,2026-03-23,2026-03-24,105263.15789473684,001001000000,1,,,,,,,38.0,4000000.0,,3.0,0.0
2026-01-04,89:14:010109:1261,Помещение,2008.0,1-комнатная квартира,Кирпичные,3,,101.0,,5,Жилое,,,"Ямало-Ненецкий автономный округ, г Губкинский, мкр 9-й, д 24, кв 13",,,Площадь,Купля-продажа,,,2026-03-16,2026-03-24,140828.76930946292,001002000000,1,,,,,,,39.1,5506404.88,,3.0,0.0
2026-01-04,89:11:020201:2230,Помещение,2008.0,нежилое помещение,Крупнопанельные,1,,107.0,,8,Нежилое,,,"Ямало-Ненецкий автономный округ, г Новый Уренгой, мкр Оптимистов, д 2, корп 1",,,Площадь,Купля-продажа,,,2026-03-23,2026-03-24,105363.9846743295,001001000000,1,,,,,,,156.6,16500000.0,,3.0,0.0
2026-01-04,89:12:110707:1783,Помещение,1984.0,Квартира в многоквартирном доме,Крупнопанельные,5,,101.0,,5,Жилое,,,"Ямало-Ненецкий автономный округ, г Ноябрьск, ул Дзержинского, д 14, кв 75",,,Площадь,Купля-продажа,,,2026-03-18,2026-03-24,125766.87116564416,001002000000,1,,,,,,,65.2,8200000.0,,3.0,0.0
2026-01-04,89:08:010202:2368,Помещение,2005.0,Помещение: квартира,Из прочих материалов,4,,101.0,,7,Жилое,,,"Ямало-Ненецкий автономный округ, городской округ город Салехард, город Салехард, улица Зои Космодемьянской, дом 59, квартира 124",,,Площадь,Купля-продажа,,,2026-03-23,2026-03-24,181462.14099216711,001001000000,1,,,,,,,38.3,6950000.0,,3.0,0.0
2026-01-04,89:13:010102:1180,Помещение,1988.0,Помещение: двухкомнатная квартира,Крупнопанельные,4,,101.0,,5,Жилое,,,"Ямало-Ненецкий автономный округ, г Муравленко, ул Ленина, д 71, кв 55",,,Площадь,Купля-продажа,,,2026-03-23,2026-03-24,84630.35019455253,001001000000,1,,,,,,,51.4,4350000.0,,3.0,0.0
2026-01-04,89:10:010102:842,Помещение,1996.0,,Смешанные,5,,101.0,,6,Жилое,,,"Ямало-Ненецкий автономный округ, муниципальный округ Надымский район, город Надым, улица Топчева, дом 5, квартира 84",,,Площадь,Купля-продажа,,,2026-03-23,2026-03-24,40845.07042253521,001001000000,1,,,,,,,35.5,1450000.0,,3.0,0.0
2026-01-04,89:11:020301:575,Помещение,1982.0,Квартира,Железобетонные,3,,101.0,,9,Жилое,,,"Ямало-Ненецкий автономный округ, г Новый Уренгой, пр-кт Ленинградский, д 11, кв 82",,,Площадь,Купля-продажа,,,2026-03-21,2026-03-24,171974.52229299364,001002000000,1,,,,,,,31.4,5400000.0,,3.0,0.0
2026-01-04,89:11:020101:6065,Помещение,2026.0,,Иное,11,,101.0,,14,Жилое,,,"Ямало-Ненецкий автономный округ, городской округ город Новый Уренгой, город Новый Уренгой, проспект Губкина, дом 11В, квартира 60",,,Площадь,Купля-продажа,,,2026-03-23,2026-03-24,214403.66972477062,001001000000,1,,,,,,,32.7,7011000.0,,3.0,0.0
2026-01-04,89:08:000000:1918,Помещение,2015.0,гараж в капитальном исполнении,,1,,303.0,,,Нежилое,,,"Ямало-Ненецкий автономный округ, г Салехард, ул Манчинского, площадка №25, строение №3, бокс №22",,,Площадь,Купля-продажа,,,2026-03-23,2026-03-24,45871.55963302752,001001000000,1,,,,,,,21.8,1000000.0,,3.0,0.0
2026-01-04,89:05:020114:340,Помещение,2015.0,Квартира,Из прочих материалов,5,,101.0,,6,Жилое,,,"Ямало-Ненецкий автономный округ, р-н Пуровский, г Тарко-Сале, ул Победы, д 15, кв 30",,,Площадь,Купля-продажа,,,2026-03-23,2026-03-24,183783.7837837838,001001000000,1,,,,,,,37.0,6800000.0,,3.0,0.0
2026-01-04,89:10:010206:1628,Помещение,1983.0,Трёхкомнатная квартира,Крупнопанельные,4,,101.0,,9,Жилое,,,"Ямало-Ненецкий автономный округ, г Надым, пр. Ленинградский, д 20, кв 121",,,Площадь,Купля-продажа,,,2026-03-23,2026-03-24,72358.9001447178,001002000000,1,,,,,,,69.1,5000000.0,,3.0,0.0
2026-01-04,89:11:050104:1671,Помещение,1987.0,,Железобетонные,3,,101.0,,10,Жилое,,,"Ямало-Ненецкий автономный округ, г Новый Уренгой, мкр Советский, д 1, корп 1, кв 58",,,Площадь,Купля-продажа,,,2026-03-19,2026-03-24,184426.2295081967,001001000000,1,,,,,,,36.6,6750000.0,,3.0,0.0
2026-01-04,89:13:010106:2113,Помещение,2015.0,,Из мелких бетонных блоков,1,,205.0,,4,Жилое,,,"Ямало-Ненецкий автономный округ, городской округ город Муравленко, город Муравленко, улица Молодежная, дом 29, квартира 21",,,Площадь,Купля-продажа,,,2026-03-20,2026-03-24,120000.0,001001000000,1,,,,,,,32.5,3900000.0,,3.0,0.0
2026-01-04,89:11:020103:2558,Помещение,2018.0,,Из мелких бетонных блоков,3,,101.0,,7,Жилое,,,"Ямало-Ненецкий автономный округ, город Новый Уренгой, микрорайон Строителей, дом 7 корпус 2, квартира 137",,,Площадь,Купля-продажа,,,2026-03-24,2026-03-25,162650.60240963855,001001000000,1,,,,,,,33.2,5400000.0,,3.0,0.0
2026-01-04,89:06:010109:4767,Помещение,2015.0,,Монолитные,3,,205.0,,4,Жилое,,,Ямало-Ненецкий автономный округ м о Тазовский район п Тазовский мкр Маргулова д 16 кв 7,,,Площадь,Купля-продажа,,,2026-03-24,2026-03-25,208747.5149105368,001001000000,1,,,,,,,50.3,10500000.0,,3.0,0.0
2026-01-04,89:10:010203:733,Помещение,1975.0,четырёхкомнатная квартира,Из прочих материалов,4,,101.0,,5,Жилое,,,"Ямало-Ненецкий автономный округ, муниципальный округ Надымский район, город Надым, улица Строителей, дом 2, квартира 9",,,Площадь,Купля-продажа,,,2026-03-24,2026-03-25,93782.73957158963,001002000000,1,,,,,,,88.7,8318529.0,,3.0,0.0
2026-01-04,89:13:010104:1388,Помещение,1986.0,Квартира,Железобетонные,3,,101.0,,5,Жилое,,,"Ямало-Ненецкий автономный округ, г Муравленко, ул Ленина, д 48, кв 24",,,Площадь,Купля-продажа,,,2026-03-24,2026-03-25,115909.09090909091,001002000000,1,,,,,,,66.0,7650000.0,,3.0,0.0
2026-01-04,89:08:020201:3068,Помещение,2024.0,,Бетонные,2,,101.0,,6-8,Жилое,,,"Ямало-Ненецкий автономный округ, городской округ город Салехард, город Салехард, микрорайон Обдорский, дом 1 корпус 3, квартира 122",,,Площадь,Купля-продажа,,,2026-03-24,2026-03-25,206779.66101694916,001001000000,1,,,,,,,29.5,6100000.0,,3.0,0.0
2026-01-04,89:14:010126:335,Помещение,2016.0,помещение,Кирпичные; Из мелких бетонных блоков,-1,,107.0,,4-5,Нежилое,,,"Ямало-Ненецкий автономный округ, г Губкинский, мкр 15, д 7, пом 1",,,Площадь,Купля-продажа,,,2026-02-19,2026-03-25,9221.689413500553,001001000000,1,,,,,,,271.1,2500000.0,,3.0,0.0
2026-01-04,89:12:110606:2857,Помещение,2025.0,,Смешанные,4,,205.0,,5,Жилое,,,"Ямало-Ненецкий автономный округ, городской округ город Ноябрьск, город Ноябрьск, улица Республики, дом 60 корпус 1, квартира 22",,,Площадь,Купля-продажа,,,2026-03-23,2026-03-25,93267.26011396012,001001000000,1,,,,,,,35.1,3273680.83,,3.0,0.0
2026-01-04,89:12:110505:337,Помещение,1980.0,однокомнатная квартира,Из прочих материалов,1,,205.0,,1,Жилое,,,"Ямало-Ненецкий автономный округ, г Ноябрьск, пос.УТАДС, д 39а, кв 3",,,Площадь,Купля-продажа,,,2026-03-23,2026-03-25,28758.319921874998,001001000000,1,,,,,,,25.6,736212.99,,3.0,0.0
2026-01-04,89:12:110103:1488,Помещение,2015.0,Гараж,,1,,303.0,,,Нежилое,,,"Ямало-Ненецкий автономный округ, Ноябрьск г, Железнодорожников мкр, Привокзальная ул, район дома 1, гараж 205",,,Площадь,Купля-продажа,,,2026-03-24,2026-03-25,22566.371681415927,001001000000,1,,,,,,,22.6,510000.0,,3.0,0.0
2026-01-04,89:12:110709:4030,Помещение,2014.0,Квартира в многоквартирном доме,Крупноблочные,8,,101.0,,10,Жилое,,,"Ямало-Ненецкий автономный округ, городской округ город Ноябрьск, город Ноябрьск, улица Высоцкого, дом 38, квартира 130",,,Площадь,Купля-продажа,,,2026-03-16,2026-03-25,58510.63829787234,001002000000,1,,,,,,,56.4,3300000.0,,3.0,0.0
2026-01-04,89:09:030105:323,Помещение,1978.0,"Жилое помещение расположено в многоквартирном доме, признанном аварийным и подлежит сносу или реконструкции",Из прочих материалов,1,,205.0,,1,Жилое,,,"Ямало-Ненецкий автономный округ, г Лабытнанги, ул Поисковая, д 14, кв 7",,,Площадь,Купля-продажа,,,2026-03-20,2026-03-25,102244.31818181818,001001000000,1,,,,,,,35.2,3599000.0,,3.0,0.0
2026-01-04,89:09:020102:1297,Помещение,2025.0,,Бетонные,2,,101.0,,7,Жилое,,,"Ямало-Ненецкий автономный округ, городской округ город Лабытнанги, город Лабытнанги, улица Октябрьская, дом 16, квартира 58",,,Площадь,Купля-продажа,,,2026-03-20,2026-03-25,171565.21739130435,001001000000,1,,,,,,,34.5,5919000.0,,3.0,0.0
2026-01-04,89:11:070101:2942,Помещение,1989.0,двухкомнатная квартира,Железобетонные,1,,101.0,,6,Жилое,,,"Ямало-Ненецкий автономный округ, городской округ город Новый Уренгой, город Новый Уренгой, микрорайон Приозёрный, дом 8, квартира 63",,,Площадь,Купля-продажа,,,2026-03-25,2026-03-25,107981.220657277,001001000000,1,,,,,,,42.6,4600000.0,,3.0,0.0
2026-01-04,89:12:110907:121,Помещение,2015.0,Гараж,,1,,303.0,,,Нежилое,,,"Ямало-Ненецкий автономный округ, г Ноябрьск, ГК Пелей-5, блок 57, гараж №1",,,Площадь,Купля-продажа,,,2026-03-23,2026-03-25,31000.0,001001000000,1,,,,,,,20.0,620000.0,,3.0,0.0
2026-01-04,89:04:020101:3735,Помещение,1995.0,Трёхкомнатная квартира,Железобетонные,5,,101.0,,5,Жилое,,,"Ямало-Ненецкий автономный округ, р-н Надымский, пгт Пангоды, ул Ленина, д 45, кв 60",,,Площадь,Купля-продажа,,,2026-03-24,2026-03-25,29861.11111111111,001001000000,1,,,,,,,72.0,2150000.0,,3.0,0.0
2026-01-04,89:10:010301:586,Помещение,2015.0,,Железобетонные,1,,303.0,,2,Нежилое,,,"Ямало-Ненецкий Автономный округ, г Надым, территория ГСК ""Прогресс"", стр. 3, гараж № 40а",,,Площадь,Купля-продажа,,,2026-03-19,2026-03-25,5509.641873278238,001001000000,1,,,,,,,36.3,200000.0,,3.0,0.0
2026-01-04,89:11:020103:802,Помещение,1988.0,квартира в многоквартирном доме,Бетонные,5,,101.0,,6,Жилое,,,"Ямало-Ненецкий автономный округ, г Новый Уренгой, ул Железнодорожная, д 46, кв 29",,,Площадь,Купля-продажа,,,2026-02-06,2026-03-25,114897.95918367346,001001000000,1,,,,,,,39.2,4504000.0,,3.0,0.0
2026-01-04,89:12:110509:484,Помещение,1982.0,двухкомнатная квартира,Деревянные,1,,201.0,,1,Жилое,,,"Ямало-Ненецкий автономный округ, городской округ город Ноябрьск, город Ноябрьск, микрорайон Р`, дом 142, квартира 2",,,Площадь,Купля-продажа,,,2026-03-18,2026-03-25,93366.09336609337,001002000000,1,,,,,,,40.7,3800000.0,,3.0,0.0
2026-01-04,89:13:010103:444,Помещение,1981.0,2-комнатная квартира,Рубленые,2,,205.0,,2,Жилое,,,"Ямало-Ненецкий автономный округ, г Муравленко, ул Новоселов, д 19, кв 5",,,Площадь,Купля-продажа,,,2026-03-23,2026-03-25,116347.14003944772,001001000000,1,,,,,,,50.7,5898800.0,,3.0,0.0
2026-01-04,89:13:010105:4098,Помещение,2025.0,,Смешанные,2,,205.0,,4,Жилое,,,"Ямало-Ненецкий автономный округ, городской округ город Муравленко, город Муравленко, улица Нефтяников, дом 21, квартира 29",,,Площадь,Купля-продажа,,,2026-03-23,2026-03-25,112692.99820466786,001002000000,1,,,,,,,55.7,6277000.0,,3.0,0.0
2026-01-04,89:06:010102:454,Помещение,1975.0,"Жилое помещение расположено в многоквартирном доме, признанном аварийным и подлежит сносу или реконструкции",Рубленые,2,,507.0,,2,Жилое,,,"Ямало-Ненецкий автономный округ, р-н Тазовский, пгт Тазовский, ул Пристанская, д 1, кв 28",,,Площадь,Купля-продажа,,,2026-03-24,2026-03-25,127902.76595744681,001001000000,1,,,,,,,23.5,3005715.0,,3.0,0.0
2026-01-04,89:13:010103:1384,Помещение,1987.0,"3-комнатная квартира расположена в многоквартирном доме, признанном аварийным и подлежащим сносу или реконструкции",Рубленые,1,,205.0,,2,Жилое,,,"Ямало-Ненецкий автономный округ, г Муравленко, ул Новоселов, д 15, кв 11",,,Площадь,Купля-продажа,,,2026-03-23,2026-03-25,99932.15739484396,001001000000,1,,,,,,,73.7,7365000.0,,3.0,0.0
2026-01-04,89:14:010102:375,Помещение,1996.0,"Жилое помещение расположено в многоквартирном доме, признанном аварийным и подлежащим сносу или реконструкции. Постановление ""О признании многоквартирного жилого дома №11 микрорайона 12 города Губкинского аварийным и подлежащим сносу"" № 2526 от 31.10.2024",Сборно-щитовые,2,,205.0,,2,Жилое,,,"Ямало-Ненецкий автономный округ, г Губкинский, мкр 12-й, д 11, кв 13",,,Площадь,Купля-продажа,,,2026-02-17,2026-03-25,125230.63432835821,001001000000,1,,,,,,,53.6,6712362.0,,3.0,0.0
2026-01-04,89:14:040101:1675,Помещение,2015.0,,Бетонные,4,,101.0,,7-8,Жилое,,,"Ямало-Ненецкий автономный округ, городской округ город Губкинский, город Губкинский, микрорайон № 17, дом 12, квартира 113",,,Площадь,Купля-продажа,,,2026-02-17,2026-03-25,122100.0,001001000000,1,,,,,,,62.8,7667880.0,,3.0,0.0
2026-01-04,89:11:050102:3249,Помещение,1988.0,двухкомнатная квартира,Крупнопанельные,5,,101.0,,10,Жилое,,,"Ямало-Ненецкий автономный округ, г Новый Уренгой, мкр Восточный, д 1, корп 4, кв 70",,,Площадь,Купля-продажа,,,2026-03-25,2026-03-25,134892.08633093524,001001000000,1,,,,,,,55.6,7500000.0,,3.0,0.0
2026-01-04,89:02:020103:645,Помещение,2013.0,Помещение: квартира,Из прочих материалов,3,,205.0,,3,Жилое,,,"Ямало-Ненецкий автономный округ, р-н Приуральский, с Аксарка, кв-л ""Брусничный"", д 3, кв 17",,,Площадь,Купля-продажа,,,2026-03-24,2026-03-25,158730.15873015873,001001000000,1,,,,,,,50.4,8000000.0,,3.0,0.0
2026-01-04,89:04:020101:5349,Помещение,1995.0,Двухкомнатная квартира,Крупнопанельные,5,,101.0,,6,Жилое,,,"Ямало-Ненецкий автономный округ, муниципальный округ Надымский район, поселок городского типа Пангоды, улица Ленина, дом 46, квартира 15",,,Площадь,Купля-продажа,,,2026-03-20,2026-03-25,64393.9393939394,001002000000,1,,,,,,,52.8,3400000.0,,3.0,0.0
2026-01-04,89:11:030301:2271,Помещение,2015.0,гараж,,1,,303.0,,,Нежилое,,,"Ямало-Ненецкий автономный округ, г Новый Уренгой, Восточная промзона, гараж 193",,,Площадь,Купля-продажа,,,2026-03-21,2026-03-25,41884.8167539267,001001000000,1,,,,,,,19.1,800000.0,,3.0,0.0
2026-01-04,89:13:010111:1873,Помещение,2017.0,квартира,Из мелких бетонных блоков,1,,101.0,,8,Жилое,,,"Ямало-Ненецкий автономный округ, г Муравленко, ул 70 лет Октября, д 41, кв 3",,,Площадь,Купля-продажа,,,2026-03-23,2026-03-25,92369.4779116466,001001000000,1,,,,,,,24.9,2300000.0,,3.0,0.0
2026-01-04,89:13:010110:140,Помещение,2015.0,Гараж,,1,,303.0,,,Нежилое,,,"Ямало-Ненецкий автономный округ, г Муравленко, ул Дружбы народов, гаражный комплекс № 3, бокс № 18",,,Площадь,Купля-продажа,,,2026-03-18,2026-03-25,20942.40837696335,001001000000,1,,,,,,,19.1,400000.0,,3.0,0.0
2026-01-04,89:11:050103:4311,Помещение,1989.0,трехкомнатная квартира,Железобетонные,6,,101.0,,10,Жилое,,,"Ямало-Ненецкий автономный округ, городской округ город Новый Уренгой, город Новый Уренгой, микрорайон Мирный, дом 2 корпус 1, квартира 180",,,Площадь,Купля-продажа,,,2026-03-24,2026-03-25,121580.54711246201,001001000000,1,,,,,,,65.8,8000000.0,,3.0,0.0
2026-01-04,89:13:010112:497,Помещение,1993.0,двухкомнатная квартира,Крупнопанельные,3,,101.0,,5,Жилое,,,"Ямало-Ненецкий автономный округ, г Муравленко, ул Муравленко, д 33, кв 7",,,Площадь,Купля-продажа,,,2026-03-23,2026-03-25,119902.1484375,001002000000,1,,,,,,,51.2,6138990.0,,3.0,0.0
2026-01-04,89:11:020303:1640,Помещение,1985.0,двухкомнатная квартира,Бетонные,1,,101.0,,5,Жилое,,,"Ямало-Ненецкий автономный округ, г Новый Уренгой, ул Геологоразведчиков, д 16д, кв 45",,,Площадь,Купля-продажа,,,2026-03-24,2026-03-26,128342.2459893048,001001000000,1,,,,,,,56.1,7200000.0,,3.0,0.0
2026-01-04,89:12:110610:1309,Помещение,1981.0,Комната,Кирпичные,2,,205.0,,2,Жилое,,,"Ямало-Ненецкий автономный округ, г Ноябрьск, ул Ленина, д 16/9, к.48",,,Площадь,Купля-продажа,,,2026-03-26,2026-03-26,147327.91666666666,001001000000,1,,,,,,,14.4,2121522.0,,3.0,0.0
2026-01-04,89:10:000000:4416,Помещение,2018.0,,Железобетонные,4,,101.0,,11,Жилое,,,"Ямало-Ненецкий автономный округ, г Надым, микрорайон Олимпийский, д 2, кв 113",,,Площадь,Купля-продажа,,,2026-03-24,2026-03-26,92177.00245700245,001001000000,1,,,,,,,40.7,3751604.0,,3.0,0.0
2026-01-04,89:11:050101:1722,Помещение,1995.0,Помещение: однокомнатная квартира,Железобетонные,3,,101.0,,10,Жилое,,,"Ямало-Ненецкий автономный округ, г Новый Уренгой, мкр Дружба, д 2, корп 6, кв 81",,,Площадь,Купля-продажа,,,2026-03-25,2026-03-26,167979.0026246719,001002000000,1,,,,,,,38.1,6400000.0,,3.0,0.0
2026-01-04,89:12:110709:2335,Помещение,1992.0,двухкомнатная квартира,Крупнопанельные,3,,101.0,,5,Жилое,,,"Ямало-Ненецкий автономный округ, г Ноябрьск, ул В.Цоя, д 5 В, кв 38",,,Площадь,Купля-продажа,,,2026-03-26,2026-03-26,155371.90082644628,001001000000,1,,,,,,,48.4,7520000.0,,3.0,0.0
2026-01-04,89:13:010102:1007,Помещение,1991.0,квартира,Крупнопанельные,2,,101.0,,5,Жилое,,,"Ямало-Ненецкий автономный округ, г Муравленко, ул Ленина, д 129, кв 21",,,Площадь,Купля-продажа,,,2026-03-25,2026-03-26,107197.54977029096,001001000000,1,,,,,,,65.3,7000000.0,,3.0,0.0
2026-01-04,89:11:020205:1774,Помещение,2015.0,Гараж,,1,,303.0,,,Нежилое,,,"Ямало-Ненецкий автономный округ, г Новый Уренгой, мкр Заозерный, СМП-700, ГЭК Аккорд, гаражная ячейка №26",,,Площадь,Купля-продажа,,,2026-03-21,2026-03-26,37433.1550802139,001001000000,1,,,,,,,18.7,700000.0,,3.0,0.0
2026-01-04,89:11:050202:232,Помещение,1997.0,квартира в многоквартирном доме,Железобетонные,5,,101.0,,10,Жилое,,,"Ямало-Ненецкий автономный округ, г Новый Уренгой, Северная Коммунальная Зона, д 13, кв 56",,,Площадь,Купля-продажа,,,2026-03-25,2026-03-26,110773.89984825492,001001000000,1,,,,,,,65.9,7300000.0,,3.0,0.0
2026-01-04,89:13:010106:982,Помещение,2008.0,Квартира,Кирпичные,3,,205.0,,3,Жилое,,,"Ямало-Ненецкий автономный округ, городской округ город Муравленко, город Муравленко, улица Ленина, дом 4, квартира 23",,,Площадь,Купля-продажа,,,2026-03-25,2026-03-26,115853.65853658538,001001000000,1,,,,,,,65.6,7600000.0,,3.0,0.0
2026-01-04,89:08:010202:2596,Помещение,2015.0,Часть здания: гараж в капитальном исполнении,,1,,303.0,,,Нежилое,,,"Ямало-Ненецкий автономный округ, г Салехард, ул Броднева, площадка № 14, строение 19, Бокс № 11",,,Площадь,Купля-продажа,,,2026-03-20,2026-03-26,275.4820936639119,001001000000,1,,,,,,,36.3,10000.0,,3.0,0.0
2026-01-04,89:04:020105:192,Помещение,2002.0,Трёхкомнатная квартира,Кирпичные,4,,101.0,,6,Жилое,,,"Ямало-Ненецкий автономный округ, муниципальный округ Надымский район, поселок городского типа Пангоды, улица Мира, дом 15, квартира 74",,,Площадь,Купля-продажа,,,2026-03-25,2026-03-26,63609.46745562131,001001000000,1,,,,,,,67.6,4300000.0,,3.0,0.0
2026-01-04,89:11:020203:1241,Помещение,2003.0,однокомнатная квартира,Бетонные,2,,205.0,,2,Жилое,,,"Ямало-Ненецкий автономный округ, г Новый Уренгой, ул Таежная, д 52Б, кв 19",,,Площадь,Купля-продажа,,,2026-03-25,2026-03-26,174927.11370262393,001001000000,1,,,,,,,34.3,6000000.0,,3.0,0.0
2026-01-04,89:14:010109:955,Помещение,2003.0,помещение: двухкомнатная квартира,Смешанные,1,,101.0,,5,Жилое,,,"Ямало-Ненецкий автономный округ, г Губкинский, мкр 9-й, д 14, кв 22",,,Площадь,Купля-продажа,,,2026-03-25,2026-03-26,129657.22801788377,001001000000,1,,,,,,,67.1,8700000.0,,3.0,0.0
2026-01-04,89:10:010104:1147,Помещение,2015.0,Квартира,Крупноблочные,1,,101.0,,5,Жилое,,,"Ямало-Ненецкий автономный округ, г Надым, ул Топчева, д 12, кв. 46",,,Площадь,Купля-продажа,,,2026-03-19,2026-03-26,37570.09345794393,001001000000,1,,,,,,,53.5,2010000.0,,3.0,0.0
2026-01-04,89:10:010104:1099,Помещение,2015.0,Квартира,Крупноблочные,5,,101.0,,5,Жилое,,,"Ямало-Ненецкий автономный округ, г Надым, ул Топчева, д 12, кв. 44",,,Площадь,Купля-продажа,,,2026-03-19,2026-03-26,43478.26086956522,001001000000,1,,,,,,,36.8,1600000.0,,3.0,0.0
2026-01-04,89:08:010201:2315,Помещение,2005.0,двухкомнатная квартира,Монолитные,2,,101.0,,8,Жилое,,,"Ямало-Ненецкий автономный округ, г Салехард, ул Арктическая, д 22, кв 8",,,Площадь,Купля-продажа,,,2026-03-25,2026-03-26,209956.70995670994,001001000000,1,,,,,,,46.2,9700000.0,,3.0,0.0
2026-01-04,89:12:110615:486,Помещение,1995.0,двухкомнатная квартира,Крупнопанельные,4,,101.0,,5,Жилое,,,"Ямало-Ненецкий автономный округ, г Ноябрьск, ул 60 лет СССР, д 41, кв 57",,,Площадь,Купля-продажа,,,2026-03-25,2026-03-26,144083.96946564887,001001000000,1,,,,,,,52.4,7550000.0,,3.0,0.0
2026-01-04,89:12:110512:765,Помещение,1987.0,Квартира в многоквартирном доме,Из прочих материалов,2,,205.0,,2,Жилое,,,"Ямало-Ненецкий автономный округ, г Ноябрьск, ул Шевченко, д 169, кв 19",,,Площадь,Купля-продажа,,,2026-03-25,2026-03-26,134982.0788530466,001001000000,1,,,,,,,55.8,7532000.0,,3.0,0.0
2026-01-04,89:12:110704:705,Помещение,2013.0,Квартира,Монолитные,6,,101.0,,10,Жилое,,,"Ямало-Ненецкий автономный округ, г Ноябрьск, ул Советская, д 106, кв 34",,,Площадь,Купля-продажа,,,2026-03-25,2026-03-26,139616.05584642236,001002000000,1,,,,,,,57.3,8000000.0,,3.0,0.0
2026-01-04,89:09:010110:244,Помещение,1987.0,Помещение: двухкомнатная квартира,Смешанные,2,,205.0,,2,Жилое,,,"Ямало-Ненецкий автономный округ, г Лабытнанги, ул Автострадная, д 12, кв 16",,,Площадь,Купля-продажа,,,2026-03-25,2026-03-26,56390.97744360902,001001000000,1,,,,,,,53.2,3000000.0,,3.0,0.0
2026-01-04,89:12:110702:408,Помещение,1991.0,трёхкомнатная квартира на первом этаже жилого дома,Крупнопанельные,1,,101.0,,5,Жилое,,,"Ямало-Ненецкий автономный округ, г Ноябрьск, ул 8 Марта, д 4, кв 46",,,Площадь,Купля-продажа,,,2026-03-25,2026-03-26,121351.76651305685,001001000000,1,,,,,,,65.1,7900000.0,,3.0,0.0
2026-01-04,89:10:010208:4662,Помещение,1989.0,Двухкомнатная квартира,Крупнопанельные,7,,101.0,,10,Жилое,,,"Ямало-Ненецкий автономный округ, муниципальный округ Надымский район, город Надым, улица Зверева, дом 42, квартира 167",,,Площадь,Купля-продажа,,,2026-03-25,2026-03-26,98920.86330935251,001001000000,1,,,,,,,55.6,5500000.0,,3.0,0.0
2026-01-04,89:11:000000:6209,Помещение,2005.0,Гаражная ячейка № 55,Каменные и бетонные,1,,303.0,,1,Нежилое,,,"Ямало-Ненецкий автономный округ, г Новый Уренгой, Восточная промзона, Потребительский гаражно-строительный кооператив ""Автосевер"", район РГКС-1, гаражная ячейка № 55",,,Площадь,Купля-продажа,,,2026-03-26,2026-03-27,57522.12389380531,001001000000,1,,,,,,,22.6,1300000.0,,3.0,0.0
2026-01-04,89:13:010105:1690,Помещение,2017.0,Квартира,Смешанные,1,,205.0,,3,Жилое,,,"Ямало-Ненецкий автономный округ, городской округ город Муравленко, город Муравленко, улица Школьная, дом 9, квартира 12",,,Площадь,Купля-продажа,,,2026-03-26,2026-03-27,127370.68965517242,001001000000,1,,,,,,,23.2,2955000.0,,3.0,0.0
2026-01-04,89:14:010123:1184,Помещение,2015.0,гараж,,1,,303.0,,,Нежилое,,,"Ямало-Ненецкий автономный округ, г Губкинский, Гаражные массивы N13, блок 4/X, гараж №66",,,Площадь,Купля-продажа,,,2026-03-02,2026-03-27,14583.333333333334,001001000000,1,,,,,,,24.0,350000.0,,3.0,0.0
2026-01-04,89:08:020201:2541,Помещение,2024.0,,Бетонные,3,,101.0,,8,Жилое,,,"Ямало-Ненецкий автономный округ, городской округ город Салехард, город Салехард, микрорайон Обдорский, дом 3 корпус 1, квартира 109",,,Площадь,Купля-продажа,,,2026-03-19,2026-03-27,136752.13675213675,001001000000,1,,,,,,,58.5,8000000.0,,3.0,0.0
2026-01-04,89:08:010305:1180,Помещение,2012.0,Помещение: квартира,Из мелких бетонных блоков,3,,205.0,,3,Жилое,,,"Ямало-Ненецкий автономный округ, г Салехард, ул Павлова, д 33, кв 15",,,Площадь,Купля-продажа,,,2026-03-20,2026-03-27,200573.06590257882,001002000000,1,,,,,,,34.9,7000000.0,,3.0,0.0
2026-01-04,89:11:050303:1894,Помещение,2015.0,,Смешанные,6,,101.0,,9-9-11-13-11,Жилое,,,"Российская Федерация, Ямало-Ненецкий автономный округ, г.о. город Новый Уренгой, г Новый Уренгой, мкр Славянский, д. 2/1, кв. 33",,,Площадь,Купля-продажа,,,2026-03-05,2026-03-27,84158.41584158415,001001000000,1,,,,,,,60.6,5100000.0,,3.0,0.0
2026-01-04,89:14:040101:1636,Помещение,2015.0,,Бетонные,2,,101.0,,7-8,Жилое,,,"Ямало-Ненецкий автономный округ, городской округ город Губкинский, город Губкинский, микрорайон № 17, дом 12, квартира 105",,,Площадь,Купля-продажа,,,2026-02-04,2026-03-27,120400.00000000001,001001000000,1,,,,,,,80.6,9704240.0,,3.0,0.0
2026-01-04,89:14:010119:74,Помещение,2003.0,"квартира- жилое помещение расположено в многоквартирном доме, признанном аварийным и подлежащим сносу или реконструкции Постановление администрации города Губкинского «О признании многоквартирного жилого дома № 5 микрорайона 12 города Губкинского аварийным и подлежащим сносу"" от 08.10.2024 года №2331",Из прочих материалов,2,,205.0,,2,Жилое,,,"Ямало-Ненецкий автономный округ, г Губкинский, мкр 12-й, д 5, кв 13",,,Площадь,Купля-продажа,,,2026-02-04,2026-03-27,123771.94029850746,001001000000,1,,,,,,,67.0,8292720.0,,3.0,0.0
2026-01-04,89:12:160103:262,Помещение,1989.0,трёхкомнатная квартира,Деревянные,2,,205.0,,2,Жилое,,,"Ямало-Ненецкий автономный округ, г Ноябрьск, мкр Вынгапуровский, ул 70 лет Октября, д 34, кв 6",,,Площадь,Купля-продажа,,,2026-03-26,2026-03-27,118967.00268817204,001001000000,1,,,,,,,74.4,8851145.0,,3.0,0.0
2026-01-04,89:11:030101:1629,Помещение,2015.0,Гараж 16,,1,,303.0,,,Нежилое,,,"Ямало-Ненецкий автономный округ, г Новый Уренгой, Восточная промзона, панель ""Д"", ПГК ""Универсал"", гараж №16",,,Площадь,Купля-продажа,,,2026-03-22,2026-03-27,74324.32432432432,001001000000,1,,,,,,,22.2,1650000.0,,3.0,0.0
2026-01-04,89:10:010101:263,Помещение,1996.0,Однокомнатная квартира на пятом этаже жилого дома,Смешанные,5,,101.0,,6,Жилое,,,"Ямало-Ненецкий автономный округ, г Надым, ул Топчева, д 5, кв 99",,,Площадь,Купля-продажа,,,2026-03-25,2026-03-27,47353.760445682456,001001000000,1,,,,,,,35.9,1700000.0,,3.0,0.0
2026-01-04,89:13:000000:930,Помещение,1988.0,Квартира,Крупнопанельные,5,,101.0,,5,Жилое,,,"Ямало-Ненецкий автономный округ, городской округ город Муравленко, город Муравленко, улица Ленина, дом 83, квартира 14",,,Площадь,Купля-продажа,,,2026-03-26,2026-03-27,90146.75052410901,001001000000,1,,,,,,,47.7,4300000.0,,3.0,0.0
2026-01-04,89:11:050203:1757,Помещение,2012.0,Гараж,Смешанные,1; Подвал,,303.0,,2,Нежилое,,,"Ямало-Ненецкий автономный округ, г Новый Уренгой, мкр Северная коммунальная зона, ГСК ""Строитель"", гараж №Е-1",,,Площадь,Купля-продажа,,,2026-03-18,2026-03-27,10845.986984815618,001001000000,1,,,,,,,92.2,1000000.0,,3.0,0.0
2026-01-04,89:11:010303:775,Помещение,2015.0,Гараж 120,,1,,303.0,,,Нежилое,,,"Ямало-Ненецкий автономный округ, г Новый Уренгой, Западная промзона, ГЭК ""МиК"", гараж № 120",,,Площадь,Купля-продажа,,,2026-03-24,2026-03-27,83333.33333333333,001001000000,1,,,,,,,27.0,2250000.0,,3.0,0.0
2026-01-04,89:12:110709:578,Помещение,2004.0,"Помещение: однокомнатная квартира, этаж 9, назначение: жилое",Крупнопанельные,9,,101.0,,9,Жилое,,,"Ямало-Ненецкий автономный округ, городской округ город Ноябрьск, город Ноябрьск, улица Высоцкого, дом 40, квартира 102",,,Площадь,Купля-продажа,,,2026-03-26,2026-03-27,119212.96296296295,001001000000,1,,,,,,,43.2,5150000.0,,3.0,0.0
2026-01-04,89:10:010207:330,Помещение,1985.0,Однокомнатная квартира,Крупнопанельные,5,,101.0,,5,Жилое,,,"Ямало-Ненецкий автономный округ, муниципальный округ Надымский район, город Надым, улица Набережная имени Оруджева С.А., дом 41, квартира 54",,,Площадь,Купля-продажа,,,2026-03-26,2026-03-27,55155.87529976019,001001000000,1,,,,,,,41.7,2300000.0,,3.0,0.0
2026-01-04,89:12:110601:4671,Помещение,1988.0,трёхкомнатная квартира,Крупнопанельные,2,,101.0,,5,Жилое,,,"Ямало-Ненецкий автономный округ, городской округ город Ноябрьск, город Ноябрьск, улица Советская, дом 81/2, квартира 49",,,Площадь,Купля-продажа,,,2026-03-25,2026-03-27,119940.0299850075,001002000000,1,,,,,,,66.7,8000000.0,,3.0,0.0
2026-01-04,89:11:060201:2443,Помещение,2015.0,,,1,,303.0,,,Нежилое,,,"Ямало-Ненецкий автономный округ, городской округ город Новый Уренгой, город Новый Уренгой, Северная промзона, панель А, ГК ""Василек"", гараж  №329",,,Площадь,Купля-продажа,,,2026-03-23,2026-03-27,34926.470588235294,001001000000,1,,,,,,,27.2,950000.0,,3.0,0.0
2026-01-04,89:12:110616:3326,Помещение,2015.0,гараж,,1,,303.0,,,Нежилое,,,"Ямало-Ненецкий автономный округ, г Ноябрьск, ул.Холмогорская, гараж 30, мкр. ""М""",,,Площадь,Купля-продажа,,,2026-03-24,2026-03-27,11160.714285714286,001001000000,1,,,,,,,22.4,250000.0,,3.0,0.0
2026-01-04,89:11:050104:3164,Помещение,1987.0,квартира в многоквартирном доме,Крупнопанельные,4,,101.0,,9,Жилое,,,"Ямало-Ненецкий автономный округ, городской округ город Новый Уренгой, город Новый Уренгой, микрорайон Советский, дом 8 корпус 4, квартира 50",,,Площадь,Купля-продажа,,,2026-03-26,2026-03-27,160112.35955056178,001001000000,1,,,,,,,35.6,5700000.0,,3.0,0.0
2026-01-04,89:08:010202:1699,Помещение,1997.0,Помещение: квартира,Крупнопанельные,3,,101.0,,6,Жилое,,,"Ямало-Ненецкий автономный округ, г Салехард, ул Зои Космодемьянской, д 5, кв 29",,,Площадь,Купля-продажа,,,2026-03-26,2026-03-27,183752.41779497097,001002000000,1,,,,,,,51.7,9500000.0,,3.0,0.0
2026-01-04,89:04:020301:1701,Помещение,2015.0,Гараж,,1,,303.0,,,Нежилое,,,"Ямало-Ненецкий автономный округ, р-н Надымский, п Приозёрный, ФК-1, гараж №6",,,Площадь,Купля-продажа,,,2023-10-23,2026-03-27,1388.888888888889,001001000000,1,,,,,,,36.0,50000.0,,3.0,0.0
2026-01-04,89:11:050104:2699,Помещение,1988.0,трёхкомнатная квартира,Крупнопанельные,1,,101.0,,10,Жилое,,,"Ямало-Ненецкий автономный округ, городской округ город Новый Уренгой, город Новый Уренгой, микрорайон Советский, дом 6 корпус 2, квартира 73",,,Площадь,Купля-продажа,,,2026-03-26,2026-03-27,131075.11045655375,001001000000,1,,,,,,,67.9,8900000.0,,3.0,0.0
2026-01-04,89:13:010111:1839,Помещение,2016.0,Квартира,Из мелких бетонных блоков,7,,101.0,,7,Жилое,,,"Ямало-Ненецкий автономный округ, городской округ город Муравленко, город Муравленко, улица 70 лет Октября, дом 45, квартира 146",,,Площадь,Купля-продажа,,,2026-03-27,2026-03-27,129834.2541436464,001001000000,1,,,,,,,18.1,2350000.0,,3.0,0.0
2026-01-04,89:10:010105:1528,Помещение,1992.0,Двухкомнатная квартира,Смешанные,5,,101.0,,5,Жилое,,,"Ямало-Ненецкий автономный округ, г Надым, ул Ямальская, д 11, кв 15",,,Площадь,Купля-продажа,,,2026-03-26,2026-03-27,73770.4918032787,001001000000,1,,,,,,,54.9,4050000.0,,3.0,0.0
2026-01-04,89:08:020201:2460,Помещение,2024.0,,Бетонные,8,,101.0,,8,Жилое,,,"Ямало-Ненецкий автономный округ, городской округ город Салехард, город Салехард, микрорайон Обдорский, дом 3 корпус 1, квартира 251",,,Площадь,Купля-продажа,,,2026-03-06,2026-03-27,197831.9783197832,001002000000,1,,,,,,,36.9,7300000.0,,3.0,0.0
2026-01-04,89:11:020303:1584,Помещение,1985.0,трёхкомнатная квартира,Бетонные,5,,101.0,,5,Жилое,,,"Ямало-Ненецкий автономный округ, г Новый Уренгой, ул Геологоразведчиков, д 16д, кв 29",,,Площадь,Купля-продажа,,,2026-03-24,2026-03-27,111945.6366237482,001002000000,1,,,,,,,69.9,7825000.0,,3.0,0.0
2026-01-04,89:03:040103:732,Помещение,2013.0,Помещение: квартира,Смешанные,3,,205.0,,3,Жилое,,,"Ямало-Ненецкий автономный округ, р-н Ямальский, с Яр-Сале, ул Худи Сэроко, д 36, кв 12",,,Площадь,Купля-продажа,,,2026-03-25,2026-03-27,205029.01353965182,001002000000,1,,,,,,,51.7,10600000.0,,3.0,0.0
2026-01-04,89:08:010305:1199,Помещение,2012.0,Помещение: квартира,Из мелких бетонных блоков,2,,205.0,,3,Жилое,,,"Ямало-Ненецкий автономный округ, городской округ город Салехард, город Салехард, улица Павлова, дом 41А, квартира 6",,,Площадь,Купля-продажа,,,2026-03-26,2026-03-27,19060.77348066298,001002000000,1,,,,,,,36.2,690000.0,,3.0,0.0
2026-01-04,89:10:010105:1879,Помещение,1989.0,Квартира,Смешанные,4,,101.0,,6,Жилое,,,"Ямало-Ненецкий автономный округ, г Надым, ул Ямальская, д 5, кв 52",,,Площадь,Купля-продажа,,,2026-03-26,2026-03-27,74074.07407407407,001001000000,1,,,,,,,54.0,4000000.0,,3.0,0.0
2026-01-04,89:05:020111:650,Помещение,2015.0,Квартира,Из прочих материалов,2,,205.0,,3,Жилое,,,"Ямало-Ненецкий автономный округ, р-н Пуровский, г Тарко-Сале, ул Осенняя, д 7, кв 13",,,Площадь,Купля-продажа,,,2026-03-23,2026-03-27,159340.65934065936,001001000000,1,,,,,,,36.4,5800000.0,,3.0,0.0
2026-01-04,89:11:020301:1714,Помещение,1982.0,,Из прочих материалов,4,,101.0,,5,Жилое,,,"Ямало-Ненецкий автономный округ, г Новый Уренгой, ул 26 съезда КПСС, д 8, кв 70",,,Площадь,Купля-продажа,,,2026-03-26,2026-03-27,140419.94750656167,001001000000,1,,,,,,,38.1,5350000.0,,3.0,0.0
2026-01-04,89:11:020204:2459,Помещение,2015.0,Квартира,Из прочих материалов,3,,101.0,,10,Жилое,,,"Ямало-Ненецкий автономный округ, городской округ город Новый Уренгой, город Новый Уренгой, микрорайон Созидателей, дом 2 корпус 1, квартира 31",,,Площадь,Купля-продажа,,,2026-03-24,2026-03-27,175815.73896353168,001002000000,1,,,,,,,52.1,9160000.0,,3.0,0.0
2026-01-04,89:08:010205:173,Помещение,1999.0,Помещение: квартира,Крупнопанельные,4,,101.0,,5,Жилое,,,"Ямало-Ненецкий автономный округ, г Салехард, ул Комсомольская, д 17, кв 20",,,Площадь,Купля-продажа,,,2026-03-25,2026-03-27,204199.4750656168,001002000000,1,,,,,,,38.1,7780000.0,,3.0,0.0
2026-01-04,89:13:010105:995,Помещение,1987.0,"Квартира - жилое помещение расположено в многоквартирном доме, признанном аварийным и подлежащим сносу",Из прочих материалов,2,,205.0,,2,Жилое,,,"Ямало-Ненецкий автономный округ, г Муравленко, ул Ленина, д 44, кв 17",,,Площадь,Купля-продажа,,,2026-03-23,2026-03-27,106718.34625322996,001001000000,1,,,,,,,38.7,4130000.0,,3.0,0.0
2026-01-04,89:13:010105:4092,Помещение,2025.0,,Смешанные,3,,205.0,,4,Жилое,,,"Ямало-Ненецкий автономный округ, городской округ город Муравленко, город Муравленко, улица Нефтяников, дом 21, квартира 24",,,Площадь,Купля-продажа,,,2026-03-23,2026-03-27,121312.84916201119,001002000000,1,,,,,,,35.8,4343000.0,,3.0,0.0
2026-01-04,89:10:010206:666,Помещение,1996.0,Квартира,Крупнопанельные,9,,101.0,,9,Жилое,,,"Ямало-Ненецкий автономный округ, муниципальный округ Надымский район, город Надым, улица Набережная имени Оруджева С.А., дом 18, квартира 34",,,Площадь,Купля-продажа,,,2026-03-24,2026-03-27,69981.5837937385,001001000000,1,,,,,,,54.3,3800000.0,,3.0,0.0
2026-01-04,89:11:020303:1036,Помещение,1984.0,квартира,Крупнопанельные,5,,101.0,,6,Жилое,,,"Ямало-Ненецкий автономный округ, городской округ город Новый Уренгой, город Новый Уренгой, улица Молодежная, дом 11, квартира 71",,,Площадь,Купля-продажа,,,2026-03-26,2026-03-27,162371.13402061857,001001000000,1,,,,,,,38.8,6300000.0,,3.0,0.0
2026-01-04,89:14:040101:1673,Помещение,2015.0,,Бетонные,4,,101.0,,7-8,Жилое,,,"Ямало-Ненецкий автономный округ, городской округ город Губкинский, город Губкинский, микрорайон № 17, дом 12, квартира 111",,,Площадь,Купля-продажа,,,2026-02-10,2026-03-27,120400.0,001001000000,1,,,,,,,80.3,9668120.0,,3.0,0.0
2026-01-04,89:14:010102:691,Помещение,1900.0,"Здание (многоквартирный дом) признано аварийным и подлежащим сносу или реконструкции. Постановление Администрации города Губкинского ""О признании многоквартирного жилого дома №10 микрорайона 12 города Губкинского аварийным и подлежащим сносу"" №2320 от 08.10.2024г.",Смешанные,1,,205.0,,2,Жилое,,,"Ямало-Ненецкий автономный округ, г Губкинский, мкр 12-й, д 10, кв 15",,,Площадь,Купля-продажа,,,2026-02-10,2026-03-27,126000.0,001001000000,1,,,,,,,71.7,9034200.0,,3.0,0.0
2026-01-04,89:09:110401:1530,Помещение,1988.0,помещение: квартира,Железобетонные,4,,101.0,,5,Жилое,,,"Ямало-Ненецкий автономный округ, р-н Приуральский, п Харп, кв-л Северный, д 7, кв 86",,,Площадь,Купля-продажа,,,2026-03-23,2026-03-27,87463.55685131197,001001000000,1,,,,,,,34.3,3000000.0,,3.0,0.0
2026-01-04,89:12:110704:2988,Помещение,2014.0,Квартира в многоквартирном доме,Смешанные,5,,101.0,,10,Жилое,,,"Ямало-Ненецкий автономный округ, городской округ город Ноябрьск, город Ноябрьск, улица Магистральная, дом 121, квартира 67",,,Площадь,Купля-продажа,,,2026-03-26,2026-03-27,121306.37636080872,001002000000,1,,,,,,,64.3,7800000.0,,3.0,0.0
2026-01-04,89:04:020101:4155,Помещение,1994.0,Однокомнатная квартира,Смешанные,1,,101.0,,5,Жилое,,,"Ямало-Ненецкий автономный округ, р-н Надымский, пгт Пангоды, ул Ленина, д 48, кв 2",,,Площадь,Купля-продажа,,,2026-03-24,2026-03-29,36211.6991643454,001001000000,1,,,,,,,35.9,1300000.0,,3.0,0.0
2026-01-04,89:11:020202:457,Помещение,1986.0,квартира в многоквартирном доме,Из мелких бетонных блоков,5,,101.0,,10,Жилое,,,"Ямало-Ненецкий автономный округ, г Новый Уренгой, ул Юбилейная, д 2, кв 20",,,Площадь,Купля-продажа,,,2026-03-28,2026-03-30,137931.0344827586,001001000000,1,,,,,,,58.0,8000000.0,,3.0,0.0
2026-01-04,89:09:020103:498,Помещение,1964.0,"Жилое помещение расположено в многоквартирном доме, признанном аварийным и подлежит сносу или реконструкции",Деревянные,2,,205.0,,2,Жилое,,,"Ямало-Ненецкий автономный округ, г Лабытнанги, ул Мира, д 11, кв 6",,,Площадь,Купля-продажа,,,2026-03-25,2026-03-30,69756.09756097561,001001000000,1,,,,,,,41.0,2860000.0,,3.0,0.0
2026-01-04,89:09:020102:936,Помещение,2021.0,,Смешанные,3,,101.0,,7,Жилое,,,"Ямало-Ненецкий автономный округ, муниципальный округ Приуральский район, город Лабытнанги, улица Ивана Путилина, дом 3, квартира 62",,,Площадь,Купля-продажа,,,2026-03-25,2026-03-30,141656.8047337278,001001000000,1,,,,,,,50.7,7182000.0,,3.0,0.0
2026-01-04,89:13:010108:863,Помещение,1950.0,"Квартира - жилое помещение расположено в многоквартирном доме, признанном аварийным и подлежащим сносу или реконструкции Распоряжение Администрации муниципального образования Мужевское «О признании многоквартирного дома 98 по улице Дружбы народов аварийным и подлежащим сносу» №1020 от 28.06.2019",Дощатые,2,,205.0,,2,Жилое,,,"Ямало-Ненецкий автономный округ, городской округ город Муравленко, город Муравленко, улица Дружбы народов, дом 98, квартира 10",,,Площадь,Купля-продажа,,,2026-03-23,2026-03-30,87431.69398907103,001001000000,1,,,,,,,54.9,4800000.0,,3.0,0.0
2026-01-04,89:11:020101:5688,Помещение,2015.0,,Иное,5,,101.0,,11,Жилое,,,"Ямало-Ненецкий автономный округ, городской округ город Новый Уренгой, город Новый Уренгой, проспект Губкина, дом 11Б, квартира 36",,,Площадь,Купля-продажа,,,2026-03-27,2026-03-30,184000.0,001002000000,1,,,,,,,55.4,10193600.0,,3.0,0.0
2026-01-04,89:12:110705:1864,Помещение,1983.0,однокомнатная квартира,Бетонные,1,,101.0,,5,Жилое,,,"Ямало-Ненецкий автономный округ, городской округ город Ноябрьск, город Ноябрьск, улица Дзержинского, дом 11, квартира 2",,,Площадь,Купля-продажа,,,2020-02-29,2026-03-30,37790.6976744186,001001000000,1,,,,,,,34.4,1300000.0,,3.0,0.0
2026-01-04,89:10:010207:366,Помещение,1986.0,Помещение: трёхкомнатная квартира,Крупнопанельные,3,,101.0,,5,Жилое,,,"Ямало-Ненецкий автономный округ, муниципальный округ Надымский район, город Надым, улица Набережная имени Оруджева С.А., дом 42, квартира 6",,,Площадь,Купля-продажа,,,2026-03-27,2026-03-30,99209.51989528796,001002000000,1,,,,,,,76.4,7579607.32,,3.0,0.0
2026-01-04,89:10:000000:3239,Помещение,2015.0,Гараж №120,,1,,303.0,,,Нежилое,,,"Ямало-Ненецкий автономный округ, г Надым, ГСК ""Градостроитель"", гараж № 120",,,Площадь,Купля-продажа,,,2026-03-27,2026-03-30,5747.126436781609,001001000000,1,,,,,,,26.1,150000.0,,3.0,0.0
2026-01-04,89:06:000000:2155,Помещение,2021.0,Квартира,Из прочих материалов,3,,205.0,,4,Жилое,,,"Российская Федерация, Ямало-Ненецкий автономный округ, Тазовский муниципальный округ, сельское поселение поселок Тазовский, микрорайон Солнечный, дом 3, квартира 26",,,Площадь,Купля-продажа,,,2026-03-28,2026-03-30,171919.77077363897,001001000000,1,,,,,,,34.9,6000000.0,,3.0,0.0
2026-01-04,89:03:040108:783,Помещение,2006.0,Квартира №1,Кирпичные,3,,205.0,,3,Жилое,,,"Ямало-Ненецкий автономный округ, р-н Ямальский, с Яр-Сале, ул Худи-Сэроко, д 27б, кв. 1",,,Площадь,Купля-продажа,,,2026-03-27,2026-03-30,144462.27929373996,001002000000,1,,,,,,,62.3,9000000.0,,3.0,0.0
2026-01-04,89:08:020201:2912,Помещение,2024.0,,Бетонные,5,,101.0,,6-8,Жилое,,,"Ямало-Ненецкий автономный округ, городской округ город Салехард, город Салехард, микрорайон Обдорский, дом 1 корпус 3, квартира 70",,,Площадь,Купля-продажа,,,2026-03-26,2026-03-30,187892.50353606787,001001000000,1,,,,,,,70.7,13284000.0,,3.0,0.0
2026-01-04,89:08:010203:290,Помещение,1988.0,Помещение: трёхкомнатная квартира,Деревянные,1,,205.0,,2,Жилое,,,"Ямало-Ненецкий автономный округ, г Салехард, ул Губкина, д 2, кв 12",,,Площадь,Купля-продажа,,,2026-03-26,2026-03-30,160034.96503496502,001001000000,1,,,,,,,57.2,9154000.0,,3.0,0.0
2026-01-04,89:11:020304:1889,Помещение,1987.0,трёхкомнатная квартира,Крупнопанельные,2,,101.0,,7,Жилое,,,"Ямало-Ненецкий автономный округ, г Новый Уренгой, мкр Юбилейный, д 5, корп 2, кв 51",,,Площадь,Купля-продажа,,,2026-03-27,2026-03-30,147142.85714285713,001002000000,1,,,,,,,70.0,10300000.0,,3.0,0.0
2026-01-04,89:11:050103:2896,Помещение,1990.0,,Железобетонные,5,,101.0,,11,Жилое,,,"Ямало-Ненецкий автономный округ, г Новый Уренгой, мкр Мирный, д 1, корп 2, кв 19",,,Площадь,Купля-продажа,,,2026-03-27,2026-03-30,145522.38805970148,001001000000,1,,,,,,,53.6,7800000.0,,3.0,0.0
2026-01-04,89:11:050104:3624,Помещение,2015.0,квартира в многоквартирном доме,Железобетонные,2,,101.0,,6,Жилое,,,"Ямало-Ненецкий автономный округ, г Новый Уренгой, мкр Советский, д 3, корп 3, кв 51",,,Площадь,Купля-продажа,,,2026-03-27,2026-03-30,171732.5227963526,001001000000,1,,,,,,,32.9,5650000.0,,3.0,0.0
2026-01-04,89:05:000000:13103,Помещение,2013.0,Квартира,Смешанные,2,,205.0,,4,Жилое,,,"Ямало-Ненецкий автономный округ, р-н Пуровский, г Тарко-Сале, ул Строителей, д 19, корп 1, кв 18",,,Площадь,Купля-продажа,,,2026-03-27,2026-03-30,189873.41772151898,001002000000,1,,,,,,,31.6,6000000.0,,3.0,0.0
2026-01-04,89:10:010203:486,Помещение,1983.0,Однокомнатная квартира,Смешанные,2,,101.0,,6,Жилое,,,"Ямало-Ненецкий автономный округ, муниципальный округ Надымский район, город Надым, улица Геологоразведчиков, дом 1, квартира 20",,,Площадь,Купля-продажа,,,2026-03-27,2026-03-30,78680.20304568528,001001000000,1,,,,,,,39.4,3100000.0,,3.0,0.0
2026-01-04,89:11:020303:289,Помещение,1984.0,квартира,Из мелких бетонных блоков,8,,101.0,,9,Жилое,,,"Ямало-Ненецкий автономный округ, городской округ город Новый Уренгой, город Новый Уренгой, проспект Ленинградский, дом 10А, квартира 31",,,Площадь,Купля-продажа,,,2026-03-27,2026-03-30,170163.17016317017,001002000000,1,,,,,,,42.9,7300000.0,,3.0,0.0
2026-01-04,89:12:110701:1362,Помещение,1988.0,двухкомнатная квартира,Крупнопанельные,3,,101.0,,5,Жилое,,,"Ямало-Ненецкий автономный округ, г Ноябрьск, пр. Мира, д 4, кв 39",,,Площадь,Купля-продажа,,,2026-03-27,2026-03-30,147254.9019607843,001001000000,1,,,,,,,51.0,7510000.0,,3.0,0.0
2026-01-04,89:12:110606:339,Помещение,2002.0,Квартира,Смешанные,1,,101.0,,5,Жилое,,,"Ямало-Ненецкий автономный округ, г Ноябрьск, пр-кт Мира, д 27/57, кв 33",,,Площадь,Купля-продажа,,,2026-03-25,2026-03-30,109073.35907335908,001001000000,1,,,,,,,51.8,5650000.0,,3.0,0.0
2026-01-04,89:08:020201:2779,Помещение,2015.0,,Бетонные,1,,101.0,,6-8,Жилое,,,"Ямало-Ненецкий автономный округ, городской округ город Салехард, город Салехард, микрорайон Обдорский, дом 1 корпус 2, квартира 207",,,Площадь,Купля-продажа,,,2026-03-27,2026-03-30,208230.97032967035,001002000000,1,,,,,,,36.4,7579607.32,,3.0,0.0
2026-01-04,89:10:010208:4011,Помещение,1990.0,Двухкомнатная квартира,Крупнопанельные,7,,101.0,,10,Жилое,,,"Ямало-Ненецкий автономный округ, г Надым, ул Зверева, д 49, кв 427",,,Площадь,Купля-продажа,,,2026-03-25,2026-03-30,48736.462093862814,001001000000,1,,,,,,,55.4,2700000.0,,3.0,0.0
2026-01-04,89:09:010209:147,Помещение,2006.0,трёхкомнатная квартира,Из прочих материалов,4,,101.0,,5,Жилое,,,"Ямало-Ненецкий автономный округ, г Лабытнанги, ул Дзержинского, д 48, кв 8",,,Площадь,Купля-продажа,,,2026-03-23,2026-03-30,96993.21047526674,001001000000,1,,,,,,,103.1,10000000.0,,3.0,0.0
2026-01-04,89:11:020202:2460,Помещение,2019.0,,Из мелких бетонных блоков,3,,101.0,,11,Жилое,,,"Ямало-Ненецкий автономный округ, город Новый Уренгой г.о., г Новый Уренгой, мкр Энтузиастов, д. 8, кв. 11",,,Площадь,Купля-продажа,,,2026-03-27,2026-03-30,210784.3137254902,001002000000,1,,,,,,,40.8,8600000.0,,3.0,0.0
2026-01-04,89:13:010111:1811,Помещение,2016.0,Квартира,Из мелких бетонных блоков,6,,101.0,,7,Жилое,,,"Ямало-Ненецкий автономный округ, г Муравленко, ул 70 лет Октября, д 45, кв 118",,,Площадь,Купля-продажа,,,2026-03-23,2026-03-30,125000.00000000001,001001000000,1,,,,,,,32.8,4100000.0,,3.0,0.0
2026-01-04,89:10:010102:1254,Помещение,1987.0,Двухкомнатная квартира,Железобетонные,1,,101.0,,5,Жилое,,,"Ямало-Ненецкий автономный округ, муниципальный округ Надымский район, город Надым, район Лесной, дом 9, квартира 3",,,Площадь,Купля-продажа,,,2026-03-27,2026-03-30,61954.62478184992,001001000000,1,,,,,,,57.3,3550000.0,,3.0,0.0
2026-01-04,89:03:040105:258,Помещение,2017.0,Помещение: квартира,Из мелких бетонных блоков,1,,205.0,,3,Жилое,,,"Ямало-Ненецкий автономный округ, муниципальный округ Ямальский район, село Яр-Сале, улица Мира, дом 30Б, квартира 6",,,Площадь,Купля-продажа,,,2026-03-28,2026-03-30,193370.16574585636,001002000000,1,,,,,,,54.3,10500000.0,,3.0,0.0
2026-01-04,89:10:010201:1844,Помещение,1989.0,Трёхкомнатная квартира,Кирпичные,8,,101.0,,9,Жилое,,,"Ямало-Ненецкий автономный округ, муниципальный округ Надымский район, город Надым, улица Зверева, дом 17/1, квартира 46",,,Площадь,Купля-продажа,,,2026-03-27,2026-03-30,103070.17543859649,001002000000,1,,,,,,,68.4,7050000.0,,3.0,0.0
2026-01-04,89:10:010206:2979,Помещение,1979.0,Квартира,Смешанные,4,,101.0,,5,Жилое,,,"Ямало-Ненецкий автономный округ, муниципальный округ Надымский район, город Надым, улица Зверева, дом 17, квартира 25",,,Площадь,Купля-продажа,,,2026-03-24,2026-03-30,49209.1388400703,001001000000,1,,,,,,,56.9,2800000.0,,3.0,0.0
2026-01-04,89:14:010114:942,Помещение,1997.0,помещение: двухкомнатная квартира,Из прочих материалов,2,,205.0,,3,Жилое,,,"Ямало-Ненецкий автономный округ, г Губкинский, мкр 14-й, д 1, кв 6",,,Площадь,Купля-продажа,,,2026-03-27,2026-03-30,145299.1452991453,001001000000,1,,,,,,,58.5,8500000.0,,3.0,0.0
2026-01-04,89:11:020101:5469,Помещение,2015.0,,Иное,2,,101.0,,11,Жилое,,,"Ямало-Ненецкий автономный округ, городской округ город Новый Уренгой, город Новый Уренгой, проспект Губкина, дом 11Б, квартира 9",,,Площадь,Купля-продажа,,,2026-03-28,2026-03-30,184000.0,001001000000,1,,,,,,,55.2,10156800.0,,3.0,0.0
2026-01-04,89:04:020101:6646,Помещение,1989.0,Однокомнатная квартира,Кирпичные,3,,101.0,,5,Жилое,,,"Ямало-Ненецкий автономный округ, р-н Надымский, пгт Пангоды, ул Ленина, д 6, кв 78",,,Площадь,Купля-продажа,,,2026-03-27,2026-03-30,58400.0,001001000000,1,,,,,,,42.5,2482000.0,,3.0,0.0
2026-01-04,89:11:020206:2672,Помещение,2024.0,,Бетонные,4,,101.0,,8,Жилое,,,"Ямало-Ненецкий автономный округ, городской округ город Новый Уренгой, город Новый Уренгой, улица Южная, дом 54А, квартира 58",,,Площадь,Купля-продажа,,,2026-02-05,2026-03-30,113066.9014084507,001001000000,1,,,,,,,56.8,6422200.0,,3.0,0.0
2026-01-04,89:12:110505:307,Помещение,1990.0,Помещение: трёхкомнатная квартира,Из прочих материалов,1,,205.0,,3,Жилое,,,"Ямало-Ненецкий автономный округ, городской округ город Ноябрьск, город Ноябрьск, микрорайон П, дом 84а, квартира 19",,,Площадь,Купля-продажа,,,2026-03-27,2026-03-30,134099.61685823754,001001000000,1,,,,,,,52.2,7000000.0,,3.0,0.0
2026-01-04,89:02:020101:366,Помещение,2007.0,Квартира,Из прочих материалов,1,,201.0,,1,Жилое,,,"Ямало-Ненецкий автономный округ, р-н Приуральский, с Аксарка, мкр Юбилейный, д 19, кв 2",,,Площадь,Купля-продажа,,,2026-03-27,2026-03-30,127376.4258555133,001001000000,1,,,,,,,52.6,6700000.0,,3.0,0.0
2026-01-04,89:10:010105:400,Помещение,1991.0,Квартира,Крупнопанельные,1,,101.0,,9,Жилое,,,"Ямало-Ненецкий автономный округ, муниципальный округ Надымский район, город Надым, улица Кедровая, дом 8, квартира 2",,,Площадь,Купля-продажа,,,2026-03-27,2026-03-30,71043.16546762589,001001000000,1,,,,,,,55.6,3950000.0,,3.0,0.0
2026-01-04,89:11:000000:5197,Помещение,1996.0,Гаражная ячейка №93,Смешанные,1,,303.0,,3,Нежилое,,,"Ямало-Ненецкий автономный округ, г Новый Уренгой, Северная Коммунальная Зона, Гаражный кооператив ""Автодом"", Гаражная ячейка №93",,,Площадь,Купля-продажа,,,2026-03-26,2026-03-31,62780.26905829596,001001000000,1,,,,,,,22.3,1400000.0,,3.0,0.0
2026-01-04,89:10:010209:431,Помещение,2015.0,помещение,Крупнопанельные,9,,101.0,,11,Жилое,,,"Ямало-Ненецкий автономный округ, г Надым, мкр Олимпийский, д 3, кв 154",,,Площадь,Купля-продажа,,,2026-03-28,2026-03-31,58928.57142857143,001001000000,1,,,,,,,56.0,3300000.0,,3.0,0.0
2026-01-04,89:05:030301:5651,Помещение,1990.0,Квартира,Смешанные,1,,205.0,,2,Жилое,,,"Ямало-Ненецкий автономный округ, городской округ город Губкинский, город Губкинский, улица Энтузиастов, дом 2, квартира 16",,,Площадь,Купля-продажа,,,2026-01-12,2026-03-31,89405.10510510512,001001000000,1,,,,,,,33.3,2977190.0,,3.0,0.0
2026-01-04,89:05:030301:13214,Помещение,2025.0,,Из прочих материалов,4,,101.0,,5,Жилое,,,"Ямало-Ненецкий автономный округ, городской округ город Губкинский, город Губкинский, улица Железнодорожная, дом 3Г/1, квартира 24",,,Площадь,Купля-продажа,,,2026-01-12,2026-03-31,80031.98924731182,001001000000,1,,,,,,,37.2,2977190.0,,3.0,0.0
2026-01-04,89:05:020130:2070,Помещение,2023.0,Квартира,Бетонные,1,,101.0,,6,Жилое,,,"Ямало-Ненецкий автономный округ, муниципальный округ Пуровский район, город Тарко-Сале, микрорайон Южный, дом 5, квартира 31",,,Площадь,Купля-продажа,,,2026-03-30,2026-03-31,183510.63829787233,001001000000,1,,,,,,,37.6,6900000.0,,3.0,0.0
2026-01-04,89:11:030301:2838,Помещение,2015.0,гараж,,1,,303.0,,,Нежилое,,,"Ямало-Ненецкий автономный округ, г Новый Уренгой, Восточная промзона, Терр. ССУ-8, Кооп. ""Потвор"", гараж № 107/III",,,Площадь,Купля-продажа,,,2026-03-27,2026-03-31,32183.908045977016,001001000000,1,,,,,,,17.4,560000.0,,3.0,0.0
2026-01-04,89:12:110606:2852,Помещение,2025.0,,Смешанные,3,,205.0,,5,Жилое,,,"Ямало-Ненецкий автономный округ, городской округ город Ноябрьск, город Ноябрьск, улица Республики, дом 60 корпус 1, квартира 18",,,Площадь,Купля-продажа,,,2026-03-30,2026-03-31,92660.21010928962,001001000000,1,,,,,,,36.6,3391363.69,,3.0,0.0
2026-01-04,89:12:110512:823,Помещение,1987.0,однокомнатная квартира,Из прочих материалов,2,,205.0,,2,Жилое,,,"Ямало-Ненецкий автономный округ, г Ноябрьск, ул Шевченко, д 169, кв 18",,,Площадь,Купля-продажа,,,2026-03-30,2026-03-31,29929.05,001001000000,1,,,,,,,38.6,1155261.33,,3.0,0.0
2026-01-04,89:11:070101:3059,Помещение,1988.0,двухкомнатная квартира,Крупнопанельные,5,,101.0,,5,Жилое,,,"Ямало-Ненецкий автономный округ, городской округ город Новый Уренгой, город Новый Уренгой, микрорайон Приозёрный, дом 13, квартира 45",,,Площадь,Купля-продажа,,,2000-07-05,2026-03-31,39377.28937728937,001001000000,1,,,,,,,54.6,2150000.0,,3.0,0.0
2026-01-04,89:11:020206:2626,Помещение,2024.0,,Бетонные,2,,101.0,,8,Жилое,,,"Ямало-Ненецкий автономный округ, городской округ город Новый Уренгой, город Новый Уренгой, улица Южная, дом 54А, квартира 84",,,Площадь,Купля-продажа,,,2026-03-30,2026-03-31,153846.15384615384,001001000000,1,,,,,,,58.5,9000000.0,,3.0,0.0
2026-01-04,89:13:010105:4096,Помещение,2025.0,,Смешанные,1,,205.0,,4,Жилое,,,"Ямало-Ненецкий автономный округ, городской округ город Муравленко, город Муравленко, улица Нефтяников, дом 21, квартира 28",,,Площадь,Купля-продажа,,,2026-03-30,2026-03-31,139393.9393939394,001001000000,1,,,,,,,49.5,6900000.0,,3.0,0.0
2026-01-04,89:12:110616:7016,Помещение,2025.0,,Иное,2,,205.0,,4,Жилое,,,"Ямало-Ненецкий автономный округ, городской округ город Ноябрьск, город Ноябрьск, улица Изыскателей, дом 12, корпус 1, квартира 49",,,Площадь,Купля-продажа,,,2026-03-20,2026-03-31,136624.5487364621,001001000000,1,,,,,,,55.4,7569000.0,,3.0,0.0
2026-01-04,89:05:020115:652,Помещение,1986.0,Квартира,Деревянные,2,,205.0,,2,Жилое,,,"Ямало-Ненецкий автономный округ, р-н Пуровский, г Тарко-Сале, мкр Комсомольский, д 3, кв 5",,,Площадь,Купля-продажа,,,2026-03-19,2026-03-31,93984.96240601504,001001000000,1,,,,,,,53.2,5000000.0,,3.0,0.0
2026-01-04,89:05:020301:8029,Помещение,2015.0,Гараж,,1,,303.0,,,Нежилое,,,"Ямало-Ненецкий автономный округ, р-н Пуровский, пгт Уренгой, Шестой микрорайон (проектный), ряд №1, бокс №5",,,Площадь,Купля-продажа,,,2026-03-31,2026-03-31,12500.0,001001000000,1,,,,,,,36.0,450000.0,,3.0,0.0
2026-01-04,89:10:010208:1668,Помещение,1989.0,Однокомнатная квартира,Смешанные,3,,101.0,,5,Жилое,,,"Ямало-Ненецкий автономный округ, муниципальный округ Надымский район, город Надым, улица Заводская, дом 1, квартира 173",,,Площадь,Купля-продажа,,,2026-03-21,2026-03-31,71240.1055408971,001001000000,1,,,,,,,37.9,2700000.0,,3.0,0.0
2026-01-04,89:12:110613:1571,Помещение,1997.0,трёхкомнатная квартира,Кирпичные,2,,101.0,,6,Жилое,,,"Ямало-Ненецкий автономный округ, городской округ город Ноябрьск, город Ноябрьск, улица Холмогорская, дом 21б, квартира 1",,,Площадь,Купля-продажа,,,2026-03-24,2026-03-31,116883.11688311688,001001000000,1,,,,,,,84.7,9900000.0,,3.0,0.0
2026-01-04,89:05:030201:3172,Помещение,2015.0,Гараж в капитальном исполнении,,1,,303.0,,,Нежилое,,,"Ямало-Ненецкий автономный округ, муниципальный округ Пуровский район, поселок Ханымей, улица Железнодорожная, гараж 2/36",,,Площадь,Купля-продажа,,,2026-03-26,2026-03-31,19333.333333333332,001001000000,1,,,,,,,30.0,580000.0,,3.0,0.0
2026-01-04,89:08:010104:1659,Помещение,2015.0,Часть здания гаража: бокс № 90,,2,,303.0,,,Нежилое,,,"Ямало-Ненецкий автономный округ, г Салехард, ул Манчинского, бокс № 90",,,Площадь,Купля-продажа,,,2026-03-28,2026-03-31,112612.61261261262,001001000000,1,,,,,,,22.2,2500000.0,,3.0,0.0
2026-01-04,89:07:020101:2876,Помещение,2015.0,,Из прочих материалов,1,,205.0,,3,Жилое,,,"Ямало-Ненецкий автономный округ, муниципальный район Красноселькупский, сельское поселение Толькинское, село Толька, улица Светлогорская, дом 3, квартира 4",,,Площадь,Купля-продажа,,,2026-03-26,2026-03-31,20361.99095022624,001001000000,1,,,,,,,44.2,900000.0,,3.0,0.0
2026-01-04,89:10:010202:370,Помещение,1976.0,Четырёхкомнатная квартира,Крупнопанельные,1,,101.0,,5,Жилое,,,"Ямало-Ненецкий автономный округ, г Надым, ул Строителей, д 3, кв 1",,,Площадь,Купля-продажа,,,2026-03-30,2026-03-31,55104.408352668215,001002000000,1,,,,,,,86.2,4750000.0,,3.0,0.0
2026-01-04,89:11:050101:593,Помещение,1992.0,квартира в многоквартирном доме,Крупнопанельные,2,,101.0,,9,Жилое,,,"Ямало-Ненецкий автономный округ, г Новый Уренгой, мкр Дружба, д 1, корп 2, кв 76",,,Площадь,Купля-продажа,,,2026-03-28,2026-03-31,143410.8527131783,001001000000,1,,,,,,,64.5,9250000.0,,3.0,0.0
2026-01-04,89:12:110707:2022,Помещение,1981.0,двухкомнатная квартира,Из прочих материалов,5,,101.0,,5,Жилое,,,"Ямало-Ненецкий автономный округ, городской округ город Ноябрьск, город Ноябрьск, улица Дзержинского, дом 20б, квартира 28",,,Площадь,Купля-продажа,,,2026-03-27,2026-03-31,117647.05882352941,001001000000,1,,,,,,,52.7,6200000.0,,3.0,0.0
2026-01-04,89:11:020301:989,Помещение,1981.0,трёхкомнатная квартира,Крупнопанельные,9,,101.0,,9,Жилое,,,"Ямало-Ненецкий автономный округ, г Новый Уренгой, пр-кт Ленинградский, д 19, кв 105",,,Площадь,Купля-продажа,,,2026-03-30,2026-03-31,137457.04467353952,001002000000,1,,,,,,,58.2,8000000.0,,3.0,0.0
2026-01-04,89:08:000000:2505,Помещение,2015.0,гараж в капитальном исполнении,,1,,303.0,,,Нежилое,,,"Ямало-Ненецкий автономный округ, г Салехард, Свердлова, площадка №31, строение 2, Бокс №12, литер В",,,Площадь,Купля-продажа,,,2026-03-30,2026-03-31,77922.07792207792,001001000000,1,,,,,,,23.1,1800000.0,,3.0,0.0
2026-01-04,89:11:020101:1700,Помещение,2004.0,двухкомнатная квартира,Кирпичные,4,,101.0,,9,Жилое,,,"Ямало-Ненецкий автономный округ, городской округ город Новый Уренгой, город Новый Уренгой, проспект Губкина, дом 7А, квартира 11",,,Площадь,Купля-продажа,,,2026-03-30,2026-03-31,129557.29166666667,001001000000,1,,,,,,,76.8,9950000.0,,3.0,0.0
2026-01-04,89:12:110710:3115,Помещение,1986.0,Квартира,Крупнопанельные,4,,101.0,,5,Жилое,,,"Ямало-Ненецкий автономный округ, г Ноябрьск, пр-кт Мира, д 84б, кв 70",,,Площадь,Купля-продажа,,,2026-03-30,2026-03-31,131528.04642166343,001001000000,1,,,,,,,51.7,6800000.0,,3.0,0.0
2026-01-04,89:11:070101:1581,Помещение,1988.0,квартира в многоквартирном доме,Крупнопанельные,2,,101.0,,5,Жилое,,,"Ямало-Ненецкий автономный округ, г Новый Уренгой, жилрайон Лимбяяха, мкр Приозерный, д 13, кв 49",,,Площадь,Купля-продажа,,,2026-03-30,2026-03-31,81240.76809453471,001002000000,1,,,,,,,67.7,5500000.0,,3.0,0.0
2026-01-04,89:06:010106:667,Помещение,2015.0,,Крупнопанельные,4,,205.0,,4,Жилое,,,"Ямало-Ненецкий автономный округ, муниципальный округ Тазовский район, поселок Тазовский, микрорайон Солнечный, д 13, кв 27",,,Площадь,Купля-продажа,,,2026-03-30,2026-03-31,154109.5890410959,001002000000,1,,,,,,,87.6,13500000.0,,3.0,0.0
2026-01-04,89:12:110616:6659,Помещение,1987.0,Квартира,Крупнопанельные,1,,101.0,,5,Жилое,,,"Ямало-Ненецкий автономный округ, городской округ город Ноябрьск, город Ноябрьск, проспект Мира, дом 89в, квартира 2а",,,Площадь,Купля-продажа,,,2026-03-30,2026-03-31,128137.38441215323,001002000000,1,,,,,,,75.7,9700000.0,,3.0,0.0
2026-01-04,89:12:110709:3023,Помещение,1993.0,"трёхкомнатная квартира на втором этаже жилого дома, назначение: жилое",Крупнопанельные,2,,101.0,,5,Жилое,,,"Ямало-Ненецкий автономный округ, г Ноябрьск, ул Высоцкого, д 30А, кв 36",,,Площадь,Купля-продажа,,,2026-03-30,2026-03-31,124242.42424242424,001001000000,1,,,,,,,66.0,8200000.0,,3.0,0.0
2025-08-01,89:09:110201:238,Сооружение,1984.0,ж/д тупик для выгрузки ВМ,,,,1022.0,,,7.1. Cооружения железнодорожного транспорта,,,"Ямало-Ненецкий автономный округ, городской округ город Лабытнанги, п Харп, промышленный район",,,протяженность,Купля-продажа,89:09:110101:6,,2025-05-28,2025-06-25,583.3333333333334,001001000000,1,,,,,,,348.0,203000.0,,4.0,0.0
2025-04-01,89:12:111108:494,Сооружение,1994.0,Сети водоснабжения,,,1994.0,1016.0,,нет,Сети водоснабжения,12:0,06:090,"Ямало-Ненецкий автономный округ, г Ноябрьск, Пелей промузел, Панель VIII",,,протяженность,Купля-продажа,89:12:111107:3,,2024-12-20,2025-01-09,58441.55844155844,001001000000,1,,,,,,1133.0,770.0,45000000.0,,4.0,0.0
2025-04-01,89:12:111101:177,Сооружение,1994.0,Сети канализационные,,,1994.0,1017.0,,нет,Производственное,12:0,03:011,"Ямало-Ненецкий автономный округ, г Ноябрьск, Промузел Пелей, панельVIII",,,протяженность,Купля-продажа,,,2024-12-20,2025-01-09,269461.07784431137,001001000000,1,,,,,,,167.0,45000000.0,,4.0,0.0
2025-04-01,89:04:020707:606,Сооружение,2014.0,"Отсыпка кустовой площадки в составе объекта ""Обустройство кустовой площадки №8 Северо-Комсомольского месторождения. Расширение"".",,,,1046.0,,,1.5. сооружения добывающей промышленности,4:1,06:012,"Ямало-Ненецкий автономный округ, Надымский р-н, Северо-Комсомольское месторождение",,,объем,Купля-продажа,89:04:020707:493;89:04:020707:484;89:04:020707:429;89:04:020707:283,,2024-12-24,2025-01-09,10477.880085140985,001001000000,1,,,,,,,41813.0,438111600.0,,4.0,0.0
2025-04-01,89:04:020707:958,Сооружение,2021.0,Трубопровод противопожарного водоснабжения Северо-Комсомольского месторождения,,,,1016.0,,,1.5. Cооружения добывающей промышленности,5:2,06:011,"Ямало-Ненецкий автономный округ, Пуровский район, Северо-Комсомольское месторождение",,,протяженность,Купля-продажа,89:04:020707:486,,2024-12-24,2025-01-09,982313.0044843049,001001000000,1,,,,,,46910.0,446.0,438111600.0,,4.0,0.0
2025-04-01,89:12:111101:180,Сооружение,1993.0,Сети водоснабжения,,,1993.0,1016.0,,нет,Производственное,12:0,06:090,"Ямало-Ненецкий автономный округ, г Ноябрьск, Промузел Пелей панельVI",,,протяженность,Купля-продажа,89:12:111105:5,,2024-12-20,2025-01-09,56532.66331658291,001001000000,1,,,,,,25937.0,796.0,45000000.0,,4.0,0.0
2025-04-01,89:04:020707:145,Сооружение,2015.0,Установка комплексной подготовки газа (УКПГ) Северо-Комсомольского месторождения,,,2004.0,704.0,,,данных нет,4:1,06:012,"Ямало-Ненецкий автономный округ, Надымский район, Северо-Комсомольское газоконденсатное месторождение",,,площадь застройки,Купля-продажа,89:04:020707:20,,2024-12-24,2025-01-09,33908.25432452305,001001000000,1,,,,,,469595.0,12920.5,438111600.0,,4.0,0.0
2025-04-01,89:00:000000:13348,Сооружение,2021.0,ВЛ 6 кВ К-4,,,,1011.0,,,1.5. Сооружения добывающей промышленности,5:2,06:072,"Российская Федерация, Ямало-Ненецкий автономный округ, Пуровский район, Северо-Комсомольское месторождение",,,протяженность,Купля-продажа,89:05:020508:1012;89:05:020508:1014;89:05:020508:1019;89:05:020508:1140;89:05:020508:1145;89:05:020508:1151;89:05:020508:1152;89:05:020508:1154;89:05:020508:1214;89:05:020508:1222;89:05:020508:1223;89:05:020508:1272;89:05:020508:1541;89:05:020508:1563;89:05:020508:1567;89:05:020508:2137;89:05:020508:2140;89:05:020508:2141;89:05:020508:2186;89:05:020508:994;89:04:020707:131;89:04:020707:413;89:04:020707:425;89:04:020707:428;89:04:020707:431;89:04:020707:439;89:04:020707:440;89:04:020707:441;89:04:020707:446;89:04:020707:563;89:04:020707:565;89:04:020707:566;89:04:020707:570;89:04:020707:574;89:04:020707:63,,2024-12-24,2025-01-09,73287.32017397122,001001000000,1,,,,,,,5978.0,438111600.0,,4.0,0.0
2025-04-01,89:04:020707:950,Сооружение,2008.0,Магистральная РРЛС Дизельная электростанция ОРС-16 Северо-Комсомольского месторождения,,,,707.0,,,1.5. Cооружения добывающей промышленности,5:2,06:012,"Ямало-Ненецкий автономный округ, р-н Пуровский, Северо-Комсомольское месторождение",,,площадь застройки,Купля-продажа,89:04:020707:131,,2024-12-24,2025-01-09,4811661.993482481,001001000000,1,,,,,,38424.0,16.0,438111600.0,Выброс,4.0,0.0
2025-04-01,89:04:020707:955,Сооружение,2021.0,Ограждение опорной базы промысла Северо-Комсомольского месторождения,,,,1036.0,,,1.5. Cооружения добывающей промышленности,5:2,06:012,"Ямало-Ненецкий автономный округ, Пуровский район, Северо-Комсомольское месторождение",,,протяженность,Купля-продажа,89:04:020707:130;89:04:020707:131;89:04:020707:192;89:04:020707:193;89:04:020707:210;89:04:020707:228;89:04:020707:241;89:04:020707:257;89:04:020707:259;89:04:020707:263;89:04:020707:442;89:04:020707:486;89:04:020707:573;89:04:020707:61,,2024-12-24,2025-01-09,395407.58122743684,001001000000,1,,,,,,,1108.0,438111600.0,,4.0,0.0
2025-04-01,89:04:020707:956,Сооружение,2021.0,Прожекторная мачта опорной базы промысла Северо-Комсомольское месторождения,,,,1003.0,,,1.5. Cооружения добывающей промышленности,5:2,06:012,"Ямало-Ненецкий автономный округ, Пуровский район, Северо-Комсомольское месторождение",,,высота,Купля-продажа,89:04:020707:131,,2024-12-24,2025-01-09,4811661.993482481,001001000000,1,,,,,,38424.0,21.2,438111600.0,Выброс,4.0,0.0
2025-04-01,89:12:111108:713,Сооружение,1993.0,Сети теплоснабжения,,,1993.0,1015.0,,нет,Сети теплоснабжения,12:0,03:011,"Ямало-Ненецкий автономный округ, г Ноябрьск, Пелей промузел, Панель VI",,,протяженность,Купля-продажа,,,2024-12-20,2025-01-09,57840.61696658098,001001000000,1,,,,,,,778.0,45000000.0,,4.0,0.0
2025-04-01,89:12:111108:766,Сооружение,1988.0,Автодороги,,,1988.0,1031.0,,нет,Хозяйственное,12:0,07:020,"Ямало-Ненецкий автономный округ, г Ноябрьск, Пелей промузел, панель 6",,,протяженность,Купля-продажа,,,2024-12-20,2025-01-09,30000.0,001001000000,1,,,,,,,1500.0,45000000.0,,4.0,0.0
2025-04-01,89:12:111108:273,Сооружение,1985.0,Автодороги и площадки,,,1985.0,1031.0,,нет,Хозяйственное,12:0,07:020,"Ямало-Ненецкий автономный округ, г Ноябрьск, Пелей промузел, Панель 4",,,площадь,Купля-продажа,,,2024-12-20,2025-01-09,34859.400418312805,001001000000,1,,,,,,,1290.9,45000000.0,,4.0,0.0
2025-04-01,89:12:111101:164,Сооружение,1989.0,Наружные сети водоема,,,1989.0,1016.0,,нет,Производственное,12:0,07:050,"Ямало-Ненецкий автономный округ, г Ноябрьск, Промузел Пелей панельVI",,,протяженность,Купля-продажа,,,2024-12-20,2025-01-13,762711.8644067796,001001000000,1,,,,,,,59.0,45000000.0,,4.0,0.0
2025-04-01,89:12:000000:7430,Сооружение,2015.0,Сооружение: высоковольтную линию,,,,1011.0,,нет,Нежилое,12:0:2,06:072,"Ямало-Ненецкий автономный округ, г Ноябрьск, вертодром Ясный 14 км п Вынгапуровский",,,протяженность,Купля-продажа,,,2024-12-28,2025-02-03,140.71294559099437,001001000000,1,,,,,,,10660.0,1500000.0,,4.0,0.0
2025-04-01,89:12:000000:7273,Сооружение,1994.0,Гараж,,,1994.0,303.0,,1,Нежилое,12:0,02:071,"Ямало-Ненецкий автономный округ, г Ноябрьск, ГК Пелей-5, блок 37, гараж 20",,,площадь,Купля-продажа,,,2025-02-20,2025-02-26,31313.13131313131,001001000000,1,,,,,,,19.8,620000.0,,4.0,0.0
2025-04-01,89:09:050101:255,Сооружение,2010.0,Верхнее строение пути железнодорожного тупика №116,,,,1022.0,,,7.1. Cооружения железнодорожного транспорта,9:0:1,07:010,"Ямало-Ненецкий автономный округ, г Лабытнанги, микрорайон Обская",,,протяженность,Купля-продажа,89:09:070101:125; 89:09:070101:167,,2025-02-03,2025-03-18,73697.41379310345,001001000000,1,,,,,,,232.0,17097800.0,,4.0,0.0
2025-04-01,89:11:020204:1695,Сооружение,2015.0,"Наружные сети канализации в составе объекта: ""Жилой комплекс в мкр. Созидателей г. Новый Уренгой. ГП1 с паркингом. III этап строительства (секция С3)""",,,2024.0,1017.0,,,10) сооружения коммунального хозяйства,11:0,03:011,"Ямало-Ненецкий автономный округ, городской округ город Новый Уренгой, город Новый Уренгой, микрорайон Созидателей, дом 5/3",,,протяженность,Купля-продажа,89:11:020204:951;89:11:020204:1290;89:11:020204:1294,,2025-01-27,2025-03-25,1834.8623853211009,001001000000,1,,,,,,,109.0,200000.0,,4.0,0.0
2025-08-01,89:09:050101:226,Сооружение,1987.0,Сооружение: Железнодорожный тупик №54,,,,1022.0,,,Нежилое,,,"Ямало-Ненецкий автономный округ, г Лабытнанги, микрорайон Обская",,,протяженность,Купля-продажа,89:09:070101:137,,2025-02-27,2025-04-17,12924.507042253521,001001000000,1,,,,,,,1775.0,22941000.0,,4.0,0.0
2025-08-01,89:05:030806:8203,Сооружение,2024.0,Скважина №6498 Куст № 64,,,,1038.0,,,1.4 Cооружения нефтяных месторождений (нефтяная скважина),,,"Ямало-Ненецкий автономный округ, р-н Пуровский, Новогоднее месторождение",,,глубина,Купля-продажа,89:05:000000:16641,,2025-04-10,2025-04-21,1977684.7981631286,001001000000,1,,,,,,,4475.0,8850139471.78,,4.0,0.0
2025-08-01,89:05:030707:14707,Сооружение,2023.0,Скважина №115 куст №20,,,,1038.0,,,1.4 Cооружения нефтяных месторождений (нефтяная скважина),,,"Ямало-Ненецкий автономный округ, Пуровский район, Средне-Итурское месторождение",,,глубина,Купля-продажа,89:05:030707:11236,,2025-04-10,2025-04-21,1813181.6168367139,001001000000,1,,,,,,,4881.0,8850139471.78,,4.0,0.0
2025-08-01,89:05:030803:13639,Сооружение,2022.0,Скважина № 1206 куст № 143,,,,1038.0,,,1.4. сооружения нефтяных месторождений (нефтяная скважина),,,"Ямало-Ненецкий автономный округ, Пуровский р-н, Вынгаяхинское месторождение",,,глубина,Купля-продажа,89:05:030803:6134; 89:05:030803:7869,,2025-04-10,2025-04-21,2551943.3309630915,001001000000,1,,,,,,,3468.0,8850139471.78,,4.0,0.0
2025-08-01,89:05:030806:8182,Сооружение,2024.0,Скважина №628 Куст № 59,,,,1038.0,,,1.4 Cооружения нефтяных месторождений (нефтяная скважина),,,"Ямало-Ненецкий автономный округ, Пуровский район, Новогоднее месторождение",,,глубина,Купля-продажа,89:05:030806:5321,,2025-04-10,2025-04-21,1959729.7324579274,001001000000,1,,,,,,,4516.0,8850139471.78,,4.0,0.0
2025-08-01,89:05:030810:4593,Сооружение,2024.0,Скважина № 5247 Куст № 311,,,,1038.0,,,1.4 Cооружения нефтяных месторождений (нефтяная скважина),,,"Ямало-Ненецкий автономный округ, Пуровский район, Вынгапуровское месторождение",,,глубина,Купля-продажа,89:05:030810:1823,,2025-04-10,2025-04-21,1995072.017984671,001001000000,1,,,,,,,4436.0,8850139471.78,,4.0,0.0
2025-08-01,89:05:030806:8187,Сооружение,2024.0,Скважина № 2828 Куст № 220,,,,1038.0,,,1.4 Cооружения нефтяных месторождений (нефтяная скважина),,,"Ямало-Ненецкий автономный округ, р-н Пуровский, Вынгапуровское месторождение",,,глубина,Купля-продажа,89:05:030806:4871,,2025-04-10,2025-04-21,2003200.4236713448,001001000000,1,,,,,,,4418.0,8850139471.78,,4.0,0.0
2025-08-01,89:05:030806:8200,Сооружение,2024.0,Скважина №6597 Куст № 83,,,,1038.0,,,1.4 Cооружения нефтяных месторождений (нефтяная скважина),,,"Российская Федерация, Ямало-Ненецкий автономный округ, муниципальный округ Пуровский район Новогоднее месторождение",,,глубина,Купля-продажа,89:05:030806:2933,,2025-04-10,2025-04-21,2072146.9144884103,001001000000,1,,,,,,,4271.0,8850139471.78,,4.0,0.0
2025-08-01,89:05:030806:8194,Сооружение,2024.0,Скважина №2947 куст №223,,,,1038.0,,,1.4 Cооружения нефтяных месторождений (нефтяная скважина),,,"Ямало-Ненецкий автономный округ, р-н Пуровский, Новогоднее месторождение",,,глубина,Купля-продажа,89:05:030806:5598,,2025-04-10,2025-04-21,1952811.0043645191,001001000000,1,,,,,,,4532.0,8850139471.78,,4.0,0.0
2025-08-01,89:05:030807:6012,Сооружение,2024.0,Скважина № 6901 Куст № 69,,,,1038.0,,,1.4 Cооружения нефтяных месторождений (нефтяная скважина),,,"Российская Федерация, Ямало-Ненецкий автономный округ, муниципальный округ Пуровский район, Новогоднее месторождение",,,глубина,Купля-продажа,89:05:030807:4368,,2025-04-10,2025-04-21,1990137.0523454016,001001000000,1,,,,,,,4447.0,8850139471.78,,4.0,0.0
2025-08-01,89:05:030806:8199,Сооружение,2024.0,Скважина №6497 Куст № 64,,,,1038.0,,,1.4 Cооружения нефтяных месторождений (нефтяная скважина),,,"Российская Федерация, Ямало-Ненецкий автономный округ, муниципальный округ Пуровский район, Новогоднее месторождение",,,глубина,Купля-продажа,89:05:000000:16641,,2025-04-10,2025-04-21,2032178.9831871414,001001000000,1,,,,,,,4355.0,8850139471.78,,4.0,0.0
2025-08-01,89:05:030806:8216,Сооружение,2024.0,Скважина №640 Куст № 59,,,,1038.0,,,1.4 Cооружения нефтяных месторождений (нефтяная скважина),,,"Ямало-Ненецкий автономный округ, р-н Пуровский, Новогоднее месторождение",,,глубина,Купля-продажа,89:05:030806:5321,,2025-04-10,2025-04-21,1850332.3169098892,001001000000,1,,,,,,,4783.0,8850139471.78,,4.0,0.0
2025-08-01,89:05:030806:8209,Сооружение,2024.0,Скважина №6598 Куст № 83,,,,1038.0,,,1.4 Cооружения нефтяных месторождений (нефтяная скважина),,,"Ямало-Ненецкий автономный округ, Пуровский район, Новогоднее месторождение",,,глубина,Купля-продажа,89:05:030806:2932,,2025-04-10,2025-04-21,1960598.0221045637,001001000000,1,,,,,,,4514.0,8850139471.78,,4.0,0.0
2025-08-01,89:05:030803:13849,Сооружение,2024.0,Скважина № 6003 Куст № 56,,,,1038.0,,,1.4 Cооружения нефтяных месторождений (нефтяная скважина),,,"Ямало-Ненецкий автономный округ, р-н Пуровский, Вынгаяхинское месторождение",,,глубина,Купля-продажа,89:05:030803:13777,,2025-04-10,2025-04-21,1952811.0043645191,001001000000,1,,,,,,,4532.0,8850139471.78,,4.0,0.0
2025-08-01,89:05:030807:6018,Сооружение,2024.0,Скважина № 6903 Куст № 69,,,,1038.0,,,1.4 Cооружения нефтяных месторождений (нефтяная скважина),,,"Ямало-Ненецкий автономный округ, р-н Пуровский, Новогоднее месторождение",,,глубина,Купля-продажа,89:05:030807:4368,,2025-04-10,2025-04-21,1875426.8853104473,001001000000,1,,,,,,,4719.0,8850139471.78,,4.0,0.0
2025-08-01,89:05:030806:8207,Сооружение,2024.0,Скважина №6519 Куст № 64,,,,1038.0,,,1.4 Cооружения нефтяных месторождений (нефтяная скважина),,,"Ямало-Ненецкий автономный округ, Пуровский район, Новогоднее месторождение",,,глубина,Купля-продажа,89:05:000000:16641,,2025-04-10,2025-04-21,1833465.811431531,001001000000,1,,,,,,,4827.0,8850139471.78,,4.0,0.0
2025-08-01,89:05:030806:8202,Сооружение,2024.0,Скважина № 6102 Куст № 23,,,,1038.0,,,1.4 Cооружения нефтяных месторождений (нефтяная скважина),,,"Ямало-Ненецкий автономный округ, р-н Пуровский, Вынгапуровское месторождение",,,глубина,Купля-продажа,89:05:030806:5129,,2025-04-10,2025-04-21,2237709.095266751,001001000000,1,,,,,,,3955.0,8850139471.78,,4.0,0.0
2025-08-01,89:05:030806:8204,Сооружение,2024.0,Скважина №2948 куст №223,,,,1038.0,,,1.4 Cооружения нефтяных месторождений (нефтяная скважина),,,"Ямало-Ненецкий автономный округ, р-н Пуровский, Новогоднее месторождение",,,глубина,Купля-продажа,89:05:030806:5598,,2025-04-10,2025-04-21,1839945.8361288982,001001000000,1,,,,,,,4810.0,8850139471.78,,4.0,0.0
2025-08-01,89:05:030803:13835,Сооружение,2024.0,Скважина № 6001 Куст № 56,,,,1038.0,,,1.4 Cооружения нефтяных месторождений (нефтяная скважина),,,"Ямало-Ненецкий автономный округ, р-н Пуровский, Вынгаяхинское месторождение",,,глубина,Купля-продажа,89:05:030803:3533,,2025-04-10,2025-04-21,2015517.984919153,001001000000,1,,,,,,,4391.0,8850139471.78,,4.0,0.0
2025-08-01,89:05:030704:1005,Сооружение,2023.0,Скважина №2991 куст №79,,,,1038.0,,,1.4 Cооружения нефтяных месторождений (нефтяная скважина),,,"Российская Федерация, Ямало-Ненецкий автономный округ, р-н Пуровский, Сугмутское месторождение",,,глубина,Купля-продажа,89:05:030704:851,,2025-04-10,2025-04-21,2190628.5821237625,001001000000,1,,,,,,,4040.0,8850139471.78,,4.0,0.0
2025-08-01,89:04:020802:467,Сооружение,2023.0,Скважина № 1059 Куст № 1,,,,1038.0,,,1.4 Cооружения нефтяных месторождений (нефтяная скважина),,,"Ямало-Ненецкий автономный округ, Надымский район, Сугмутское месторождение",,,глубина,Купля-продажа,89:04:000000:3884,,2025-04-10,2025-04-21,2143409.8987115524,001001000000,1,,,,,,,4129.0,8850139471.78,,4.0,0.0
2025-08-01,89:05:030803:13638,Сооружение,2022.0,Скважина №2251 Куст №143Б,,,,1038.0,,,1.4. сооружения нефтяных месторождений (нефтяная скважина),,,"Ямало-Ненецкий автономный округ, Пуровский р-н, Вынгаяхинское месторождение",,,глубина,Купля-продажа,89:05:000000:17934; 89:05:030803:6134,,2025-04-10,2025-04-21,1989689.6294469426,001001000000,1,,,,,,,4448.0,8850139471.78,,4.0,0.0
2025-08-01,89:05:030704:1002,Сооружение,2022.0,Скважина № 3237 Куст № 86,,,,1038.0,,,1.4 Cооружения нефтяных месторождений (нефтяная скважина),,,"Ямало-Ненецкий автономный округ, Пуровский район, Сугмутское месторождение",,,глубина,Купля-продажа,89:05:030704:282,,2025-04-10,2025-04-21,2146529.0981760854,001001000000,1,,,,,,,4123.0,8850139471.78,,4.0,0.0
2025-08-01,89:05:030701:30684,Сооружение,2024.0,Скважина № 6443 Куст № 7,,,,1038.0,,,1.4 Cооружения нефтяных месторождений (нефтяная скважина),,,"Ямало-Ненецкий автономный округ, р-н Пуровский, Крайнее месторождение",,,глубина,Купля-продажа,89:05:030701:30177,,2025-04-10,2025-04-21,1984336.2044349778,001001000000,1,,,,,,,4460.0,8850139471.78,,4.0,0.0
2025-08-01,89:05:030809:11864,Сооружение,2024.0,Скважина № 6655 Куст № 99,,,,1038.0,,,1.4 Cооружения нефтяных месторождений (нефтяная скважина),,,"Российская Федерация, Ямало-Ненецкий автономный округ, муниципальный округ Пуровский район, Вынгапуровское месторождение",,,глубина,Купля-продажа,89:05:030809:7807,,2025-04-10,2025-04-21,2166496.8107172586,001001000000,1,,,,,,,4085.0,8850139471.78,,4.0,0.0
2025-08-01,89:05:030806:8196,Сооружение,2024.0,Скважина № 6101 Куст № 23,,,,1038.0,,,1.4 Cооружения нефтяных месторождений (нефтяная скважина),,,"Ямало-Ненецкий автономный округ, р-н Пуровский, Вынгапуровское месторождение",,,глубина,Купля-продажа,89:05:030806:5129,,2025-04-10,2025-04-21,2082385.7580658826,001001000000,1,,,,,,,4250.0,8850139471.78,,4.0,0.0
2025-08-01,89:05:030809:11862,Сооружение,2024.0,Скважина № 6654 Куст № 99,,,,1038.0,,,1.4 Cооружения нефтяных месторождений (нефтяная скважина),,,"Ямало-Ненецкий автономный округ, р-н Пуровский, Вынгапуровское месторождение",,,глубина,Купля-продажа,89:05:030809:7807,,2025-04-10,2025-04-21,2017355.7036197858,001001000000,1,,,,,,,4387.0,8850139471.78,,4.0,0.0
2025-08-01,89:05:030807:5979,Сооружение,2023.0,Скважина №2014 куст №396,,,,1038.0,,,1.4 Cооружения нефтяных месторождений (нефтяная скважина),,,"Ямало-Ненецкий автономный округ, Пуровский район, Вынгапуровское месторождение",,,глубина,Купля-продажа,89:05:030807:4619,,2025-04-10,2025-04-21,2036387.3612011047,001001000000,1,,,,,,,4346.0,8850139471.78,,4.0,0.0
2025-08-01,89:05:030806:8023,Сооружение,2023.0,Скважина №619 куст №34,,,,1038.0,,,1.4 Cооружения нефтяных месторождений (нефтяная скважина),,,"Российская Федерация, Ямало-Ненецкий автономный округ, Пуровский район, Вынгапуровское месторождение",,,глубина,Купля-продажа,89:05:000000:15388;89:05:030806:4675,,2025-04-10,2025-04-21,1958862.2115493582,001001000000,1,,,,,,,4518.0,8850139471.78,,4.0,0.0
2025-08-01,89:05:030809:11858,Сооружение,2024.0,Скважина № 6049 Куст № 46,,,,1038.0,,,1.4 Cооружения нефтяных месторождений (нефтяная скважина),,,"Ямало-Ненецкий автономный округ, Пуровский район, Вынгапуровское месторождение",,,глубина,Купля-продажа,89:05:030809:7164,,2025-04-10,2025-04-21,1925617.8137032203,001001000000,1,,,,,,,4596.0,8850139471.78,,4.0,0.0
2025-08-01,89:05:030807:6013,Сооружение,2024.0,Скважина № 7403 Куст № 74,,,,1038.0,,,1.4 Cооружения нефтяных месторождений (нефтяная скважина),,,"Ямало-Ненецкий автономный округ, р-н Пуровский, Новогоднее месторождение",,,глубина,Купля-продажа,89:05:030807:3930,,2025-04-10,2025-04-21,1871461.085172341,001001000000,1,,,,,,,4729.0,8850139471.78,,4.0,0.0
2025-08-01,89:05:030806:8197,Сооружение,2024.0,Скважина №6641 Куст №99,,,,1038.0,,,1.4 Cооружения нефтяных месторождений (нефтяная скважина),,,"Ямало-Ненецкий автономный округ, р-н Пуровский, Новогоднее месторождение",,,глубина,Купля-продажа,89:05:030806:3004,,2025-04-10,2025-04-21,1812438.9661642434,001001000000,1,,,,,,,4883.0,8850139471.78,,4.0,0.0
2025-08-01,89:05:030807:6011,Сооружение,2024.0,Скважина № 7402 Куст № 74,,,,1038.0,,,1.4 Cооружения нефтяных месторождений (нефтяная скважина),,,"Ямало-Ненецкий автономный округ, р-н Пуровский, Новогоднее месторождение",,,глубина,Купля-продажа,89:05:030807:3930,,2025-04-10,2025-04-21,1882607.8433907682,001001000000,1,,,,,,,4701.0,8850139471.78,,4.0,0.0
2025-08-01,89:05:030806:8191,Сооружение,2024.0,Скважина №6640 Куст №99,,,,1038.0,,,1.4 Cооружения нефтяных месторождений (нефтяная скважина),,,"Ямало-Ненецкий автономный округ, р-н Пуровский, Новогоднее месторождение",,,глубина,Купля-продажа,89:05:030806:3005,,2025-04-10,2025-04-21,1923943.3634304348,001001000000,1,,,,,,,4600.0,8850139471.78,,4.0,0.0
2025-08-01,89:05:030806:8193,Сооружение,2024.0,Скважина №6495 Куст № 64,,,,1038.0,,,1.4 Cооружения нефтяных месторождений (нефтяная скважина),,,"Ямало-Ненецкий автономный округ, р-н Пуровский, Новогоднее месторождение",,,глубина,Купля-продажа,89:05:000000:16641,,2025-04-10,2025-04-21,1946797.068143423,001001000000,1,,,,,,,4546.0,8850139471.78,,4.0,0.0
2025-08-01,89:05:030803:13574,Сооружение,2022.0,Скважина № 125 куст № 12А,,,,1038.0,,,1.4. сооружения нефтяных месторождений (нефтяная скважина),,,"Ямало-Ненецкий автономный округ, р-н Пуровский, Вынгаяхинское месторождение",,,глубина,Купля-продажа,89:05:030803:8017,,2025-04-10,2025-04-22,196737.0042734624,001001000000,1,,,,,,,4081.0,802883714.44,,4.0,0.0
2025-08-01,89:05:030807:6014,Сооружение,2024.0,Скважина № 6902 Куст № 69,,,,1038.0,,,1.4 Cооружения нефтяных месторождений (нефтяная скважина),,,"Ямало-Ненецкий автономный округ, р-н Пуровский, Новогоднее месторождение",,,глубина,Купля-продажа,89:05:030807:4368,,2025-04-10,2025-04-22,1889440.5362467978,001001000000,1,,,,,,,4684.0,8850139471.78,,4.0,0.0
2025-08-01,89:05:030806:8198,Сооружение,2024.0,Скважина №2826 куст №220,,,,1038.0,,,1.4 Cооружения нефтяных месторождений (нефтяная скважина),,,"Ямало-Ненецкий автономный округ, р-н Пуровский, Вынгапуровское месторождение",,,глубина,Купля-продажа,89:05:030806:4871,,2025-04-10,2025-04-22,1874235.3815713683,001001000000,1,,,,,,,4722.0,8850139471.78,,4.0,0.0
2025-08-01,89:05:030806:8208,Сооружение,2024.0,Скважина №6642 Куст №99,,,,1038.0,,,1.4 Cооружения нефтяных месторождений (нефтяная скважина),,,"Ямало-Ненецкий автономный округ, Пуровский район, Новогоднее месторождение",,,глубина,Купля-продажа,89:05:030806:3004,,2025-04-10,2025-04-22,1899579.1954883023,001001000000,1,,,,,,,4659.0,8850139471.78,,4.0,0.0
2025-08-01,89:05:030806:8217,Сооружение,2024.0,Скважина №2949 куст №223,,,,1038.0,,,1.4 Cооружения нефтяных месторождений (нефтяная скважина),,,"Ямало-Ненецкий автономный округ, р-н Пуровский, Новогоднее месторождение",,,глубина,Купля-продажа,89:05:030806:5598,,2025-04-10,2025-04-22,1874632.3812285534,001001000000,1,,,,,,,4721.0,8850139471.78,,4.0,0.0
2025-08-01,89:05:030806:8211,Сооружение,2024.0,Скважина № 6103 Куст № 23,,,,1038.0,,,1.4 Cооружения нефтяных месторождений (нефтяная скважина),,,"Ямало-Ненецкий автономный округ, Пуровский район, Вынгапуровское месторождение",,,глубина,Купля-продажа,89:05:030806:5129,,2025-04-10,2025-04-22,2055781.526545877,001001000000,1,,,,,,,4305.0,8850139471.78,,4.0,0.0
2025-08-01,89:05:030807:6017,Сооружение,2024.0,Скважина № 7404 Куст № 74,,,,1038.0,,,1.4 Cооружения нефтяных месторождений (нефтяная скважина),,,"Ямало-Ненецкий автономный округ, р-н Пуровский, Новогоднее месторождение",,,глубина,Купля-продажа,89:05:030807:3930,,2025-04-10,2025-04-22,1914371.5059009304,001001000000,1,,,,,,,4623.0,8850139471.78,,4.0,0.0
2025-08-01,89:05:030810:4594,Сооружение,2024.0,Скважина № 5248 Куст № 311,,,,1038.0,,,1.4 Cооружения нефтяных месторождений (нефтяная скважина),,,"Ямало-Ненецкий автономный округ, Пуровский район, Вынгапуровское месторождение",,,глубина,Купля-продажа,89:05:030810:1823,,2025-04-10,2025-04-22,1978126.8376799286,001001000000,1,,,,,,,4474.0,8850139471.78,,4.0,0.0
2025-08-01,89:05:030809:11866,Сооружение,2024.0,Скважина № 1063 Куст № 53,,,,1038.0,,,1.4 Cооружения нефтяных месторождений (нефтяная скважина),,,"Ямало-Ненецкий автономный округ, Пуровский район, Вынгапуровское месторождение",,,глубина,Купля-продажа,89:05:030809:7781,,2025-04-10,2025-04-22,1863187.2572168421,001001000000,1,,,,,,,4750.0,8850139471.78,,4.0,0.0
2025-08-01,89:05:030803:13597,Сооружение,2022.0,Скважина № 2535 куст № 82,,,,1038.0,,,1.4. сооружения нефтяных месторождений (нефтяная скважина),,,"Ямало-Ненецкий автономный округ, р-н Пуровский, Вынгаяхинское месторождение",,,глубина,Купля-продажа,89:05:030803:7077,,2025-04-10,2025-04-22,197754.6094679803,001001000000,1,,,,,,,4060.0,802883714.44,,4.0,0.0
2025-08-01,89:05:030803:13537,Сооружение,2022.0,Скважина № 1153 куст № 141,,,,1038.0,,,1.4. сооружения нефтяных месторождений (нефтяная скважина),,,"Ямало-Ненецкий автономный округ, Пуровский р-н, Вынгаяхинское месторождение",,,глубина,Купля-продажа,89:05:030803:8066,,2025-04-10,2025-04-22,190347.0162256994,001001000000,1,,,,,,,4218.0,802883714.44,,4.0,0.0
2025-08-01,89:05:030803:13491,Сооружение,2022.0,Скважина № 1941 куст № 25В,,,,1038.0,,,1.4. сооружения нефтяных месторождений (нефтяная скважина),,,"Ямало-Ненецкий автономный округ, Пуровский р-н, Вынгаяхинское месторождение",,,глубина,Купля-продажа,89:05:030803:6881,,2025-04-10,2025-04-22,196688.80804507594,001001000000,1,,,,,,,4082.0,802883714.44,,4.0,0.0
2025-08-01,89:05:010310:12766,Сооружение,2015.0,ВЛ-10кВ,,,,1011.0,,,электроснабжение,,,"Ямало-Ненецкий автономный округ, р-н Пуровский, ст Фарафонтьевская, производственная база ООО ""РуссИнтегралНефтеСнаб""",,,протяженность,Купля-продажа,89:05:010310:9131,,2025-05-13,2025-05-26,61381.07416879795,001001000000,1,,,,,,,1955.0,120000000.0,,4.0,0.0
2025-08-01,89:05:010310:11845,Сооружение,2008.0,Подъездной железнодорожный путь №14,,,,1022.0,,,сооружения транспорта,,,"Ямало-Ненецкий автономный округ, р-н Пуровский, ст Фарафонтьевская",,,протяженность,Купля-продажа,89:05:010310:9130,,2025-05-13,2025-05-26,423579.2446170137,001001000000,1,,,,,,,283.3,120000000.0,,4.0,0.0
2025-08-01,89:05:010310:11957,Сооружение,2008.0,"Трансформаторная подстанция КТПН-160 КВА-10/0,4",,,,706.0,,,производственное,,,"Ямало-Ненецкий автономный округ, р-н Пуровский, ст Фарафонтьевская",,,площадь,Купля-продажа,89:05:010310:9131,,2025-05-13,2025-05-26,4811661.993482481,001001000000,1,,,,,,,22.4,120000000.0,Выброс,4.0,0.0
2025-08-01,89:05:010310:12016,Сооружение,2015.0,Резервуарный парк на 5 емкостей (общий V=1600 куб.м.),,,,1007.0,,,Резервуарный парк на 5 емкостей (общий V=1600 куб.м.),,,"Ямало-Ненецкий автономный округ, р-н Пуровский, ст Фарафонтьевская, производственная база ООО ""Автотехстрой""",,,площадь,Купля-продажа,89:05:010310:9131,,2025-05-13,2025-05-27,166666.66666666666,001001000000,1,,,,,,,720.0,120000000.0,,4.0,0.0
2025-08-01,89:05:010310:12491,Сооружение,2004.0,Парк ГСМ №1,,,,1031.0,,,Парк ГСМ № 1,,,"Ямало-Ненецкий автономный округ, р-н Пуровский, ст Фарафонтьевская",,,площадь,Купля-продажа,89:05:010310:9131,,2025-05-13,2025-05-27,24365.976974151763,001001000000,1,,,,,,,4924.9,120000000.0,,4.0,0.0
2025-08-01,89:05:010310:11831,Сооружение,2004.0,Водяная артезианская скважина,,,,1033.0,,,производственное,,,"Ямало-Ненецкий автономный округ, р-н Пуровский, ст Фарафонтьевская",,,глубина,Купля-продажа,89:05:010310:9127,,2025-05-13,2025-05-27,1043478.2608695652,001001000000,1,,,,,,,115.0,120000000.0,,4.0,0.0
2025-08-01,89:05:010310:12098,Сооружение,2015.0,Ж/д наливная эстакада на 5 стояков налива,,,,1006.0,,,Ж/д наливная эстакада на 5 стояков налива,,,"Ямало-Ненецкий автономный округ, р-н Пуровский, ст Фарафонтьевская, производственная база ООО ""Автотехстрой""",,,протяженность,Купля-продажа,89:05:010310:491,,2025-05-13,2025-05-27,2000000.0,001001000000,1,,,,,,,60.0,120000000.0,,4.0,0.0
2025-08-01,89:05:010310:12013,Сооружение,2006.0,Автосливная эстакада с двумя раздельными ёмкостями по 18 куб.м.,,,,1006.0,,,Автосливная эстакада с двумя разделительными емкостями по 18 куб.м,,,"Ямало-Ненецкий автономный округ, р-н Пуровский, ст Фарафонтьевская, производственная база ООО ""Автотехстрой""",,,площадь застройки,Купля-продажа,89:05:010310:9131,,2025-05-13,2025-05-27,138888.88888888888,001001000000,1,,,,,,,864.0,120000000.0,,4.0,0.0
2025-08-01,89:05:010310:11912,Сооружение,2008.0,Подъездной ж/д путь №20,,,,1022.0,,,нежилое,,,"Ямало-Ненецкий автономный округ, р-н Пуровский, ст Фарафонтьевская",,,протяженность,Купля-продажа,89:05:010310:9127,,2025-05-13,2025-05-27,169061.707523246,001001000000,1,,,,,,,709.8,120000000.0,,4.0,0.0
2025-08-01,89:05:010310:11885,Сооружение,2008.0,Автодорога,,,,1031.0,,,нежилое,,,"Ямало-Ненецкий автономный округ, р-н Пуровский, ст Фарафонтьевская",,,протяженность,Купля-продажа,89:05:010310:491,,2025-05-13,2025-05-27,32842.98251748252,001001000000,1,,,,,,,572.0,18786186.0,,4.0,0.0
2025-08-01,89:04:011201:1075,Сооружение,1988.0,Газораспределительный пункт Ямбург-Тула 1,,,,714.0,,1,Нежилое,,,"Ямало-Ненецкий автономный округ, р-н Надымский, п Правохеттинский, ул Газовиков",,,площадь,Купля-продажа,89:04:011201:566;89:04:011201:515;89:04:011201:3269,,2025-04-30,2025-06-06,160941.95757575755,001001000000,1,,,,,,,16.5,2655542.3,,4.0,0.0
2025-11-01,89:05:030701:30549,Сооружение,2024.0,Скважина №5408 куст №68,,,,1038.0,,,1.4 Cооружения нефтяных месторождений (нефтяная скважина),,,"Ямало-Ненецкий автономный округ, Пуровский район, Крайнее месторождение",,,глубина,Купля-продажа,89:05:030701:19265,,2025-06-30,2025-07-14,3351.146737920285,001001000000,1,,,,,,,4491.0,15050000.0,,4.0,0.0
2025-11-01,89:05:030810:4597,Сооружение,2024.0,Скважина № 5249 Куст № 311,,,,1038.0,,,1.4 Cооружения нефтяных месторождений (нефтяная скважина),,,"Ямало-Ненецкий автономный округ, Пуровский район, Вынгапуровское месторождение",,,глубина,Купля-продажа,89:05:030810:1823,,2025-06-30,2025-07-14,532184.9093999548,001001000000,1,,,,,,,4433.0,2359175703.37,,4.0,0.0
2025-11-01,89:11:030101:1528,Сооружение,1987.0,сооружение: Зона консервации,,,,1031.0,,,Нежилое,,,"Ямало-Ненецкий автономный округ, г Новый Уренгой, Восточная промзона",,,площадь,Купля-продажа,89:11:030102:97,,2025-05-13,2025-08-04,9752.260533413246,001001000000,1,,,,,,,6340.3,61832257.46,,4.0,0.0
2025-11-01,89:11:070101:3324,Сооружение,1988.0,Магистральный мазутопровод (инв.№ 411000024002-3),,,,1027.0,,,нежилое,,,"Ямало-Ненецкий автономный округ, г Новый Уренгой, район Лимбяяха",,,протяженность,Купля-продажа,89:11:070101:2442; 89:11:070101:2459,,2025-08-20,2025-09-11,13508.57438016529,001001000000,1,,,,,,,968.0,13076300.0,,4.0,0.0
2025-11-01,89:11:070101:3601,Сооружение,1988.0,Внутриплощадочные железнодорожные пути(путь № 5-6),,,,1022.0,,,нежилое,,,"Ямало-Ненецкий автономный округ, г Новый Уренгой, жилрайон Лимбяяха",,,протяженность,Купля-продажа,89:11:070101:2438;89:11:070101:2458;89:11:070101:3574;89:11:070101:3583;89:11:070101:3837,,2025-08-20,2025-09-11,8051.908866995074,001001000000,1,,,,,,,1624.0,13076300.0,,4.0,0.0
2025-11-01,89:11:070101:2494,Сооружение,1987.0,сооружение: Противопожарный резервуар №2,,,,1007.0,,1,9) иные Cооружения производственного назначения,,,"Ямало-Ненецкий автономный округ, г Новый Уренгой, пос. Лимбяяха",,,объем,Купля-продажа,89:11:070101:2442,,2025-08-20,2025-09-11,21793.833333333332,001001000000,1,,,,,,,600.0,13076300.0,,4.0,0.0
2025-11-01,89:11:070101:2492,Сооружение,1987.0,сооружение: Противопожарный резервуар №1,,,,1007.0,,1,9) иные Cооружения производственного назначения,,,"Ямало-Ненецкий автономный округ, г Новый Уренгой, пос Лимбяяха",,,объем,Купля-продажа,89:11:070101:2442,,2025-08-20,2025-09-11,21793.833333333332,001001000000,1,,,,,,,600.0,13076300.0,,4.0,0.0
2025-11-01,89:11:070101:2582,Сооружение,1987.0,сооружение: Сооружение слива и приема мазута,,,,1048.0,,,9) иные Cооружения производственного назначения,,,"Ямало-Ненецкий автономный округ, г Новый Уренгой, пос. Лимбяяха",,,протяженность,Купля-продажа,89:11:070101:2442,,2025-08-20,2025-09-11,90181.37931034483,001001000000,1,,,,,,,145.0,13076300.0,,4.0,0.0
2025-11-01,89:11:070101:2491,Сооружение,1987.0,сооружение: Резервуар жидкого топлива №2,,,,1007.0,,1,9) иные Cооружения производственного назначения,,,"Ямало-Ненецкий автономный округ, г Новый Уренгой, пос Лимбяяха",,,объем,Купля-продажа,89:11:070101:2442,,2025-08-20,2025-09-11,4358.766666666666,001001000000,1,,,,,,,3000.0,13076300.0,,4.0,0.0
2025-11-01,89:11:070101:3321,Сооружение,1988.0,Резервуар подземный для слива мазута (инв.№ 411000024002-2),,,,1007.0,,,нежилое,,,"Ямало-Ненецкий автономный округ, г Новый Уренгой, район Лимбяяха",,,объем,Купля-продажа,89:11:070101:2442,,2025-08-20,2025-09-11,77835.11904761905,001001000000,1,,,,,,,168.0,13076300.0,,4.0,0.0
2025-11-01,89:11:070101:1123,Сооружение,1987.0,Резервуар жидкого топлива №1,,,,1007.0,,1,9) иные Cооружения производственного назначения,,,"Ямало-Ненецкий автономный округ, г Новый Уренгой, жилрайон Лимбяяха",,,объем,Купля-продажа,89:11:070101:2442,,2025-08-20,2025-09-11,4358.766666666666,001001000000,1,,,,,,,3000.0,13076300.0,,4.0,0.0
2026-01-01,89:11:030101:746,Сооружение,2003.0,"Внеплощадочный газопровод Р-0,6МПа",,,,1012.0,,,нежилое,,,"Ямало-Ненецкий автономный округ, г Новый Уренгой, Северо-Восточная промзона",,,протяженность,Купля-продажа,,,2025-08-05,2025-10-01,28054.246575342466,Собственность,1,,,,,,,1825.0,51199000.0,,4.0,0.0
2026-01-01,89:11:030103:396,Сооружение,2014.0,"Объект вспомогательного использования здание, ""склад""",,,,723.0,,1,Нежилое,,,"Ямало-Ненецкий автономный округ, г Новый Уренгой, Восточная промзона, ул. Промысловая, 29",,,площадь,Купля-продажа,89:11:030103:85,,2025-08-05,2025-10-01,51199.0,Собственность,1,,,,,,,1000.0,51199000.0,,4.0,0.0
2026-01-01,89:05:010310:20042,Сооружение,2023.0,Холодный склад № 6,,,,723.0,,,9. Иные сооружения производственного назначения,,,"Ямало-Ненецкий автономный округ, городской округ город Новый Уренгой, город Новый Уренгой, проезд Крановщиков, строение 21/1",,,площадь,Купля-продажа,89:05:010310:20503,,2025-10-23,2025-10-28,2083.3333333333335,Собственность,1,,,,,,,48.0,100000.0,,4.0,0.0
2026-01-01,89:05:010310:20037,Сооружение,2023.0,Холодный склад № 5,,,,723.0,,,9. Иные сооружения производственного назначения,,,"Ямало-Ненецкий автономный округ, городской округ город Новый Уренгой, город Новый Уренгой, проезд Крановщиков, строение 21/2",,,площадь,Купля-продажа,89:05:010310:20503,,2025-10-23,2025-10-28,2865.329512893983,Собственность,1,,,,,,,34.9,100000.0,,4.0,0.0
2026-01-01,89:05:000000:12379,Сооружение,2004.0,Технологические трубопроводы,,,,1048.0,,,Нежилое,,,"Ямало-Ненецкий автономный округ, р-н Пуровский, ст. Фарафонтьевская, производственная база ООО НАФАПАЛ-Нефтехимпродукт",,,протяженность,Купля-продажа,89:05:010310:9831,,2025-11-05,2025-11-14,650000.0,Собственность,1,,,,,,,180.0,117000000.0,,4.0,0.0
2026-01-01,89:05:010310:11989,Сооружение,2004.0,Площадка налива ГСМ в автоцистерны,,,,1031.0,,,Производственное,,,"Ямало-Ненецкий автономный округ, р-н Пуровский, ст Фарафонтьевская, Производственная база ООО Нафапал-Нефтехимпродукт",,,площадь,Купля-продажа,,,2025-11-05,2025-11-14,975000.0,Собственность,1,,,,,,,120.0,117000000.0,,4.0,0.0
2026-01-01,89:05:010310:11958,Сооружение,2004.0,Внутриплощадочные сети и водопровод,,,,1016.0,,,нежилое,,,"Ямало-Ненецкий автономный округ, р-н Пуровский, ст Фарафонтьевская, Производственная база ООО НАФАПАЛ",,,протяженность,Купля-продажа,,,2025-11-05,2025-11-14,171303.07467057102,Собственность,1,,,,,,,683.0,117000000.0,,4.0,0.0
2026-01-01,89:05:010310:11773,Сооружение,2004.0,Насосная оборотного водоснабжения,,,,715.0,,,Промышленное,,,"Ямало-Ненецкий автономный округ, р-н Пуровский, ст Фарафонтьевская, Производственная база ООО НАФАПАЛ",,,площадь,Купля-продажа,,,2025-11-05,2025-11-14,3471810.0890207714,Собственность,1,,,,,,,33.7,117000000.0,,4.0,0.0
2026-01-01,89:05:010310:12820,Сооружение,1997.0,Пожарный водопровод,,,,1016.0,,,по назначению,,,"Ямало-Ненецкий автономный округ, р-н Пуровский, ст. Фарафонтьевская, промбаза ООО НАФАПАЛ-Нефтехимпродукт",,,протяженность,Купля-продажа,,,2025-11-05,2025-11-14,520000.0,Собственность,1,,,,,,,225.0,117000000.0,,4.0,0.0
2026-01-01,89:05:010310:11900,Сооружение,2004.0,Дороги автомобильные с переходным типом облегченного покрытия,,,,1031.0,,,нежилое,,,"Ямало-Ненецкий автономный округ, р-н Пуровский, ст Фарафонтьевская, Производственная база ООО НАФАПАЛ",,,протяженность,Купля-продажа,,,2025-11-05,2025-11-14,487500.0,Собственность,1,,,,,,,240.0,117000000.0,,4.0,0.0
2026-01-01,89:05:010310:11931,Сооружение,2004.0,Автоэстакада слива ГСМ,,,,1006.0,,,нежилое,,,"Ямало-Ненецкий автономный округ, р-н Пуровский, ст Фарафонтьевская, Производственная база ООО НАФАПАЛ-Нефтехимпродукт",,,объем,Купля-продажа,,,2025-11-05,2025-11-14,58500.0,Собственность,1,,,,,,,2000.0,117000000.0,,4.0,0.0
2026-01-01,89:05:010310:11987,Сооружение,1984.0,Автодорога,,,,1031.0,,,Производственное,,,"Ямало-Ненецкий автономный округ, р-н Пуровский, ст Фарафонтьевская, Промбаза ООО Нафапал-Нефтехимпродукт",,,протяженность,Купля-продажа,,,2025-11-05,2025-11-14,66288.95184135977,Собственность,1,,,,,,,1765.0,117000000.0,,4.0,0.0
2026-01-01,89:05:010310:11775,Сооружение,2009.0,"База ГСМ железнодорожная емкостью 2400 куб.м. и метанола 2000 куб.м. (II очередь), шифр 292-10/10-2008/31",,,,704.0,,,"База ГСМ железнодорожная емкостью 2400м3 и метанола 2000м3 (II очередь), шифр 292-10/10-2008/31",,,"Ямало-Ненецкий автономный округ, р-н Пуровский, станция Фарафонтьевская, промбаза ООО ""НАФАПАЛ-Нефтехимпродукт""",,,площадь застройки,Купля-продажа,,,2025-11-05,2025-11-14,113284.2757552285,Собственность,1,,,,,,,1032.8,117000000.0,,4.0,0.0
2026-01-01,89:05:010310:12811,Сооружение,2004.0,Резервуары противопожарного запаса воды,,,,1007.0,,нет,производственное,,,"Ямало-Ненецкий автономный округ, р-н Пуровский, ст. Фарафонтьевская, производственная база ООО НАФАПАЛ-Нефтехимпродукт",,,площадь,Купля-продажа,,,2025-11-05,2025-11-14,893129.7709923664,Собственность,1,,,,,,,131.0,117000000.0,,4.0,0.0
2026-01-01,89:05:010310:11926,Сооружение,1990.0,Воздушная линия передач 10 кВ,,,,1011.0,,,нежилое,,,"Ямало-Ненецкий автономный округ, р-н Пуровский, ст Фарафонтьевская, Промбаза ООО НАФПАЛ-Нефтехимпродукт",,,протяженность,Купля-продажа,,,2025-11-05,2025-11-14,43333.333333333336,Собственность,1,,,,,,,2700.0,117000000.0,,4.0,0.0
2026-01-01,89:12:000000:9066,Сооружение,1992.0,Благоустройство территории,,,,1031.0,,нет,Нежилое,,,"Ямало-Ненецкий автономный округ, г Ноябрьск, промузел Пелей, панель 11",,,площадь,Купля-продажа,89:12:111111:49,,2025-11-14,2025-11-17,32437.348423605497,Собственность,1,,,,,,,1979.2,64200000.0,,4.0,0.0
2026-01-01,89:12:000000:7240,Сооружение,1983.0,Сооружение: Внутриплощадочные сети электропередач,,,,1011.0,,,Нежилое,,,"Ямало-Ненецкий автономный округ, г Ноябрьск, промузел Пелей, панель XI",,,протяженность,Купля-продажа,89:12:111111:49,,2025-11-14,2025-11-17,156585.36585365853,Собственность,1,,,,,,,410.0,64200000.0,,4.0,0.0
2026-01-01,89:12:000000:7114,Сооружение,1983.0,Сооружение: Сети теплоснабжения,,,,1015.0,,,Нежилое,,,"Ямало-Ненецкий автономный округ, г Ноябрьск, промузел Пелей, панель 11",,,протяженность,Купля-продажа,89:12:111111:49,,2025-11-14,2025-11-17,65476.79755226925,Собственность,1,,,,,,,980.5,64200000.0,,4.0,0.0
2026-01-01,89:12:000000:7116,Сооружение,1983.0,Сооружение: Внутриплощадочные сети,,,,1020.0,,,Нежилое,,,"Ямало-Ненецкий автономный округ, г Ноябрьск, промузел Пелей, панель 11",,,протяженность,Купля-продажа,89:12:111111:49,,2025-11-14,2025-11-17,270315.7894736842,Собственность,1,,,,,,,237.5,64200000.0,,4.0,0.0
2026-01-01,89:12:000000:7115,Сооружение,1983.0,Сооружение: Ограждение территории,,,,1036.0,,,Нежилое,,,"Ямало-Ненецкий автономный округ, г Ноябрьск, промузел Пелей, панель 11",,,протяженность,Купля-продажа,89:12:111111:49,,2025-11-14,2025-11-17,92082.61617900172,Собственность,1,,,,,,,697.2,64200000.0,,4.0,0.0
2026-01-04,89:06:030402:853,Сооружение,2023.0,Технологическая установка №1: Сепаратор газовый входной,,,,1030.0,,1,7.7. сооружения трубопроводного транспорта,,,"Ямало-Ненецкий автономный округ, м.о. Тазовский район, тер Северо-Соленинское ГКМ",,,Площадь,Купля-продажа,,,2026-03-05,2026-03-17,1688768.9708333332,001001000000,1,,,,,,,24.0,40530455.3,,4.0,0.0
2026-01-04,89:06:030402:854,Сооружение,2023.0,Технологическая установка №2: Компрессорная установка №2,,,,715.0,,1,иное сооружение,,,"Ямало-Ненецкий автономный округ, муниципальный округ Тазовский район, Северо-Соленинское ГКМ",,,Площадь,Купля-продажа,,,2026-03-05,2026-03-18,3804157.37729196,001001000000,1,,,,,,,70.9,269714758.05,,4.0,0.0
2026-01-04,89:06:030402:861,Сооружение,2023.0,Технологическая установка №2: Сепаратор газовый входной,,,,1030.0,,1,7.7. сооружения трубопроводного транспорта,,,"Ямало-Ненецкий автономный округ, муниципальный округ Тазовский район, Северо-Соленинское ГКМ",,,Площадь,Купля-продажа,,,2026-03-05,2026-03-18,1814695.9437499999,001001000000,1,,,,,,,24.0,43552702.65,,4.0,0.0
2026-01-04,89:06:030402:862,Сооружение,2023.0,Технологическая установка №2: Блок ЭС и САУ,,,,1030.0,,1,7.7. сооружения трубопроводного транспорта,,,"Ямало-Ненецкий автономный округ, муниципальный округ Тазовский район, Северо-Соленинское ГКМ",,,Площадь,Купля-продажа,,,2026-03-05,2026-03-18,1010568.6727102804,001001000000,1,,,,,,,53.5,54065423.99,,4.0,0.0
2026-01-04,89:06:030402:875,Сооружение,2023.0,Свеча рассеивания,,,,1042.0,,1,7.7. сооружения трубопроводного транспорта,,,"Ямало-Ненецкий автономный округ, муниципальный округ Тазовский район, Северо-Соленинское ГКМ",,,Площадь,Купля-продажа,,,2026-03-05,2026-03-18,890884.8392307692,001001000000,1,,,,,,,13.0,11581502.91,,4.0,0.0
2026-01-04,89:11:040101:1639,Сооружение,1995.0,"Площадка для складирования металлолома с подъездной дорогой на панели ""Ж""",,,,1031.0,,нет,Хозяйственное,,,"Ямало-Ненецкий автономный округ, г Новый Уренгой, Северная промзона",,,Площадь,Купля-продажа,,,2026-01-01,2026-03-18,360.4798708040143,001001000000,1,,,,,,,13870.4,5000000.0,,4.0,0.0
2025-04-01,89:11:020202:1875,Машино-место,2009.0,,Монолитные,,2009.0,304.0,89:11:020202:97,12,,11:0,02:061,"Ямало-Ненецкий автономный округ, г Новый Уренгой, мкр Энтузиастов, д 4, 51\мм 8",,,площадь,Купля-продажа,,,2025-02-28,2025-03-05,10050.251256281408,001001000000,1,,,,,,,19.9,200000.0,,0.0,0.0
2026-01-01,89:11:020203:3895,Машино-место,2023.0,,Из мелких бетонных блоков,,,304.0,89:11:020203:3730,11,,,,"Ямало-Ненецкий автономный округ, городской округ город Новый Уренгой, город Новый Уренгой, улица Таежная, дом 76А, машино-место 9",,,площадь,Купля-продажа,,,2025-11-27,2025-12-11,67567.56756756757,Собственность,1,,,,,,,22.2,1500000.0,,0.0,0.0
2026-01-01,89:11:020204:2277,Машино-место,2025.0,,,Паркинг,,304.0,89:11:020204:2146,1,,,,"Ямало-Ненецкий автономный округ, городской округ город Новый Уренгой, город Новый Уренгой, микрорайон Созидателей, строение 3, машино-место 98",,,площадь,Купля-продажа,,,2025-10-06,2025-12-24,62500.0,Собственность,1,,,,,,,14.4,900000.0,,0.0,0.0
2026-01-04,89:11:020101:5901,Машино-место,2025.0,,Иное,,,304.0,,11,,,,"Ямало-Ненецкий автономный округ, городской округ город Новый Уренгой, город Новый Уренгой, проспект Губкина, дом 9Б, машино-место 36",,,Площадь,Купля-продажа,,,2026-03-12,2026-03-17,125925.92592592593,001001000000,1,,,,,,,13.5,1700000.0,,0.0,0.0
2026-01-04,89:11:050303:2044,Машино-место,2015.0,,Смешанные,Подвал,,304.0,,9-9-11-13-11,,,,"Российская Федерация, Ямало-Ненецкий автономный округ, г.о. город Новый Уренгой, г Новый Уренгой, мкр Славянский, Дом 2/1, Машино-место 35",,,Площадь,Купля-продажа,,,2026-03-16,2026-03-17,185112.7819548872,001001000000,1,,,,,,,13.3,2462000.0,,0.0,0.0
2026-01-04,89:11:020101:5864,Машино-место,2025.0,,Иное,,,304.0,,11,,,,"Ямало-Ненецкий автономный округ, городской округ город Новый Уренгой, город Новый Уренгой, проспект Губкина, дом 9Б, машино-место 2",,,Площадь,Купля-продажа,,,2026-03-14,2026-03-25,187969.92481203008,001001000000,1,,,,,,,13.3,2500000.0,,0.0,0.0
2026-01-04,89:11:020304:2513,Машино-место,2007.0,,Бетонные,,,304.0,,8,,,,"Ямало-Ненецкий автономный округ, г Новый Уренгой, ул Юбилейная, д 5",,,Площадь,Купля-продажа,,,2026-03-10,2026-03-25,54166.66666666667,001001000000,1,,,,,,,19.2,1040000.0,,0.0,0.0
2025-04-01,89:04:020707:963,Объект незавершенного строительства,2015.0,,,,,1048.0,,,1.5. Cооружения добывающей промышленности,5:2,06:012,"Ямало-Ненецкий автономный округ, Пуровский район, Северо-Комсомольское месторождение",,,протяженность,Купля-продажа,89:04:020707:486;89:04:020707:573;89:04:020707:241,,2024-12-24,2025-01-09,335203.9785768936,001001000000,1,,,,,,,1307.0,438111600.0,,0.0,0.0
2025-04-01,89:04:020707:960,Объект незавершенного строительства,2015.0,,,,,1007.0,,,1.5. Cооружения добывающей промышленности,5:2,06:011,"Ямало-Ненецкий автономный округ, Пуровский район, Северо-Комсомольское месторождение",,,объем,Купля-продажа,89:04:020707:486,,2024-12-24,2025-01-09,1556322.3874021375,001001000000,1,,,,,,46910.0,14.0,438111600.0,Выброс,0.0,0.0
2025-04-01,89:04:020707:957,Объект незавершенного строительства,2015.0,,,,,1016.0,,,1.5. Cооружения добывающей промышленности,5:2,06:011,"Ямало-Ненецкий автономный округ, Пуровский район, Северо-Комсомольское месторождение",,,протяженность,Купля-продажа,89:04:020707:486,,2024-12-24,2025-01-09,1556322.3874021375,001001000000,1,,,,,,46910.0,100.0,438111600.0,Выброс,0.0,0.0
2025-04-01,89:04:020707:962,Объект незавершенного строительства,2015.0,,,,,1017.0,,,1.5. Cооружения добывающей промышленности,5:2,06:012,"Ямало-Ненецкий автономный округ, р-н Пуровский, Северо-Комсомольское месторождение",,,протяженность,Купля-продажа,89:04:020707:241;89:04:020707:486;89:04:020707:573,,2024-12-24,2025-01-09,1556322.3874021375,001001000000,1,,,,,,,167.0,438111600.0,Выброс,0.0,0.0
2025-04-01,89:04:020707:961,Объект незавершенного строительства,2015.0,,,,,1007.0,,,1.5. Cооружения добывающей промышленности,5:2,06:011,"Ямало-Ненецкий автономный округ, Пуровский район, Северо-Комсомольское месторождение",,,объем,Купля-продажа,89:04:020707:486,,2024-12-24,2025-01-09,625873.7142857143,001001000000,1,,,,,,46910.0,700.0,438111600.0,,0.0,0.0
2025-04-01,89:04:020707:959,Объект незавершенного строительства,2015.0,,,,,1007.0,,,1.5. Cооружения добывающей промышленности,5:2,06:011,"Ямало-Ненецкий автономный округ, Пуровский район, Северо-Комсомольское месторождение",,,объем,Купля-продажа,89:04:020707:486,,2024-12-24,2025-01-09,625873.7142857143,001001000000,1,,,,,,46910.0,700.0,438111600.0,,0.0,0.0
2025-04-01,89:11:080201:12647,Объект незавершенного строительства,2015.0,,,,,723.0,,,Склад,11:0:2,06:090,"Ямало-Ненецкий автономный округ, городской округ город Новый Уренгой, район Коротчаево",,,площадь застройки,Купля-продажа,89:11:080201:11969,,2025-02-04,2025-02-05,2777.777777777778,001001000000,1,,,,,,2325.0,36.0,100000.0,,0.0,0.0
2025-04-01,89:01:010806:1382,Объект незавершенного строительства,2015.0,,,,,202.0,,,,1:0,02:011,"Ямало-Ненецкий автономный округ, муниципальный округ Шурышкарский район, село Мужи, улица Набережная, дом  38а",,,площадь застройки,Купля-продажа,89:01:010806:1284,,2025-03-12,2025-03-14,32500.0,001001000000,1,,,,,,1307.0,80.0,2600000.0,,0.0,0.0
2025-08-01,89:11:040101:1672,Объект незавершенного строительства,2015.0,,,,,1022.0,,,7.1. сооружения железнодорожного транспорта,,,"Ямало-Ненецкий автономный округ, г Новый Уренгой, Северная промзона, панель А",,,протяженность,Купля-продажа,89:11:060201:1037; 89:11:060201:95; 89:11:060201:106; 89:11:060201:1390,,2025-04-14,2025-05-06,160427.807486631,001001000000,1,,,,,,,935.0,150000000.0,,0.0,0.0
2025-11-01,89:12:110605:600,Объект незавершенного строительства,2015.0,,,,,825.0,,,Нежилое здание,,,"Ямало-Ненецкий автономный округ, городской округ город Ноябрьск, город Ноябрьск, улица 60 лет СССР",,,площадь,Купля-продажа,89:12:110605:580,,2025-06-27,2025-09-01,2601.9832894850965,001001000000,1,,,,,,,3458.9,9000000.0,,0.0,0.0
2025-11-01,89:08:030301:853,Объект незавершенного строительства,2015.0,,,,,723.0,,,Нежилое здание,,,"Ямало-Ненецкий автономный округ, г Салехард, ул Объездная, д 11б",,,площадь,Купля-продажа,89:08:030301:153,,2025-05-20,2025-09-03,5574.5988747655765,001001000000,1,,,,,,,959.8,5350500.0,,0.0,0.0
2026-01-01,89:11:020205:2862,Объект незавершенного строительства,2015.0,,,,,202.0,,,Объект индивидуального жилищного строительства,,,"Ямало-Ненецкий автономный округ, городской округ город Новый Уренгой, город Новый Уренгой,микрорайон Заозерный",,,площадь застройки,Купля-продажа,89:11:020205:2849,,2025-10-02,2025-10-06,6140.9,Собственность,1,,,,,,,72.0,442144.8,,0.0,0.0
2026-01-04,89:08:040101:135,Объект незавершенного строительства,2015.0,,,,,723.0,,,Склад,,,"Ямало-Ненецкий автономный округ, г Салехард",,,Площадь,Купля-продажа,,,2026-03-17,2026-03-20,5510.2040816326535,001001000000,1,,,,,,,24.5,135000.0,,0.0,0.0
